tenure_months,contract_type,monthly_charges,online_security,tech_support,payment_method,paperless_billing,senior_citizen,age,gender,internet_service,online_backup,device_protection,streaming_tv,streaming_movies,total_charges,support_tickets,complaint_count,usage_hours_per_month,email_opens_rate,nps_score,days_since_last_interaction,churn,satisfaction,customer_lifetime_value
7,Month-to-month,63.09507882359643,0,0,Mailed check,1,0,53,Female,No,0,0,1,1,441.665551765175,1,1,23.122538050644053,43.99637095343974,18,11,0,2,1256.2228368203741
5,Month-to-month,52.06148345458584,0,0,Mailed check,1,0,24,Female,No,0,0,0,1,260.30741727292923,2,1,281.11073448826465,55.746502414394335,-1,12,0,2,896.4220967959991
7,One year,60.30075012397216,0,1,Mailed check,1,0,60,Male,No,1,0,0,0,422.1052508678051,4,0,82.10878783456295,63.10562449418916,77,21,1,2,2135.4591565944825
41,Two year,80.68957526857328,1,1,Bank transfer,1,0,62,Female,No,1,0,0,0,3308.2725860115042,4,0,163.06323225303638,67.41588131621613,31,22,0,2,2525.435176710966
52,Two year,81.95354626880234,1,1,Credit card,1,1,74,Female,No,0,0,1,0,4261.584405977722,0,0,32.11261304648092,67.02272219993313,35,13,0,2,3725.264226169995
44,Two year,74.97187068559171,1,1,Bank transfer,1,0,45,Male,Fiber optic,0,0,1,1,3298.762310166035,4,1,5.523779070146748,45.93773068867627,51,40,0,1,3665.2400828806003
52,Two year,88.11773763914707,1,1,Credit card,1,1,65,Female,No,0,1,0,1,4582.1223572356475,0,1,40.71430479975516,63.882111134863386,1,21,0,1,3494.2657318824163
10,Month-to-month,42.754361121069905,0,0,Electronic check,1,0,56,Male,Fiber optic,0,0,0,0,427.54361121069905,2,0,12.819268177807674,51.880092345703474,61,6,0,2,2253.489217467836
3,Month-to-month,56.71102049656237,1,1,Electronic check,1,1,69,Female,Fiber optic,1,1,0,0,170.13306148968712,1,0,22.11285733515364,76.96860954820286,26,2,0,2,1477.9848664465867
7,Month-to-month,43.42500380987477,1,0,Mailed check,1,0,37,Female,Fiber optic,0,1,0,0,303.9750266691234,4,0,2.8491411804344544,47.25612319630722,45,26,1,2,1676.2257694929729
10,Month-to-month,50.37026358056744,1,0,Mailed check,0,0,62,Male,No,1,0,1,0,503.7026358056744,5,0,45.613394158891,44.043520760266176,2,50,0,2,977.1994722560341
37,Two year,66.1193520331425,1,1,Bank transfer,1,0,52,Male,Fiber optic,0,0,0,1,2446.4160252262727,0,0,31.94152471578149,67.30376015840899,69,1,0,2,2898.4536079225295
53,Two year,63.288282548471265,1,1,Bank transfer,1,0,19,Female,Fiber optic,0,0,0,1,3354.278975068977,3,0,46.74629655913769,64.34172793021216,37,1,0,2,3126.8430130137767
49,Two year,75.1610850487639,1,1,Bank transfer,1,0,57,Female,DSL,0,0,1,0,3682.893167389431,2,0,7.8396682956310055,40.66356686563286,52,3,0,2,3415.612670948593
20,Month-to-month,103.44758208803125,0,0,Electronic check,1,0,55,Female,Fiber optic,0,0,1,0,2068.951641760625,13,3,0.10229569234880573,17.07044610587117,-27,13,1,1,2218.4235159110904
18,Month-to-month,82.6418101537395,0,0,Electronic check,1,0,27,Male,DSL,1,0,1,0,1487.552582767311,11,1,28.88489565376343,9.550843747356334,-38,33,1,1,1265.4895116537662
71,Two year,65.43156188255749,1,1,Bank transfer,1,1,68,Female,Fiber optic,0,0,0,0,4645.640893661582,3,0,56.39558904972094,62.322580785824925,7,12,0,2,3513.444255509069
12,Month-to-month,102.83970023150158,0,0,Electronic check,1,0,54,Female,Fiber optic,0,0,1,0,1234.076402778019,5,3,11.033678543723436,21.587397200214216,-27,127,1,0,3337.4300030115164
9,One year,36.912278281702854,1,0,Electronic check,1,0,52,Female,DSL,1,0,0,0,332.2105045353257,0,0,67.78317923016618,61.34104679302208,11,1,1,2,1859.794766655532
52,Two year,74.81587945101226,1,1,Bank transfer,1,0,64,Female,Fiber optic,1,0,0,0,3890.4257314526376,1,1,12.083847056878518,43.09436007851402,100,16,0,2,4583.222454963619
64,Two year,87.05705449353569,1,1,Credit card,1,0,57,Female,DSL,0,0,0,1,5571.651487586284,4,1,7.497653874018814,64.98297442031513,35,0,0,2,3748.871038850384
10,Month-to-month,105.81655136283476,0,0,Electronic check,1,0,59,Female,No,1,0,1,0,1058.1655136283475,6,2,9.85902206859588,14.75563284236047,16,46,1,1,2796.514432314686
60,Two year,91.29553317840349,1,1,Credit card,1,0,47,Male,Fiber optic,1,1,1,0,5477.731990704209,1,0,25.94978576313241,43.53946056037617,21,2,0,2,3363.552948318851
48,Two year,85.24682583826825,1,1,Bank transfer,1,0,26,Female,DSL,0,0,0,0,4091.847640236876,3,1,10.86986398896126,78.41829655596825,-2,62,0,1,3325.292677122269
14,One year,53.368538162827484,1,1,Credit card,1,0,34,Female,DSL,1,0,0,1,747.1595342795848,6,0,12.773261110387793,67.18892993810098,-7,15,0,2,1281.2717991691545
63,Two year,66.54735205861206,1,1,Bank transfer,1,0,46,Female,DSL,1,0,1,1,4192.48317969256,2,0,42.01236273382845,73.3499178709499,-8,0,0,2,3009.8222916022305
18,One year,71.82574473297254,1,1,Credit card,0,0,47,Female,DSL,1,0,0,1,1292.8634051935057,2,0,103.5973012460579,65.32109573493202,17,18,0,2,1039.2605761449472
61,Two year,92.7494001629708,1,1,Credit card,1,1,67,Male,No,0,1,0,1,5657.713409941219,1,0,18.742753929131986,60.39701400686711,60,0,0,2,4345.677119649617
19,One year,57.38047982394846,0,0,Bank transfer,0,1,77,Female,Fiber optic,1,1,0,0,1090.2291166550208,1,0,10.145572883154163,45.408029785795286,57,21,0,2,2297.9069481917345
42,Two year,65.00934281731308,1,1,Bank transfer,1,0,58,Female,Fiber optic,0,0,0,0,2730.3923983271493,3,0,36.96371081628171,73.22002180188146,18,3,0,2,2364.021843753918
7,Month-to-month,43.862920817459305,0,0,Mailed check,1,0,44,Male,Fiber optic,1,0,0,1,307.0404457222151,2,0,7.5960157674442295,48.53839992435536,53,1,0,2,1476.9626200299729
38,Two year,76.191937163408,1,1,Bank transfer,1,0,57,Female,No,0,0,1,1,2895.293612209504,1,0,3.460565988930324,63.83729723029181,-6,85,0,1,2611.0848113976317
31,One year,62.02764746894968,0,0,Mailed check,0,0,46,Female,Fiber optic,1,1,0,1,1922.85707153744,1,1,101.94584303129707,40.43102835664901,30,21,0,2,2317.6102831626213
12,Two year,88.89314841241574,0,0,Mailed check,1,0,53,Female,DSL,0,0,0,0,1066.717780948989,2,2,23.756854135505726,56.40932123513018,-36,14,1,1,1732.5732104642661
7,Month-to-month,46.84238507235764,0,0,Mailed check,0,0,33,Female,Fiber optic,0,0,1,1,327.8966955065035,2,1,67.57947731850626,63.737430080189355,83,43,0,2,2224.2909088879123
5,One year,30.533506350308137,0,0,Electronic check,1,0,30,Female,Fiber optic,1,1,0,0,152.66753175154068,2,0,8.374389417353749,43.97216976140583,12,17,1,2,1087.9879007827262
18,Month-to-month,74.18317050255916,0,0,Electronic check,1,0,19,Male,DSL,1,0,0,0,1335.297069046065,11,4,54.76844451076037,12.461907915450064,-47,98,1,1,1728.543126421339
15,Two year,86.44678338060085,1,0,Bank transfer,0,0,64,Male,Fiber optic,0,1,0,0,1296.7017507090127,4,0,42.40671810238853,74.78194225554506,9,10,0,2,1273.8030774886156
15,One year,59.073883820042255,1,0,Bank transfer,0,0,44,Male,DSL,1,0,0,1,886.1082573006338,1,2,109.09428396514397,52.13328274260849,92,12,0,2,2500.537919381564
2,Month-to-month,60.28496202299378,0,0,Mailed check,1,0,32,Female,Fiber optic,1,1,0,1,120.56992404598756,2,0,1.749974116790674,60.76135877476169,44,26,0,2,1088.8400726655448
18,Month-to-month,117.07128359089398,0,0,Electronic check,1,0,49,Male,Fiber optic,0,0,1,0,2107.2831046360916,8,8,149.00422194599315,24.21803339349968,-16,1,1,1,2244.619716293653
21,One year,78.40416378371324,1,1,Bank transfer,1,0,59,Male,DSL,1,1,1,0,1646.487439457978,2,1,105.65823466862433,46.092264328903035,-3,18,0,2,1761.578787805079
44,Two year,76.52124698590788,1,1,Bank transfer,1,0,52,Female,No,1,0,0,1,3366.934867379947,2,0,14.541010260521054,70.50605509872449,49,34,0,2,2777.260987766406
61,Two year,77.85474586050341,1,1,Credit card,1,0,43,Female,No,0,0,1,1,4749.139497490708,2,2,17.84690005411509,54.68407364624473,96,4,0,2,4781.048414827081
65,Two year,74.41511279721391,1,1,Bank transfer,1,0,48,Female,Fiber optic,0,1,0,0,4836.982331818904,0,0,23.045765559677463,55.14047863133077,99,31,0,2,4638.898099994009
34,Two year,88.47887479096283,0,1,Bank transfer,1,0,62,Male,DSL,1,0,0,0,3008.2817428927365,5,0,28.864748728771925,64.20491684346933,-5,10,0,2,1934.3906165721658
12,Two year,51.46912755623662,1,1,Bank transfer,1,0,44,Male,Fiber optic,0,1,0,1,617.6295306748394,4,1,141.15805014679702,47.47056315804525,29,3,0,2,1661.196576864168
12,One year,74.15581200579089,1,0,Mailed check,1,0,63,Male,DSL,0,0,0,1,889.8697440694907,3,0,117.42395830542611,70.6992086677845,-6,40,0,2,1738.3420654309243
8,Month-to-month,101.14146184805898,0,0,Electronic check,1,0,52,Male,No,0,1,0,0,809.1316947844718,8,2,26.659782056137175,6.706918326059304,-52,53,1,1,1762.8878430471577
9,One year,59.486451803823286,1,0,Electronic check,1,0,34,Male,DSL,0,0,1,0,535.3780662344095,0,1,84.28905556690636,65.68365764648634,38,2,0,2,1690.7828641674282
21,Two year,59.5510003327824,0,0,Credit card,0,1,78,Male,DSL,1,0,1,1,1250.5710069884303,4,3,149.64553026878684,60.25415583696805,100,12,1,2,3301.1731404187594
20,One year,71.46483611419833,0,0,Bank transfer,1,1,79,Male,Fiber optic,0,0,0,0,1429.2967222839666,0,0,48.932620161501475,76.68093569408117,56,0,0,2,2523.9979156678714
10,Month-to-month,56.00801115121978,0,1,Mailed check,1,0,52,Female,No,0,0,1,0,560.0801115121978,1,0,81.19387203796627,77.76376701281885,8,10,0,2,1853.5258029981867
8,Month-to-month,75.00716438691755,0,0,Electronic check,1,1,74,Female,Fiber optic,0,0,0,1,600.0573150953404,5,1,30.13740228441218,7.261236530802521,-4,51,1,1,2082.8942104715893
52,Two year,90.18484886394367,1,1,Credit card,1,0,28,Male,Fiber optic,0,0,1,1,4689.612140925071,3,1,39.50590501708226,70.57130233373813,22,5,0,2,3606.8122274644234
17,Month-to-month,81.65736518090432,0,0,Electronic check,1,1,65,Female,No,1,1,0,0,1388.1752080753736,7,2,5.018525583907988,23.16974326905003,-15,57,1,1,1964.8433584040945
47,Two year,93.07259895185676,1,1,Bank transfer,1,0,24,Male,DSL,1,0,0,1,4374.412150737267,2,1,163.51459356539712,61.82945299331479,41,8,0,2,3491.258498539462
59,Two year,89.8750286454329,1,1,Credit card,1,0,28,Male,No,0,1,0,0,5302.626690080541,1,0,24.748764215114782,78.63754569084846,78,57,0,1,5359.285476133359
2,One year,78.53340138969352,0,0,Electronic check,1,0,25,Female,Fiber optic,0,0,0,0,157.06680277938705,4,1,35.61324103938596,76.88898528249214,44,8,1,2,1548.6152991595084
9,Month-to-month,46.88739983674236,0,0,Mailed check,0,0,49,Female,DSL,0,0,1,0,421.98659853068125,1,0,35.24415086461934,65.39269980600625,13,1,1,2,967.8680259814092
5,Month-to-month,50.411875967314934,0,0,Mailed check,1,0,23,Male,DSL,1,0,1,0,252.05937983657466,3,1,89.33391807632316,64.98942834350744,26,47,0,2,1460.3618948844548
29,Two year,68.65026964469493,1,0,Bank transfer,1,0,47,Female,Fiber optic,1,0,0,0,1990.857819696153,1,0,8.292462908120868,65.39017289861759,23,11,0,2,2715.3119622375707
35,One year,81.00571056181354,1,1,Bank transfer,0,0,20,Male,Fiber optic,0,0,0,1,2835.199869663474,1,0,57.454935109736844,40.307397926294456,49,3,0,2,2934.0154641624194
23,Two year,71.731734414843,0,0,Bank transfer,0,0,23,Male,No,1,1,1,0,1649.829891541389,2,0,31.438045272150383,79.36917912826131,100,4,0,2,3337.5047391479407
63,Two year,91.04000828141719,1,1,Credit card,1,0,42,Male,No,0,0,1,0,5735.520521729282,3,1,8.364768947703107,77.19725187713887,44,59,0,1,4307.52688228818
9,One year,37.81657191964193,0,0,Mailed check,0,0,18,Male,No,0,0,0,0,340.3491472767774,3,1,54.19122905913634,41.652703157235365,11,46,0,1,1578.443429186566
6,Month-to-month,107.56536478260882,0,0,Electronic check,1,0,24,Female,Fiber optic,1,0,0,1,645.392188695653,5,3,1.5925473710158224,20.898881892416625,-56,170,1,0,2458.109513326072
11,Month-to-month,60.15069316822941,0,1,Electronic check,0,0,59,Male,DSL,0,0,1,0,661.6576248505235,0,0,8.958541915488379,61.068516342211154,49,0,0,2,1967.826950427225
19,Month-to-month,116.4066093007722,0,0,Electronic check,1,0,18,Male,No,1,1,0,1,2211.7255767146717,8,6,20.52980970834298,25.937889819815414,66,59,1,1,3852.47328801478
27,Two year,80.08187711223444,0,0,Mailed check,0,0,19,Male,No,1,0,0,1,2162.2106820303297,3,1,24.504501000886243,53.56534680181641,66,14,0,2,2921.200039293767
2,One year,38.235887347149045,0,0,Mailed check,0,0,53,Female,No,1,0,0,0,76.47177469429809,0,1,1.2314074538509048,62.877252469914744,67,0,0,2,1737.776469154035
63,Two year,60.69519160741918,1,1,Credit card,1,0,30,Female,Fiber optic,0,0,1,0,3823.7970712674087,1,0,21.48709945882418,73.3850329955058,35,8,0,2,3501.2418802256834
53,Two year,76.95779251653208,1,1,Bank transfer,1,1,67,Female,No,0,0,0,0,4078.7630033762002,5,0,127.52804474701215,41.1054105230675,47,15,0,2,3214.7738779516285
48,Two year,89.48720900028972,1,1,Credit card,1,0,30,Male,Fiber optic,1,0,0,0,4295.3860320139065,2,0,11.820515004204777,46.36252348770141,38,31,0,2,3138.5215084843226
54,Two year,89.99403057745866,1,1,Credit card,1,0,24,Female,Fiber optic,0,1,1,1,4859.6776511827675,1,0,205.76419960874952,51.21926381702215,-1,0,0,2,2644.560247516165
2,Month-to-month,57.179778745564604,1,0,Mailed check,1,0,47,Female,Fiber optic,0,0,0,1,114.35955749112921,4,0,44.316860527717836,78.46220566611541,86,7,0,2,2449.3451702942225
55,Two year,86.56751658021669,1,1,Bank transfer,1,0,59,Male,DSL,1,1,0,0,4761.213411911918,3,1,39.38359774476571,43.867863857658925,53,11,0,2,4000.377213723262
15,Month-to-month,96.73297833745426,0,0,Electronic check,1,0,42,Male,DSL,0,1,1,0,1450.9946750618137,7,4,11.334644606581701,11.477368006511199,-41,1,1,1,1577.199352780216
11,Month-to-month,70.84389929468914,1,1,Electronic check,1,0,57,Male,Fiber optic,0,0,0,1,779.2828922415805,1,0,44.62580915424133,60.33895130323044,50,35,0,2,2119.019009193625
18,One year,54.72787242059942,1,1,Bank transfer,1,0,49,Male,Fiber optic,0,0,0,0,985.1017035707895,3,0,281.5270298729136,62.62532641805279,30,12,0,2,2116.6322992510723
11,Month-to-month,96.36123758001979,0,0,Electronic check,1,0,34,Female,DSL,0,0,0,0,1059.9736133802178,5,4,3.511185383471613,17.293601978421293,-43,1,1,1,2340.0746882503036
13,Month-to-month,86.1056297984569,0,0,Electronic check,1,0,56,Male,DSL,1,1,0,0,1119.3731873799397,7,2,7.6502193777600125,24.82195616042771,-29,0,1,1,1530.3202841746881
35,One year,56.622127190987754,1,1,Mailed check,1,0,47,Female,Fiber optic,1,1,0,0,1981.7744516845714,2,0,74.24854732433995,64.31666426886903,-13,3,1,2,1507.9254185450563
8,Month-to-month,54.81475627503198,1,0,Electronic check,1,0,31,Female,Fiber optic,1,0,1,1,438.51805020025586,5,0,72.49206916892942,62.62459998189847,15,22,0,2,1112.6176091754235
20,Month-to-month,93.30017571765065,0,0,Electronic check,1,0,53,Male,Fiber optic,1,1,1,0,1866.0035143530129,6,2,34.84717169209999,10.918340130329069,-21,81,1,1,1748.5139502738384
65,Two year,88.9992467969621,1,1,Credit card,1,0,24,Female,Fiber optic,0,1,0,0,5784.951041802537,0,0,3.194972169244693,67.4956287524522,75,0,0,2,5123.061200866307
68,Two year,84.53892554556705,1,1,Bank transfer,1,0,50,Male,No,0,0,1,0,5748.64693709856,1,0,57.46782283078391,40.388662566353496,34,0,0,2,3785.7048738941407
38,Two year,71.30982758315048,1,1,Credit card,1,0,28,Female,Fiber optic,0,0,0,1,2709.773448159718,1,0,42.35600948344051,60.28121581199574,-36,19,0,2,1973.4915492037148
24,Two year,72.67719808718738,0,1,Credit card,0,0,49,Male,DSL,0,0,1,0,1744.252754092497,1,1,113.26928957252133,77.2415280737661,100,5,0,2,3585.828694859122
29,One year,50.86359644570702,1,1,Bank transfer,1,0,46,Female,DSL,0,1,0,0,1475.0442969255034,2,0,64.18984972357806,40.20162712037382,40,38,0,2,2303.3911153790696
22,One year,53.923774649639256,1,0,Bank transfer,1,1,74,Female,Fiber optic,0,0,1,0,1186.3230422920637,1,0,53.07140151469119,73.81798172127434,-9,18,0,2,941.2355170635583
46,Two year,93.22137825619359,1,1,Bank transfer,1,0,52,Female,Fiber optic,1,0,1,1,4288.183399784905,1,0,93.45338706302152,56.740559237255965,30,42,0,2,2756.302447363752
68,Two year,98.05914238663965,1,1,Bank transfer,1,0,46,Female,Fiber optic,1,0,0,0,6668.021682291496,0,1,179.87452306511204,57.830353757430764,85,55,0,2,4928.83700158741
69,Two year,65.18402604781768,1,1,Credit card,1,0,34,Female,Fiber optic,0,0,0,0,4497.69779729942,1,1,172.9273157889449,53.270414983046166,4,30,0,2,3157.1736266194807
38,Two year,63.800467959692185,1,1,Bank transfer,1,0,19,Male,No,0,0,0,0,2424.417782468303,0,1,3.9765623479114636,47.58486606444866,55,1,0,2,3449.4795683847506
17,One year,55.74589460288478,0,1,Bank transfer,0,0,43,Male,DSL,1,1,0,1,947.6802082490412,0,0,48.92356733054121,40.707128302292965,19,0,0,2,2301.458739222071
14,Month-to-month,73.95723341391047,0,0,Electronic check,1,0,56,Female,DSL,0,0,0,0,1035.4012677947467,7,4,0.43125357036924933,10.28479115171282,-18,26,1,1,1586.7138585537657
7,Month-to-month,96.0186108220484,0,0,Electronic check,1,0,40,Male,No,0,1,0,0,672.1302757543388,9,2,11.928926564987316,16.021581538323225,-62,62,1,1,952.1243950074397
45,Two year,90.17014177375452,1,1,Bank transfer,1,0,33,Female,No,1,1,0,1,4057.6563798189536,5,0,71.41829571061058,79.48574735017871,-3,0,0,2,2748.255272547167
43,Two year,83.38682801770355,1,1,Credit card,1,0,20,Female,Fiber optic,0,0,1,0,3585.6336047612526,4,0,127.98039567083349,46.829004109071626,100,0,0,2,3855.410314359423
3,Month-to-month,66.11867538163992,0,0,Electronic check,0,0,24,Female,DSL,0,1,1,1,198.35602614491975,1,1,38.02872764127478,77.06919417329162,35,14,0,2,1389.734481118861
5,One year,63.48056282687588,0,1,Mailed check,1,0,45,Male,Fiber optic,1,1,0,1,317.4028141343794,1,0,9.897121227754463,69.48773828711975,33,29,1,2,799.5204066352496
7,Month-to-month,47.89205793207666,1,0,Mailed check,1,0,55,Male,Fiber optic,1,0,0,0,335.2444055245366,2,2,1.0251169685537092,53.383887411997115,63,12,1,2,1767.0501385095224
34,One year,58.481734487718384,1,1,Bank transfer,1,1,75,Female,No,0,0,1,0,1988.3789725824251,0,0,200.09870378102323,65.96582400642374,62,69,0,2,3483.6029661759812
70,Two year,74.19365441027561,1,1,Bank transfer,1,0,39,Male,DSL,0,0,0,1,5193.555808719293,3,1,144.90405605028226,66.49626986979797,17,6,0,2,3745.5641727350585
62,Two year,60.632843670623295,1,1,Credit card,1,0,20,Female,Fiber optic,1,1,0,0,3759.2363075786443,2,0,6.945084356541466,72.06349775431505,61,2,0,2,4434.153893355099
42,Two year,70.50702570394607,1,1,Credit card,1,0,63,Female,No,1,0,1,1,2961.295079565735,1,0,3.548349626448518,54.555483225606665,-24,13,0,1,3270.4210356189233
41,Two year,92.93237719282871,1,1,Credit card,1,1,79,Female,Fiber optic,0,0,0,0,3810.2274649059773,0,1,92.94749596517697,68.36791606429988,89,4,0,2,3515.9962472628254
25,One year,72.74328722759991,0,0,Mailed check,1,0,58,Male,No,0,0,0,1,1818.5821806899976,0,0,40.51725919995727,67.46882240067046,33,5,0,2,2448.608286635966
46,Two year,63.99467284544713,1,1,Bank transfer,1,0,41,Female,Fiber optic,0,0,0,0,2943.7549508905677,3,0,90.72520053799671,49.59016453629579,27,12,0,2,2833.2189718067216
43,Two year,81.09060723661025,1,1,Credit card,1,0,44,Male,Fiber optic,0,0,1,1,3486.896111174241,5,3,2.7888733351920987,65.01320605058365,42,12,0,1,3929.579551945374
44,Two year,63.52806815159483,1,1,Credit card,1,1,71,Male,Fiber optic,1,0,1,0,2795.2349986701724,6,0,44.07751994667918,47.02574677985047,13,25,0,2,2742.3010251508285
28,One year,74.28231970022762,0,1,Bank transfer,1,0,58,Female,Fiber optic,0,0,0,1,2079.9049516063733,6,0,86.93437161850896,52.247793377212574,14,3,0,2,2225.6274973500986
66,Two year,75.62913462454453,1,1,Credit card,1,0,37,Female,DSL,0,1,1,1,4991.522885219939,2,1,100.04497324173084,54.05029702649156,43,7,0,2,3780.4856421718855
8,One year,61.58874218263777,0,0,Electronic check,1,0,48,Male,Fiber optic,0,0,1,0,492.7099374611022,4,1,33.17702254699545,52.110592797049264,89,5,0,2,2356.036353714867
10,Month-to-month,98.8229928229617,0,0,Electronic check,1,1,73,Male,Fiber optic,1,0,0,0,988.2299282296169,5,2,5.0455474917640855,12.408118171534053,-18,39,1,1,1901.499800098903
5,One year,32.766619358167304,1,1,Mailed check,1,1,77,Female,DSL,0,0,0,0,163.83309679083652,3,1,49.33558660042659,49.05948819153152,52,49,1,2,1855.446242290914
5,One year,50.673288335508005,0,0,Mailed check,1,0,33,Male,DSL,0,0,0,0,253.36644167754002,2,0,132.832702411308,71.37969407792701,50,35,0,2,2219.584091565934
38,Two year,62.33818456434216,1,1,Credit card,1,0,37,Male,Fiber optic,1,1,1,0,2368.851013445002,2,0,85.81811237803846,54.95538064889287,38,1,0,2,2685.909692324444
7,Month-to-month,32.60229193780657,0,1,Mailed check,1,0,18,Male,DSL,0,0,0,0,228.216043564646,2,0,40.0155743494405,79.25429334881352,54,15,0,2,1251.2133471703005
36,Two year,85.67439835421422,1,1,Bank transfer,1,0,32,Female,DSL,0,0,0,1,3084.2783407517118,0,0,121.8051711028834,78.31080195864392,47,3,0,2,3056.9783307206826
69,Two year,60.2684156121624,1,1,Credit card,1,0,60,Female,No,1,0,0,1,4158.520677239206,4,0,10.641288205630307,50.725282990794305,62,20,0,2,3895.67054904929
18,One year,62.41320028538252,1,1,Bank transfer,1,0,46,Female,DSL,0,1,0,0,1123.4376051368854,2,0,3.7086206882295722,43.95671894531326,41,10,0,2,1906.942333298499
70,Two year,91.7362903259135,1,1,Credit card,1,1,76,Female,No,0,0,1,0,6421.540322813945,0,0,33.373463229899,62.69048266948195,15,0,0,2,3700.0412092644797
11,Month-to-month,60.886346203089715,0,0,Electronic check,1,0,29,Female,DSL,1,0,0,1,669.7498082339869,2,0,10.997428297376183,44.24150622654844,52,9,0,2,1662.0556549571636
12,One year,61.7364364007758,0,0,Credit card,1,0,30,Male,No,1,0,0,1,740.8372368093096,0,0,6.653446041006153,42.73545112232049,18,7,1,2,1935.1745994773148
6,Month-to-month,71.57869629552263,1,0,Mailed check,1,0,37,Male,Fiber optic,1,0,1,1,429.4721777731358,2,1,56.16645164017695,58.301674522778335,58,0,0,2,2193.263731474483
34,Two year,70.11735748332995,0,0,Bank transfer,1,1,79,Male,Fiber optic,1,0,1,0,2383.9901544332183,2,0,84.05346435852077,65.27239449442914,24,7,0,2,1888.8569813184324
9,Month-to-month,81.8163008804729,0,0,Electronic check,1,0,18,Male,Fiber optic,0,1,0,0,736.3467079242561,6,5,4.135047351329867,8.495420465514146,-39,13,0,0,2433.5209174546576
12,Month-to-month,114.89155398007097,0,0,Electronic check,1,0,45,Female,Fiber optic,0,1,1,1,1378.6986477608516,4,3,46.981470997069096,10.497220317819298,31,20,1,1,3242.0136978001083
29,One year,68.19319089754599,1,0,Bank transfer,0,0,29,Male,DSL,0,1,1,1,1977.6025360288336,2,0,53.5434094141162,74.57415946783176,86,7,0,2,3014.4184094130233
17,Month-to-month,89.75202678407493,0,0,Electronic check,1,0,41,Female,DSL,0,1,0,0,1525.784455329274,8,2,2.3606228738027064,8.291086152267017,-20,237,1,0,2821.3128898413343
5,Month-to-month,31.671326654661083,0,1,Mailed check,0,0,29,Male,DSL,0,0,1,1,158.35663327330542,1,1,97.96698032127313,46.352871769208896,72,1,0,2,1363.283873705651
59,Two year,95.17020459385539,1,1,Credit card,1,0,57,Female,Fiber optic,1,0,0,0,5615.042071037468,2,0,1.4429393667049624,74.93369548696582,60,9,0,2,3543.08647312475
16,Two year,80.80157262728493,1,1,Bank transfer,1,0,46,Female,Fiber optic,0,0,1,0,1292.8251620365588,1,0,7.464113729200274,51.435451795848095,40,19,0,2,2163.364536757629
24,Two year,79.36461204257677,1,0,Mailed check,1,0,31,Female,Fiber optic,0,0,0,0,1904.7506890218424,0,1,65.55114822440113,55.298610074818555,27,40,0,2,1890.3808398391022
31,Two year,85.87852486842468,1,0,Bank transfer,1,0,59,Female,Fiber optic,0,0,1,0,2662.234270921165,3,1,56.49294274101483,78.2551261265462,17,8,0,2,1782.6657494287892
15,Month-to-month,88.30066959200755,0,0,Electronic check,1,0,54,Female,DSL,0,0,0,0,1324.5100438801132,6,1,10.76907277418817,23.57013887177713,14,87,1,1,2603.2820751502964
45,Two year,71.3824920705159,1,1,Credit card,1,1,77,Male,Fiber optic,0,0,0,0,3212.2121431732153,2,0,33.406469761890136,79.58596123606625,37,10,0,2,3254.9208393977997
64,Two year,79.167329177744,1,1,Bank transfer,1,0,64,Male,No,1,0,1,1,5066.709067375616,2,1,57.39222753537266,42.151513900223634,1,0,0,2,3824.0350805643375
6,Month-to-month,78.63203203901456,0,0,Electronic check,1,0,20,Male,Fiber optic,1,0,1,1,471.79219223408734,8,4,13.7449844788235,21.31810154730403,-63,18,1,1,1349.334582313916
23,Two year,86.48543607692733,1,1,Credit card,0,0,51,Female,Fiber optic,0,1,0,1,1989.1650297693286,2,0,46.92144377073391,68.91784225220664,40,3,0,2,3005.3093132715976
31,Two year,82.23779554856613,0,1,Mailed check,0,1,74,Female,DSL,1,0,0,1,2549.3716620055498,1,0,15.436210638363503,54.06930887469793,22,5,0,2,2208.602796579431
16,Two year,84.86388603806245,0,0,Credit card,0,0,48,Male,DSL,0,1,1,0,1357.8221766089991,1,1,44.329088909748016,43.24864899613199,11,7,0,2,1861.054276105854
33,One year,59.906003938984185,1,0,Mailed check,1,0,41,Male,Fiber optic,0,1,1,0,1976.8981299864781,1,0,51.75518357068263,40.112399485010776,32,8,0,2,2076.9112834176967
14,Month-to-month,97.32508569489416,0,0,Electronic check,1,0,61,Male,DSL,1,1,0,0,1362.5511997285182,7,3,24.5045121151908,27.243061103291687,-25,14,1,1,1713.084656674803
13,Month-to-month,72.90755602832006,0,0,Electronic check,1,0,40,Female,DSL,0,0,0,0,947.7982283681607,10,4,43.22397164974997,27.453234238523574,-27,60,1,1,2141.8564960789554
22,Month-to-month,79.61458616155399,0,0,Electronic check,1,1,74,Female,Fiber optic,0,0,1,1,1751.5208955541877,6,4,12.920586144558182,26.501031096267038,-10,12,1,1,2294.159010137166
10,Month-to-month,102.01736731488685,0,0,Electronic check,1,1,68,Female,DSL,0,0,0,1,1020.1736731488686,15,1,37.0495219706015,11.339294148258325,-57,101,1,1,1196.848386160416
1,Month-to-month,31.458533428703724,1,0,Mailed check,0,0,47,Female,No,0,0,1,0,31.458533428703724,1,1,142.38454846127433,75.63788920715336,100,34,0,2,2151.3656244064205
68,Two year,79.8924978467589,1,1,Credit card,1,0,57,Male,Fiber optic,0,0,0,1,5432.689853579605,4,0,0.6313637510178457,47.292779881337644,66,7,0,2,4517.203330880074
19,One year,61.83404660848176,0,0,Credit card,0,0,43,Male,No,0,0,0,0,1174.8468855611536,0,0,39.55915500751972,58.97707802235351,42,26,0,2,1905.0965390503484
18,One year,72.98312986122284,1,1,Credit card,0,0,31,Male,DSL,0,1,1,0,1313.696337502011,0,0,151.03447941610835,55.45206039278716,43,1,0,2,2250.948642007269
28,One year,89.05086401748159,0,0,Credit card,1,0,42,Female,Fiber optic,1,0,0,1,2493.4241924894845,1,0,9.528379196145238,78.84861116669671,24,5,0,2,2868.5815198754726
11,One year,30.5889938143321,1,1,Electronic check,0,0,64,Male,DSL,0,0,1,1,336.4789319576531,4,0,60.79536156103142,69.17740546708825,18,16,0,2,1524.327071742711
59,Two year,80.559834712349,1,1,Bank transfer,1,0,36,Male,DSL,0,1,1,0,4753.030248028591,3,0,62.304433135405205,62.452908345254684,82,28,0,2,3833.7354335766618
13,Month-to-month,71.44963724994899,0,0,Electronic check,1,0,41,Male,DSL,0,0,0,0,928.8452842493369,12,3,2.3590085852196037,21.127000414610173,12,90,1,1,2047.0165479132588
17,Month-to-month,110.37493658283304,0,0,Electronic check,1,0,22,Male,No,1,0,0,1,1876.3739219081617,9,3,9.751760093957703,29.475816985722663,9,73,1,1,3188.0165799552688
6,Month-to-month,81.06349993129405,0,0,Electronic check,1,0,56,Female,Fiber optic,0,0,1,0,486.3809995877643,10,4,35.96506791612126,9.755816493724101,-25,38,1,1,1665.2009679891587
50,Two year,82.53755709393835,1,1,Bank transfer,1,1,65,Male,DSL,1,0,0,1,4126.877854696917,0,0,108.43990809846191,58.37795538049602,38,4,0,2,3452.4537310098044
6,Month-to-month,51.97538902237759,0,0,Mailed check,1,0,53,Female,DSL,1,0,1,1,311.85233413426556,0,0,51.684010797157825,71.43140601122072,-24,62,1,1,1360.5187693598625
10,Month-to-month,70.67024071259955,0,0,Electronic check,1,0,62,Male,Fiber optic,1,0,0,1,706.7024071259955,6,2,20.795034065923858,7.651857240838767,-46,3,1,1,1320.9270816468882
64,Two year,76.33225371037804,1,1,Bank transfer,1,0,25,Male,DSL,0,0,1,0,4885.264237464195,1,1,44.88913775883027,52.7381393023187,50,5,0,2,4219.8055792761725
61,Two year,65.2948951613989,1,1,Bank transfer,1,0,42,Male,Fiber optic,1,0,0,0,3982.9886048453327,4,1,54.3043739301814,62.94944516885897,60,47,0,2,3940.2733251945037
52,Two year,83.48246830804604,1,1,Bank transfer,1,0,39,Female,Fiber optic,1,0,0,1,4341.088352018394,1,0,392.888480917457,51.769723360187534,22,4,0,2,3166.2650738506386
20,Month-to-month,106.53811509266497,0,0,Electronic check,1,0,21,Female,No,0,0,0,0,2130.7623018532995,7,4,16.740267056056027,22.959008261805128,-8,13,1,1,2864.5740114671335
56,Two year,90.47627280529662,1,1,Bank transfer,1,0,57,Male,DSL,0,0,1,0,5066.6712770966105,0,0,25.93178871382602,63.846052203332796,85,0,0,2,4484.644098932807
4,Month-to-month,66.90753774208449,0,0,Electronic check,0,0,18,Male,DSL,0,0,0,1,267.63015096833794,0,2,16.79515084264133,58.8128295540738,16,6,1,1,1699.754756103061
20,Month-to-month,83.04155400125043,0,0,Electronic check,1,0,33,Male,Fiber optic,0,0,0,0,1660.8310800250088,8,4,6.455599214728242,25.29215563510171,-57,21,1,1,1119.4384689620742
2,One year,44.12704318312218,0,0,Electronic check,1,0,19,Male,DSL,1,1,1,0,88.25408636624437,3,0,3.747236804090271,63.32215882217848,8,5,0,2,1275.9019029096876
12,Month-to-month,119.15811449557043,0,0,Electronic check,1,0,42,Male,Fiber optic,1,1,0,0,1429.8973739468452,6,1,0.7834233368499159,25.462830953507794,-40,1,1,1,1985.1688626201217
5,One year,38.34148524751314,0,1,Mailed check,1,0,32,Female,No,0,0,1,0,191.7074262375657,5,0,1.8793746293966427,55.02249692726737,-44,8,1,1,804.9415960005016
3,One year,73.12170650705784,1,1,Electronic check,1,0,40,Male,Fiber optic,0,0,0,1,219.3651195211735,0,1,36.335453771142866,43.87543037594327,11,13,0,2,842.9905150065101
20,Month-to-month,87.8069581007484,0,0,Electronic check,1,0,24,Female,No,0,0,1,0,1756.139162014968,12,4,13.210015924130564,16.985175667878913,-35,35,1,1,1879.7227070085032
45,Two year,80.58630346294046,1,1,Bank transfer,1,0,23,Male,DSL,0,0,0,0,3626.383655832321,4,0,37.03271173447772,66.72343078090613,63,5,0,2,3382.5851246308603
18,Month-to-month,96.37180424646141,0,0,Electronic check,1,0,43,Female,DSL,0,0,1,0,1734.6924764363052,12,2,26.896538725446323,27.70254150821285,15,51,1,1,2701.03656560006
25,One year,81.52576055871644,0,0,Credit card,0,0,32,Female,Fiber optic,1,0,0,0,2038.144013967911,3,0,71.08991739753861,67.10318854366825,-2,4,1,2,2007.5293954756387
13,Month-to-month,88.1564221423036,0,0,Electronic check,1,1,69,Female,Fiber optic,0,0,1,1,1146.0334878499468,8,3,19.32831817001037,9.849489696701198,-26,8,0,1,1780.2335649464706
38,Two year,83.21900026866699,1,1,Bank transfer,1,0,26,Female,No,0,0,0,1,3162.3220102093455,2,1,32.03515434769179,56.34928493307833,25,45,0,2,3277.0052566355666
4,One year,73.57759282291238,0,1,Mailed check,1,0,35,Female,DSL,1,0,0,0,294.3103712916495,1,0,54.772798748454406,56.93289674953915,44,48,0,2,1993.5787583277743
26,Two year,73.01526814439768,0,0,Credit card,1,0,47,Male,Fiber optic,0,0,1,1,1898.3969717543396,2,1,78.81253968269944,57.960470925321346,43,9,0,2,2404.268148196909
14,Month-to-month,83.66647915623315,0,0,Electronic check,1,0,30,Male,DSL,0,0,0,1,1171.330708187264,6,3,57.12448161806451,15.939679243857464,-36,50,1,1,1719.946780804378
9,Month-to-month,33.67816771078828,0,0,Electronic check,1,0,36,Male,DSL,0,0,0,0,303.1035093970945,1,1,83.6549937830921,78.85869435273551,80,11,0,2,2024.6727624585583
38,Two year,66.24655379168696,1,1,Credit card,1,0,28,Female,Fiber optic,0,0,0,0,2517.3690440841046,2,2,26.629116513512432,63.02692454910651,-3,15,0,2,2491.3969636407223
7,Month-to-month,102.08432539873999,0,0,Electronic check,1,1,66,Female,Fiber optic,1,0,0,1,714.5902777911799,17,3,15.926520237548365,29.23900471152815,-42,173,1,0,2487.007064346727
21,Month-to-month,81.7341766442625,0,0,Electronic check,1,0,35,Female,Fiber optic,1,0,1,1,1716.4177095295126,8,2,48.62399033552958,25.648103019839105,1,317,1,0,2763.1749893926235
19,Month-to-month,91.19289470846358,0,0,Electronic check,1,1,77,Female,No,1,1,1,0,1732.664999460808,14,3,21.192179638103354,15.116697825551052,-52,91,1,1,2128.7085756095084
7,Month-to-month,86.25257618047938,0,0,Electronic check,1,0,64,Male,No,1,1,1,1,603.7680332633556,7,0,17.20332717104206,26.849138604643564,-35,9,1,2,540.4105054774241
67,Two year,66.02704430839509,1,1,Bank transfer,1,1,73,Female,DSL,1,0,0,1,4423.811968662471,3,1,95.95391841481526,66.35865393648865,2,2,0,2,3902.273562370117
7,One year,64.53113710406708,0,1,Electronic check,1,0,63,Male,Fiber optic,0,0,0,0,451.7179597284696,3,0,254.6089453177854,57.566476340094496,100,10,0,2,2738.5032061240368
71,Two year,93.11473501288691,1,1,Credit card,1,0,33,Male,No,0,0,1,1,6611.14618591497,3,0,24.844392644331393,63.86896282715255,8,4,0,2,4147.559272957275
26,One year,65.34861398001307,0,1,Mailed check,0,1,73,Female,DSL,0,0,1,0,1699.06396348034,1,0,48.88462212649821,72.48693586085773,37,1,1,2,2619.3033441397483
12,Two year,89.87947603563447,1,0,Bank transfer,0,0,34,Male,DSL,1,1,1,0,1078.5537124276136,3,0,14.680207700819606,67.72790287211383,21,8,0,2,1745.4025143082852
24,Two year,63.08712952077272,1,0,Bank transfer,0,0,42,Female,DSL,0,0,0,0,1514.0911084985453,0,0,81.73354580437012,43.51553518411415,40,2,0,2,2262.9912331898386
6,One year,67.41876247140914,0,0,Electronic check,1,0,35,Female,DSL,0,0,1,1,404.51257482845483,2,1,20.24733094591979,55.50286824663955,85,0,0,2,2137.413972420326
38,Two year,99.20435969655068,1,1,Bank transfer,1,0,49,Male,DSL,0,0,0,1,3769.765668468926,0,1,9.959197183354139,76.10175020727758,55,9,0,2,3498.67263928714
49,Two year,87.26677929606481,1,1,Bank transfer,1,1,79,Male,Fiber optic,1,0,0,0,4276.072185507176,3,0,44.00617502741841,67.4905964960998,0,7,0,2,2739.8004855080294
15,Month-to-month,105.84884505319386,0,0,Electronic check,1,0,35,Male,DSL,1,0,0,0,1587.7326757979079,5,5,107.1052657008849,15.8389218784511,16,17,1,1,2847.789542526662
19,One year,61.57878754690145,0,1,Mailed check,0,0,28,Male,DSL,0,0,0,0,1169.9969633911276,1,1,114.87359924042288,74.72904600843498,34,8,0,2,1687.6551767826318
22,One year,60.20808496062392,0,1,Mailed check,1,0,58,Male,Fiber optic,0,1,0,0,1324.5778691337264,2,1,38.86668324083002,62.016837037103684,40,2,0,2,2146.0070840196777
27,One year,66.87877522434967,0,0,Credit card,0,0,29,Female,DSL,0,0,0,0,1805.726931057441,1,1,22.73697037091532,67.2367735412001,35,8,0,2,2462.72411213108
55,Two year,74.52402946536041,1,1,Credit card,1,0,51,Female,Fiber optic,0,1,0,1,4098.821620594823,1,0,11.338006137163951,63.54622952680106,37,26,0,2,4047.427899192442
13,Month-to-month,82.89321268224225,0,0,Electronic check,1,0,47,Female,Fiber optic,0,0,0,0,1077.6117648691493,11,1,99.18209806559288,15.748826414432223,-40,264,1,0,2339.689052056633
32,Two year,88.0619245470696,0,0,Mailed check,0,0,21,Female,DSL,0,0,1,1,2817.981585506227,4,0,101.80402560150559,51.34165985335368,10,104,1,2,2259.517550679419
12,Month-to-month,83.17557253244524,0,0,Electronic check,1,0,26,Female,Fiber optic,0,1,0,1,998.1068703893429,6,5,2.6110165346434524,26.722395807974113,-11,45,1,0,2881.1738732817057
3,Month-to-month,68.46252796207933,0,0,Electronic check,1,0,22,Female,Fiber optic,0,0,1,0,205.38758388623802,2,1,5.7077217801684235,67.67996097110293,1,3,1,1,1945.2794964298996
5,One year,56.615218192408314,0,1,Electronic check,1,0,57,Male,No,0,0,1,1,283.0760909620416,5,0,6.367421278985248,57.12789511085835,10,3,1,1,1568.5925325669036
13,Month-to-month,104.74435429036402,0,0,Electronic check,1,0,39,Male,DSL,1,1,1,0,1361.6766057747323,8,2,14.445415975162334,27.60260533169206,5,5,1,1,2314.5441351497916
28,Two year,69.9090950591227,1,0,Bank transfer,1,0,44,Female,Fiber optic,0,1,0,0,1957.4546616554358,3,0,62.303304180214994,55.96821198068922,33,0,0,2,2064.9438321541434
61,Two year,62.587475740605264,1,1,Credit card,1,0,37,Male,No,1,0,0,1,3817.836020176921,4,0,167.35382330196347,64.23103742837937,38,6,0,2,3673.401563852384
19,Month-to-month,117.09106344823633,0,0,Electronic check,1,1,70,Male,Fiber optic,0,0,1,0,2224.73020551649,6,3,4.342030435737227,21.247363840016167,64,68,1,1,3711.261350942169
58,Two year,76.16958918576836,1,1,Credit card,1,0,24,Female,No,1,1,1,0,4417.836172774565,1,1,8.927077052468185,44.49571046370132,35,18,0,2,3505.599061812534
23,Month-to-month,112.72114801638091,0,0,Electronic check,1,0,64,Male,DSL,0,1,0,0,2592.586404376761,12,2,29.431196369309692,22.083999023528456,-1,43,1,1,2658.0996605775867
10,Month-to-month,73.56384940605786,0,0,Electronic check,0,0,44,Male,Fiber optic,0,1,1,1,735.6384940605785,2,0,10.304677753703368,54.533498115566985,33,5,0,2,2300.4617374060945
28,One year,74.41231126160383,0,1,Bank transfer,0,0,30,Male,Fiber optic,1,0,1,1,2083.5447153249074,1,0,19.621534242428826,48.00328547749423,81,0,0,2,3045.6504559660507
4,Month-to-month,54.741422831071006,0,1,Mailed check,0,1,67,Male,Fiber optic,1,0,1,0,218.96569132428402,3,0,5.707557994907954,67.9158893012145,7,10,0,2,1556.7106138748254
18,One year,57.60959535235196,1,0,Mailed check,1,0,56,Male,No,0,1,0,1,1036.9727163423354,0,1,4.930308146721287,54.18124146585985,76,40,0,2,2511.5540162013676
49,Two year,76.20083196321286,1,1,Bank transfer,1,0,27,Female,DSL,0,0,0,0,3733.84076619743,0,0,120.19265564559052,64.40024247881516,28,9,0,2,3638.3761855910143
18,One year,64.16522545390781,0,0,Mailed check,0,0,62,Male,Fiber optic,0,1,0,1,1154.9740581703406,1,0,119.0680650321243,49.94406365877646,-16,24,0,2,998.0332613538114
70,Two year,77.95412286698833,1,1,Credit card,1,0,64,Female,No,0,0,0,1,5456.788600689183,5,1,30.717158219200723,77.40583334717397,43,23,0,2,4173.441632444408
8,Month-to-month,64.37184304704337,0,0,Electronic check,1,0,49,Male,Fiber optic,0,0,0,0,514.974744376347,0,0,39.75540456076081,72.44478037666592,6,13,0,2,820.344689432742
46,Two year,70.21973378622418,1,1,Credit card,1,0,18,Female,Fiber optic,0,0,1,1,3230.1077541663126,2,0,70.85730325361875,62.35266062422298,50,6,0,2,3269.8948661797026
27,Two year,62.658981265514335,0,1,Mailed check,0,1,78,Female,Fiber optic,0,1,0,0,1691.792494168887,2,1,114.3031887462779,63.73259490116154,11,18,0,2,2310.1017973455714
17,Month-to-month,106.22302116257059,0,0,Electronic check,1,0,56,Female,DSL,1,0,1,1,1805.7913597637,5,4,3.372818529929702,22.421655091426196,-44,8,1,1,1781.8572140794042
7,Month-to-month,77.28873585042305,0,0,Electronic check,0,0,34,Female,Fiber optic,1,0,1,1,541.0211509529613,2,1,145.13623368322945,68.63080665929343,73,8,0,2,1917.9891734028072
19,Month-to-month,72.0259762719835,0,0,Electronic check,1,0,62,Female,Fiber optic,0,0,0,0,1368.4935491676865,6,3,8.7683789877466,19.66589614709251,-6,5,1,1,2202.4982746770556
8,One year,35.843938029546955,1,1,Mailed check,0,0,18,Female,Fiber optic,1,0,0,0,286.75150423637564,1,1,91.81351481926596,50.89463768582472,25,21,0,2,1828.0974254940406
7,One year,38.982964451495604,0,0,Electronic check,1,0,29,Female,DSL,0,0,0,1,272.88075116046923,1,0,95.71302857656863,63.891362639606555,86,10,0,2,2305.8935380084913
42,Two year,90.74399219154034,1,1,Credit card,1,0,39,Female,DSL,0,0,0,0,3811.2476720446944,3,0,13.155308883676513,60.520708844141126,0,3,0,2,2488.7055680647823
3,Month-to-month,60.47642548770318,1,1,Electronic check,1,0,36,Female,No,0,1,0,0,181.42927646310955,3,0,15.94326648658052,67.61886166045679,62,2,0,2,1530.4701519474838
38,Two year,78.88241736787992,1,1,Credit card,1,0,41,Female,No,0,0,0,0,2997.5318599794373,2,0,72.15007510945587,42.88510273759239,11,0,0,2,2414.4519729733825
34,One year,81.95850101027885,0,0,Credit card,0,0,19,Male,Fiber optic,1,1,0,0,2786.589034349481,2,0,36.943463841224954,67.43322761526817,81,2,0,2,3347.433857150704
48,Two year,66.34496578105512,1,1,Credit card,1,0,59,Female,Fiber optic,1,0,0,1,3184.558357490646,2,0,20.86594947816191,63.18498404285488,51,44,0,2,3211.8447724481625
14,Two year,65.51284354899505,1,0,Credit card,1,0,60,Female,No,0,0,1,0,917.1798096859306,2,0,104.49656657256592,49.26797773557371,35,32,0,2,2361.3928229385906
51,Two year,94.7703849860421,1,1,Bank transfer,1,0,31,Male,Fiber optic,1,0,1,0,4833.289634288148,3,1,6.7352172137755595,76.1874674714199,-16,0,0,2,3126.3646548709235
12,Month-to-month,74.32546344698737,0,0,Electronic check,1,0,18,Female,DSL,1,0,1,1,891.9055613638484,4,5,3.914424870754309,14.722351835240373,21,83,1,0,2874.282974386533
22,Month-to-month,111.82229481298064,0,0,Electronic check,1,0,20,Female,DSL,0,0,1,0,2460.0904858855743,3,2,0.5945301509605045,25.610332297669643,-37,61,1,1,2235.4440173387593
49,Two year,97.88143950954893,1,1,Credit card,1,0,60,Male,No,0,0,0,0,4796.190535967898,2,0,42.80828963854285,62.38877079645404,-6,6,0,2,2815.716556324975
15,Month-to-month,89.93144808220376,0,0,Electronic check,1,0,24,Male,Fiber optic,1,0,1,0,1348.9717212330563,6,5,16.769512437773745,29.33854654362762,-21,24,1,1,2474.7797581222203
12,One year,87.26157320630129,1,1,Credit card,1,0,63,Female,DSL,0,0,0,0,1047.1388784756155,1,1,36.42553608173563,76.34197560266405,33,10,0,2,1995.5083923584252
63,Two year,61.186728922589595,1,1,Credit card,1,0,32,Male,Fiber optic,0,1,0,0,3854.7639221231443,0,1,5.498652874918609,56.91026389557473,0,36,0,1,4130.089560586118
52,Two year,62.2454441366484,1,1,Credit card,1,1,74,Male,DSL,0,0,1,1,3236.7630951057167,2,2,150.66156424102488,43.837414986367456,9,7,0,2,2916.332184301034
13,Two year,63.685652691881565,0,1,Mailed check,0,0,42,Female,No,1,1,0,0,827.9134849944603,5,1,22.333448332149928,62.39647287802215,31,7,0,2,1864.7047997092293
23,One year,89.8362656154537,0,1,Bank transfer,1,0,61,Male,DSL,0,1,0,0,2066.234109155435,1,0,48.95602628906646,69.95195253063874,65,10,0,2,2575.4847046702607
36,Two year,90.1609213971353,1,1,Credit card,1,0,36,Male,DSL,0,0,1,0,3245.793170296871,2,0,50.662950541050584,59.68325636999728,30,3,0,2,2397.3482622350753
6,Month-to-month,71.03207801772393,0,0,Electronic check,1,0,60,Male,No,0,1,1,0,426.1924681063436,3,1,15.993954788970017,41.1485578452909,61,6,0,2,1596.277329024937
2,One year,42.23999365008629,1,1,Electronic check,1,0,26,Male,DSL,1,0,0,1,84.47998730017258,0,0,37.78073893436429,49.73682716581182,32,14,0,2,801.5696050922589
46,Two year,87.60386232951373,1,1,Bank transfer,1,0,46,Female,DSL,1,1,0,1,4029.7776671576316,2,1,36.91325981879794,59.156266072461676,31,5,0,2,3041.6620268993142
2,Month-to-month,32.81909269266158,0,0,Mailed check,0,0,49,Male,Fiber optic,0,1,0,0,65.63818538532315,3,0,0.8825188882677167,74.52119071999529,14,2,1,2,1168.8887475569807
17,One year,78.96912949227345,1,1,Bank transfer,1,0,22,Female,Fiber optic,0,0,1,0,1342.4752013686486,4,1,6.8125775177090535,45.93848420889795,18,1,0,2,1616.1323911247096
14,Two year,73.96286041340963,1,0,Credit card,0,0,50,Female,No,0,0,1,1,1035.4800457877348,6,0,94.09881420412614,48.510447715316786,35,19,0,2,2144.8285817413007
22,One year,80.99238883369014,1,0,Credit card,0,0,61,Female,DSL,0,0,0,0,1781.8325543411831,2,0,0.4890613369894389,47.167219887032786,54,52,0,2,2287.238298844753
4,One year,51.19040925867871,1,0,Mailed check,1,1,79,Male,Fiber optic,1,1,0,0,204.76163703471485,2,1,29.622706406493524,52.41793262524164,38,8,0,2,1174.6262822930094
67,Two year,80.58734468485756,1,1,Credit card,1,0,29,Male,DSL,0,1,1,0,5399.352093885456,5,0,78.13629157342879,76.45777421544517,45,0,0,2,4687.791714150897
10,Month-to-month,61.83464571789709,1,0,Mailed check,1,0,23,Male,No,0,0,0,1,618.3464571789709,3,1,7.342958390346535,52.917152370710724,50,74,0,1,2321.766843504071
61,Two year,68.73772731533228,1,1,Bank transfer,1,0,62,Male,No,0,0,1,0,4193.001366235269,2,1,116.88378518439092,68.5795264187505,1,4,0,2,2712.6917010749776
9,Month-to-month,76.81138891592245,0,0,Electronic check,1,1,76,Male,No,1,0,0,1,691.302500243302,8,6,4.343785728785264,17.305823911089146,-14,5,1,1,1458.506745286611
4,Month-to-month,51.26782481349918,0,0,Electronic check,1,0,53,Male,Fiber optic,0,0,1,0,205.07129925399673,1,0,77.15627785402937,57.64547331941338,94,10,0,2,2122.7287849653917
53,Two year,84.56325244738944,1,1,Credit card,1,0,53,Female,Fiber optic,0,0,0,1,4481.85237971164,1,0,82.59463371651391,49.029187557279975,-3,8,0,2,2652.9807515326456
50,Two year,66.61176443880699,1,1,Bank transfer,1,0,53,Male,Fiber optic,0,1,0,0,3330.5882219403493,3,2,37.24433488347924,53.27042613545125,27,9,0,1,3862.5118696706836
1,Month-to-month,40.72824100464249,1,0,Electronic check,1,0,62,Female,DSL,0,0,1,0,40.72824100464249,3,0,13.245567205811893,54.520769010869046,-1,28,1,2,591.3034814075941
8,Month-to-month,73.94405729564261,1,0,Electronic check,0,0,23,Female,Fiber optic,1,1,0,1,591.5524583651409,4,0,15.93282079771946,55.65973094858594,9,11,0,2,1800.6908774472186
10,Month-to-month,74.68870938809724,1,1,Electronic check,0,0,37,Male,Fiber optic,1,0,0,1,746.8870938809723,1,0,0.7528029782783846,55.38904343613865,82,0,0,2,2566.4400158845187
32,Two year,87.86033513167766,1,0,Bank transfer,1,0,50,Female,Fiber optic,0,0,0,1,2811.530724213685,4,0,39.51416672587,72.13643417520728,13,16,0,2,2382.163097941992
41,Two year,70.1528431262678,1,1,Bank transfer,1,0,59,Male,Fiber optic,1,0,0,1,2876.2665681769795,2,0,83.61634499209924,57.84539360797069,54,27,0,2,2870.1426461496626
4,Month-to-month,63.37077652669155,0,0,Electronic check,1,0,59,Male,Fiber optic,0,0,1,1,253.4831061067662,2,0,2.7825085361990762,51.14995864542716,51,3,0,2,1617.089291205577
6,Month-to-month,45.668384722863905,1,0,Electronic check,0,0,64,Male,No,1,0,1,1,274.01030833718346,2,0,87.77297143879748,44.39760710992495,13,5,0,2,1214.259231889176
1,Month-to-month,64.81107180606362,0,0,Electronic check,0,0,64,Male,Fiber optic,0,0,0,1,64.81107180606362,2,0,26.89451881563717,66.11454393813503,4,2,0,2,932.9875577830325
15,Month-to-month,115.55678850650418,0,0,Electronic check,1,1,71,Female,DSL,0,0,0,1,1733.3518275975625,8,2,6.135018582052158,10.92408887498623,-8,29,1,1,2479.0356107836797
37,Two year,77.77677811004807,1,1,Bank transfer,1,0,50,Male,Fiber optic,1,0,0,0,2877.7407900717785,2,1,13.473767915578861,54.492225963456136,8,0,0,2,2339.636222389963
61,Two year,89.29794927352359,1,1,Credit card,1,0,36,Male,Fiber optic,1,1,0,0,5447.1749056849385,5,3,21.722494578962706,76.04893580927529,59,0,0,1,4666.9009385845075
62,Two year,64.10993009809694,1,1,Bank transfer,1,0,32,Male,No,1,1,0,0,3974.81566608201,0,1,28.74711627665621,50.03046687370492,9,12,0,2,3180.280561401535
35,Two year,61.265431734138275,1,1,Credit card,1,0,40,Female,Fiber optic,0,1,1,0,2144.2901106948398,4,0,47.37784646757817,51.71694874008591,56,19,0,2,3081.901367393376
57,Two year,84.24754854244686,1,1,Bank transfer,1,0,21,Female,Fiber optic,0,1,0,0,4802.1102669194715,2,0,41.09107832060709,71.56834883771927,2,27,0,2,2942.490369499124
5,Month-to-month,48.358481284751136,0,1,Electronic check,1,0,19,Male,Fiber optic,0,1,1,0,241.79240642375566,0,0,15.580584589069195,51.06934027654408,67,15,0,2,1558.8947568815918
11,Month-to-month,73.86358631335885,0,0,Electronic check,1,0,20,Female,Fiber optic,0,1,1,0,812.4994494469473,4,2,3.460314338832044,12.587980716968712,-30,110,1,1,1735.8483954953058
63,Two year,66.1522809856643,1,1,Credit card,1,0,61,Female,Fiber optic,1,1,1,1,4167.593702096851,1,0,48.28327941945482,56.12772394717387,22,0,0,2,3739.1850648864147
6,Month-to-month,79.7802100901753,0,1,Electronic check,0,0,64,Female,Fiber optic,0,1,0,1,478.6812605410518,1,0,32.78803922214648,61.663061701688186,88,20,0,2,2740.852351250943
21,Month-to-month,113.966082963253,0,0,Electronic check,1,1,78,Female,Fiber optic,0,0,1,1,2393.287742228313,5,3,18.41602445655287,11.115457863264906,0,17,1,1,3077.1417787027062
52,Two year,90.44353224095502,1,1,Credit card,1,0,22,Female,No,0,1,1,0,4703.063676529661,1,0,36.44584416744014,55.265308535279765,19,17,0,2,3531.102146954294
22,One year,73.18514110332576,0,1,Bank transfer,0,0,61,Female,No,1,1,0,1,1610.0731042731668,0,1,60.653752207653156,71.96948976788293,88,10,0,2,3082.1975391996157
16,One year,78.39069135766215,1,1,Mailed check,1,0,23,Male,Fiber optic,1,0,0,0,1254.2510617225944,4,1,30.062924220541305,64.19102452255778,1,55,1,1,1993.886387491837
39,Two year,86.38517465578968,1,1,Bank transfer,1,0,61,Female,DSL,0,1,0,0,3369.0218115757975,2,0,7.7120379156539665,76.61982189253848,-37,10,0,1,2581.2887458312957
38,Two year,93.68922985375792,1,1,Bank transfer,1,0,36,Male,DSL,0,1,1,0,3560.190734442801,1,0,35.386476727160286,66.96480508713341,35,11,0,2,3128.081655770993
3,Month-to-month,61.66344586687445,0,0,Electronic check,0,0,56,Male,Fiber optic,1,0,1,0,184.99033760062335,3,1,151.62976370788192,57.96363079384728,63,12,0,2,1707.995175356951
31,Two year,68.52976581935232,0,0,Mailed check,0,0,55,Female,DSL,1,0,0,0,2124.422740399922,2,1,81.78283336342436,47.65423007782752,64,30,0,2,3072.982472357618
41,Two year,83.08162657847643,1,1,Credit card,1,0,20,Male,Fiber optic,0,1,1,1,3406.3466897175335,2,0,64.96338767824341,47.00324390117769,66,3,0,2,3672.954548494126
11,Month-to-month,88.95696578862962,0,0,Electronic check,1,0,31,Female,DSL,1,0,0,1,978.5266236749258,12,1,14.677494214673008,28.36361179580595,-23,70,1,1,1773.5836904160712
6,Month-to-month,58.0677912094669,0,0,Mailed check,0,1,68,Male,No,1,0,0,1,348.4067472568014,4,0,34.81843873278504,41.70170972179137,7,5,0,2,765.979357473677
70,Two year,92.60473537921472,1,1,Bank transfer,1,0,49,Female,Fiber optic,0,0,0,1,6482.3314765450305,2,0,92.48183934816183,64.342352812339,59,37,0,2,4349.149821500421
66,Two year,80.8307256733685,1,1,Credit card,1,0,63,Male,DSL,1,1,1,1,5334.827894442321,2,1,100.08382337852206,64.3895906933052,96,62,0,2,4449.928316866544
6,Month-to-month,96.09137371819224,0,0,Electronic check,1,1,70,Female,Fiber optic,0,1,0,0,576.5482423091535,7,9,5.054401253656799,25.67626227553492,-57,158,0,0,2188.5729929588824
6,Month-to-month,54.05628459084228,1,1,Mailed check,1,0,62,Male,DSL,0,0,1,1,324.3377075450537,1,0,30.303520253793273,55.37312880701163,50,45,0,2,1538.598157964071
10,One year,59.83614950531086,0,0,Mailed check,1,0,29,Male,Fiber optic,0,0,0,0,598.3614950531086,2,2,45.98168362839436,66.67264748786143,47,13,1,2,1952.0875236674017
14,Month-to-month,89.09288126109163,0,0,Electronic check,1,0,53,Male,No,1,0,0,0,1247.3003376552829,5,2,11.330490723848838,9.501229026611298,-28,98,1,1,2144.4331815003507
64,Two year,61.45150490454009,1,1,Bank transfer,1,0,53,Male,DSL,1,1,1,0,3932.8963138905656,0,0,115.2357248202242,42.9960881386102,68,12,0,2,4295.246573465921
10,One year,45.26072650644296,1,1,Mailed check,0,1,75,Female,Fiber optic,0,0,1,0,452.60726506442955,1,3,7.645404265228084,74.77498902098083,54,2,1,1,2727.786648395975
1,One year,36.44894539635826,0,1,Electronic check,1,0,25,Female,Fiber optic,0,0,0,1,36.44894539635826,2,0,173.00815960567394,78.13637793894324,31,21,0,2,978.7540959084818
27,One year,69.60362764857446,1,1,Mailed check,1,0,29,Male,DSL,0,0,0,0,1879.2979465115104,1,1,16.052220006367538,66.9807969344252,33,22,0,2,2410.4320786912963
67,Two year,61.231601986417914,1,1,Bank transfer,1,0,24,Female,No,0,0,0,0,4102.517333090001,1,0,109.05026462156842,48.57518046552428,84,3,0,2,4691.450578826386
60,Two year,97.02699323522847,1,1,Bank transfer,1,0,58,Male,DSL,1,1,1,0,5821.619594113708,1,0,10.049489774976909,65.1998252209769,43,4,1,2,3773.895141971062
44,Two year,63.304706538370745,1,1,Credit card,1,0,20,Male,Fiber optic,0,1,0,1,2785.407087688313,2,1,51.80526845401261,47.416619989716786,-10,2,0,2,2191.293064337101
8,Month-to-month,111.40625959284506,0,0,Electronic check,1,0,28,Male,DSL,0,0,0,1,891.2500767427605,8,3,8.747311871880068,6.527280101335984,-16,8,1,1,2847.550277551856
59,Two year,99.26613295409791,1,1,Bank transfer,1,0,42,Male,Fiber optic,0,0,0,0,5856.701844291777,3,0,69.35947461723538,70.52444308058759,69,49,0,2,3963.7326910637757
22,Month-to-month,111.35933571226609,0,0,Electronic check,1,1,72,Male,Fiber optic,1,1,0,1,2449.905385669854,11,4,18.440778242168395,17.9461045989285,-16,10,1,1,3093.6238027633817
20,One year,65.8631424524631,0,1,Bank transfer,1,0,45,Female,Fiber optic,1,0,0,1,1317.2628490492618,0,1,14.730534425017524,73.41251894415278,13,10,0,1,2587.096863515816
22,Two year,59.21376622528458,1,0,Bank transfer,0,0,45,Female,Fiber optic,0,0,1,1,1302.7028569562608,1,1,120.07441610131255,51.52222836356063,8,4,0,2,1431.170134211232
12,Month-to-month,104.5955013309781,0,0,Electronic check,1,0,36,Female,DSL,0,0,0,1,1255.1460159717371,8,3,20.00086984678441,13.18045226029087,-44,27,1,1,1939.9062811388258
61,Two year,92.87225775604347,1,1,Bank transfer,1,0,53,Male,Fiber optic,1,0,1,1,5665.207723118651,2,0,7.5875283205295805,44.48613978774662,52,20,0,2,4040.5691733513922
5,Month-to-month,39.395179439920824,0,0,Electronic check,0,0,63,Male,Fiber optic,1,1,0,0,196.9758971996041,2,0,11.093787675837735,71.59891761108139,58,4,0,2,1728.1392056395712
12,Month-to-month,115.90958866148671,0,0,Electronic check,1,1,76,Male,No,0,0,1,0,1390.9150639378404,12,5,5.678666257245637,27.994590946982484,-70,26,1,0,2686.080574874073
23,Month-to-month,98.18588397738088,0,0,Electronic check,1,0,62,Female,Fiber optic,0,0,0,0,2258.27533147976,7,4,20.94569638620937,15.617520012005832,-67,19,1,1,1702.4611577495812
9,Month-to-month,36.932626455665186,0,0,Electronic check,1,1,69,Female,No,0,0,0,1,332.39363810098666,1,1,80.99678603211173,53.56074823050521,48,22,0,2,1830.0536900087973
25,One year,61.40781705137682,1,1,Bank transfer,0,1,72,Female,Fiber optic,0,0,0,1,1535.1954262844204,2,0,17.428761936650663,41.527177231273,11,3,0,2,2265.904671572858
2,Month-to-month,68.02323031380334,0,0,Mailed check,1,0,44,Male,Fiber optic,0,0,0,0,136.04646062760668,1,1,125.0693482984669,77.97672754589978,76,32,0,2,1939.5291230197802
53,Two year,86.50658052237422,1,1,Credit card,1,0,58,Male,No,0,1,0,0,4584.848767685834,4,0,75.91776410843316,41.09080435218519,100,9,0,2,3733.662204231504
6,Month-to-month,39.59365922022508,1,1,Mailed check,1,0,56,Female,Fiber optic,0,0,1,1,237.56195532135047,2,0,16.071086088853175,60.152389717236204,38,18,0,2,832.3254191606468
2,One year,51.17194024498963,0,1,Mailed check,1,0,26,Female,Fiber optic,0,1,0,0,102.34388048997926,0,0,9.585831037712286,43.3006437316851,25,8,0,2,1361.4240494066062
26,One year,64.2939476665837,0,0,Bank transfer,0,0,55,Male,Fiber optic,1,0,1,1,1671.6426393311763,1,0,48.437504153832734,44.08577286105879,14,10,0,2,2301.310801777913
6,Month-to-month,118.98458732179142,0,0,Electronic check,1,0,39,Female,No,0,0,0,0,713.9075239307485,7,1,11.949633973316123,15.580709324594858,-63,10,1,1,1725.8171845425156
26,One year,69.74876817848421,1,1,Mailed check,1,0,57,Female,No,0,0,1,0,1813.4679726405896,2,2,71.8813290507077,71.7056725528751,33,28,0,2,1914.772468943152
21,One year,56.997860550319515,0,1,Credit card,0,1,70,Female,Fiber optic,0,0,0,0,1196.9550715567098,2,0,39.887668073795986,74.03534190035828,82,25,0,2,2841.817396597343
3,One year,71.03679204078651,0,1,Electronic check,0,0,23,Male,Fiber optic,1,0,0,1,213.11037612235953,0,0,37.936311340973376,50.418329397991606,1,2,0,2,502.15705997351404
12,Month-to-month,92.45698442296955,0,0,Electronic check,1,0,43,Female,Fiber optic,1,0,1,1,1109.4838130756348,7,5,29.154627484502754,9.021706982292727,-18,81,1,0,2893.6921354830806
71,Two year,70.63404546617254,1,1,Credit card,1,0,64,Female,Fiber optic,1,1,0,0,5015.017228098251,3,0,28.43562650641982,46.60305518869225,81,4,0,2,5229.871188824696
58,Two year,95.2903422437939,1,1,Bank transfer,1,0,51,Male,DSL,0,1,0,1,5526.839850140046,0,0,9.422072029105527,61.65560880869515,18,40,0,2,3648.7066346977754
3,Month-to-month,69.7536440590582,0,0,Electronic check,0,0,40,Female,DSL,0,0,0,0,209.2609321771746,1,0,51.9368828261322,76.04251320902497,-6,7,0,2,1185.0984253472473
48,Two year,79.84191354719546,1,1,Credit card,1,0,56,Female,DSL,0,0,1,1,3832.411850265382,3,3,2.658076005790692,49.55772809730116,24,0,0,1,4345.035302287652
21,Two year,66.21406454502086,0,1,Mailed check,1,0,38,Female,No,0,0,1,0,1390.495355445438,2,1,38.197407890081934,62.8729883544689,19,29,0,2,2400.6309133220025
22,Two year,83.84831079515851,1,0,Mailed check,0,0,32,Male,Fiber optic,1,0,0,0,1844.6628374934871,0,1,1.000381448642366,55.04700822506201,26,13,0,2,2712.106120217041
19,One year,56.03512187298418,0,0,Credit card,1,0,22,Male,Fiber optic,0,0,0,1,1064.6673155866993,3,1,18.761470700146106,79.73058418200044,3,8,0,2,1417.6480444236063
46,Two year,61.70532837148131,1,1,Bank transfer,1,0,50,Male,DSL,0,0,1,0,2838.4451050881403,4,0,109.06007175192664,51.27262200885237,49,14,0,2,3198.121242260729
12,One year,61.28270498177107,1,1,Mailed check,1,0,38,Female,Fiber optic,0,1,1,0,735.3924597812528,3,0,76.14647344552293,70.92716288698901,29,0,0,2,1740.2563850366002
49,Two year,89.32204759439973,1,1,Credit card,1,0,46,Male,Fiber optic,1,1,0,1,4376.780332125587,4,1,134.83048492263626,70.84630704137697,30,10,0,2,3341.064667906296
52,Two year,72.88862013778514,1,1,Bank transfer,1,0,41,Female,DSL,1,0,1,1,3790.2082471648273,3,0,22.905439086199728,58.07373466407266,52,18,0,2,3457.854765869254
49,Two year,73.61623373398258,1,1,Credit card,1,0,64,Male,No,0,0,0,0,3607.1954529651466,1,2,120.20302020442743,71.34654701159059,1,12,0,2,3271.5668063113
46,Two year,70.17287924713267,1,1,Bank transfer,1,1,67,Male,Fiber optic,1,0,0,0,3227.952445368103,1,0,6.847257851506148,64.29138596106654,44,5,0,2,2953.8544365576176
53,Two year,87.5153643951966,1,1,Bank transfer,1,0,23,Male,DSL,1,1,0,1,4638.31431294542,1,0,7.004982738829546,79.0305393045691,30,1,0,2,3150.239684341722
28,Two year,77.30884710941211,0,0,Mailed check,0,0,59,Male,Fiber optic,1,1,1,1,2164.647719063539,1,0,209.281236414025,78.58014204897282,35,11,0,2,2815.3288529666283
46,Two year,92.8770654375972,1,1,Bank transfer,1,0,45,Male,DSL,0,0,1,1,4272.345010129471,2,0,41.330279215958065,72.82533807197566,49,21,0,2,3385.061036974533
12,One year,69.27564925081758,1,0,Credit card,0,0,35,Female,DSL,1,0,1,1,831.3077910098109,3,0,7.2194791285136075,58.313309833503766,-29,11,0,1,1805.4535566599352
29,One year,71.39147501732461,0,0,Credit card,1,0,48,Female,Fiber optic,0,0,0,1,2070.352775502414,3,0,13.451209533205152,44.0795275913419,50,8,0,2,2521.7460940894584
52,Two year,67.31228946627601,1,1,Credit card,1,0,23,Male,DSL,0,0,1,0,3500.239052246353,5,0,20.426338182944754,44.621922044972855,20,1,0,2,3338.224658668496
9,Month-to-month,37.51553112419844,1,0,Electronic check,1,0,49,Male,Fiber optic,0,0,0,1,337.63978011778596,0,1,62.49841442476013,50.650478776093145,36,12,0,2,1278.3304323887241
20,Month-to-month,103.33780306536886,0,0,Electronic check,1,1,75,Female,DSL,0,0,0,1,2066.7560613073774,7,4,24.902820806829805,23.273035472267175,-35,53,1,0,2965.09542873734
18,Month-to-month,99.39871241851742,0,0,Electronic check,1,1,67,Male,Fiber optic,0,0,1,1,1789.1768235333136,6,2,66.80548974507006,6.085328973440502,36,83,1,1,3652.4318705471997
12,Two year,69.73305107186187,1,0,Bank transfer,0,1,68,Male,Fiber optic,0,0,0,0,836.7966128623424,2,1,32.243838653783385,54.833365740536664,98,0,0,2,3036.706852163621
11,Month-to-month,79.46188012726242,0,0,Electronic check,1,0,25,Male,DSL,1,0,1,1,874.0806813998865,11,7,16.364660256549673,10.77969148881023,-60,14,1,0,1569.8214937031391
8,One year,40.02345238831795,0,1,Electronic check,0,0,57,Female,No,0,1,0,1,320.1876191065436,1,0,19.618926420229293,49.08640784549938,81,3,1,2,2170.8896230530136
2,Month-to-month,77.0198516972772,0,1,Electronic check,0,0,39,Male,Fiber optic,0,0,1,0,154.0397033945544,3,0,160.89406324999823,73.9763649125072,61,13,0,2,2030.1963345576942
21,Month-to-month,94.30017241191133,0,0,Electronic check,1,0,54,Female,Fiber optic,1,1,0,1,1980.303620650138,10,4,1.98069532886975,7.698653607675084,-46,44,1,0,2975.7662655826375
31,One year,69.27563544229938,0,0,Mailed check,1,0,47,Male,DSL,0,0,1,1,2147.5446987112805,2,1,23.055242374512613,79.40683111924028,-22,2,0,1,2476.571332395185
71,Two year,97.23549488243233,1,1,Credit card,1,0,52,Male,Fiber optic,0,0,0,1,6903.720136652696,6,1,13.801291517131347,60.802541101703184,82,20,0,2,4369.120465061584
44,Two year,99.24945497377215,1,1,Bank transfer,1,0,63,Female,DSL,0,0,1,1,4366.976018845974,1,2,17.896486816442273,46.954565360443745,31,12,0,2,3084.6086073372317
32,One year,76.07963415463419,1,1,Mailed check,0,1,77,Female,DSL,1,0,0,0,2434.548292948294,1,2,127.60356840434011,50.0266282158498,-30,22,0,2,1553.262838559066
65,Two year,73.48908531021681,1,1,Credit card,1,0,56,Male,No,0,0,0,0,4776.790545164093,2,2,62.68007859171094,75.69794515588009,31,22,0,2,4013.41041516998
12,Month-to-month,106.11521646647694,0,0,Electronic check,1,0,49,Male,DSL,0,0,1,0,1273.3825975977234,4,3,24.54805955555477,18.346530864834754,-30,30,1,1,2320.9634819209455
61,Two year,93.00803069662273,1,1,Bank transfer,1,0,28,Male,Fiber optic,0,1,0,1,5673.489872493987,2,1,22.42821177785595,44.59278015968064,65,13,0,2,4670.484563170467
60,Two year,68.02604069615045,1,1,Credit card,1,0,36,Male,Fiber optic,1,0,0,0,4081.562441769027,0,1,7.671383967062849,41.7714687117545,-10,48,0,1,3877.308024780678
7,Month-to-month,47.19898181581851,0,0,Mailed check,1,0,51,Male,Fiber optic,1,0,1,0,330.3928727107296,0,1,14.296093341304747,63.997057369355005,71,39,0,2,2127.2387111645226
59,Two year,94.58641568561671,1,1,Credit card,1,1,65,Female,Fiber optic,0,0,0,0,5580.598525451386,3,1,16.393262786732105,50.447188640899576,81,8,0,2,4656.608557617603
68,Two year,73.70613952483662,1,1,Bank transfer,1,0,22,Male,Fiber optic,0,0,0,0,5012.01748768889,1,0,60.32123146634675,76.63430403542327,65,7,0,2,4143.688170931199
12,Month-to-month,89.058750048259,0,0,Electronic check,1,1,69,Female,No,0,1,0,0,1068.705000579108,7,5,8.162014931089919,15.361313968955013,-54,40,1,0,2017.938424843834
8,Month-to-month,75.29246949996528,0,0,Mailed check,0,0,23,Female,DSL,1,0,1,0,602.3397559997222,1,0,4.8413751325431384,54.18676434960658,27,5,1,2,1674.3560966643556
61,Two year,82.47971389867227,1,1,Bank transfer,1,0,37,Female,No,1,1,1,0,5031.262547819008,2,0,15.128059018090926,64.84733406719332,62,81,0,2,4066.554729489645
8,Month-to-month,118.18838249711544,0,0,Electronic check,1,0,19,Female,Fiber optic,0,0,1,0,945.5070599769235,7,3,8.834735832893966,20.325264828863,-37,7,1,1,1905.635953093285
38,Two year,85.30162132905224,1,1,Bank transfer,1,0,33,Female,DSL,0,0,0,1,3241.461610503985,2,0,77.82577301037234,79.41445958626102,37,1,0,2,3056.4640333965476
58,Two year,98.24888762595793,1,1,Bank transfer,1,1,76,Female,No,1,0,0,0,5698.43548230556,2,0,7.937424895985962,69.5533409167715,18,9,0,2,3643.7302121382368
43,Two year,84.97701785886912,1,1,Credit card,1,0,33,Male,DSL,0,0,0,1,3654.011767931372,9,1,56.90891051019071,43.17662168764273,12,3,1,2,3117.057223589979
19,One year,53.71921105779165,0,1,Bank transfer,0,0,39,Male,DSL,0,0,0,0,1020.6650100980413,0,1,1.037518193167993,46.4009283452847,71,22,0,2,2583.537863232478
31,Two year,56.934317208455305,1,1,Mailed check,1,0,48,Male,Fiber optic,1,0,0,1,1764.9638334621145,4,0,192.90771352334866,77.54377359847615,90,5,0,2,3175.0563515612885
7,Month-to-month,97.58950317897478,0,0,Electronic check,1,0,42,Male,Fiber optic,0,0,1,1,683.1265222528234,8,1,15.033477791812777,7.522103188616173,-22,91,1,1,2041.9659172928707
1,One year,67.9192385794959,1,0,Mailed check,0,0,55,Male,No,1,0,1,1,67.9192385794959,2,0,11.641350478120568,75.0341353980088,60,16,1,2,2143.1944408056306
11,One year,35.14730723501431,0,0,Electronic check,0,0,49,Male,No,1,1,1,0,386.6203795851574,2,0,55.43103563580941,63.21296171145974,-2,0,0,2,779.8896276101718
6,Month-to-month,74.75500145331222,0,0,Electronic check,1,0,38,Male,Fiber optic,0,0,0,0,448.5300087198733,1,1,9.1461274761565,58.369621856502285,-8,8,1,1,2009.795346290391
29,Two year,51.086452058146136,0,0,Mailed check,0,1,70,Female,DSL,1,0,0,1,1481.507109686238,1,0,7.38685912060898,78.91923706815905,24,10,0,2,2370.4009848002984
18,Month-to-month,95.42889609343575,0,0,Electronic check,1,1,79,Male,No,1,0,0,0,1717.7201296818434,5,2,5.316969731095447,8.044063154468194,36,247,1,0,4183.29312888842
63,Two year,90.9049090979753,1,1,Bank transfer,1,0,53,Male,Fiber optic,0,0,0,0,5727.009273172444,3,0,19.139764963789123,61.50195600794858,36,4,0,2,4212.51307704642
52,Two year,75.49570342674637,1,1,Credit card,1,0,34,Female,Fiber optic,0,0,1,1,3925.7765781908115,4,1,90.16500310168661,52.366420823166635,21,9,0,2,2603.855797936265
35,One year,72.1265311868556,0,1,Bank transfer,0,0,38,Female,DSL,1,0,1,1,2524.428591539946,1,0,40.131821527900094,57.864159241232834,0,2,1,2,2518.1525867671057
34,One year,57.20199599867142,1,0,Credit card,1,0,52,Female,No,0,0,0,1,1944.8678639548284,1,1,4.892074490719558,62.99870949540019,71,84,0,1,4163.962283891825
21,One year,76.96840641550591,0,1,Mailed check,0,0,22,Male,Fiber optic,0,0,1,1,1616.336534725624,2,0,14.820639331825298,60.01175545102301,76,6,0,2,2529.105762907942
10,Month-to-month,40.806790615546035,0,1,Electronic check,1,0,31,Female,Fiber optic,0,0,1,0,408.0679061554604,2,1,241.9985104804166,58.514991954377265,18,2,0,2,1205.9774070381281
5,Month-to-month,70.30483739803736,0,0,Electronic check,1,0,26,Female,Fiber optic,1,1,0,0,351.5241869901868,3,0,245.7032555629889,49.8003588871446,0,11,0,2,927.3405529773574
61,Two year,75.78937415379312,1,1,Credit card,1,0,23,Female,DSL,0,1,0,0,4623.15182338138,2,0,112.16063518517849,58.11885262906081,57,2,0,2,4572.477297943078
10,One year,44.17535951354697,1,0,Mailed check,1,1,76,Female,No,1,0,0,1,441.7535951354697,4,1,10.66743467827386,63.86557285328736,46,8,0,2,1329.973408554753
35,One year,56.548232725536764,1,1,Mailed check,1,0,64,Female,No,1,0,1,0,1979.1881453937867,4,0,5.680304123423599,50.65381311499735,60,33,0,2,3071.4183928129146
57,Two year,93.01144432931588,1,1,Bank transfer,1,1,74,Female,No,0,0,1,0,5301.652326771005,1,0,19.737110409380637,41.21418181088484,53,25,0,2,3948.055790718956
40,Two year,92.85727966570373,1,1,Bank transfer,1,0,33,Male,Fiber optic,1,0,0,0,3714.2911866281493,3,0,0.20445785338551545,69.01809518969836,8,10,0,2,2859.2564952073026
8,One year,76.80627857700674,0,0,Electronic check,1,0,23,Female,Fiber optic,0,0,1,0,614.4502286160539,2,0,137.9801675989357,54.59523803261558,54,53,0,2,2366.9346047593617
9,One year,79.46747570210195,0,0,Electronic check,0,0,50,Male,Fiber optic,0,0,0,0,715.2072813189176,2,2,31.14456694603406,79.48175180434879,26,3,1,2,1372.5932316916242
20,Two year,89.12392477262853,0,0,Bank transfer,0,0,42,Female,Fiber optic,0,1,1,1,1782.4784954525705,3,1,18.1174284136431,76.06033998860468,46,8,0,2,2730.922127429624
12,Month-to-month,108.2595101490515,0,0,Electronic check,1,1,66,Male,Fiber optic,0,1,1,0,1299.114121788618,7,2,27.800500359047852,27.304494017664325,-9,8,1,1,2534.2561674848575
36,Two year,61.367510637566326,1,1,Credit card,1,0,56,Female,DSL,1,1,1,1,2209.2303829523876,2,0,2.079919176326719,50.498204900338756,51,14,0,2,2528.47315853113
40,Two year,79.16280252413405,1,1,Credit card,1,0,42,Male,DSL,0,0,0,0,3166.512100965362,3,1,168.82003749215363,68.71139156140487,57,6,0,2,3916.817355058512
18,Month-to-month,81.87344536113729,0,0,Electronic check,1,1,73,Female,DSL,0,0,0,0,1473.7220165004712,10,4,31.250492141522113,16.45386647544726,-67,37,1,0,2164.2817020514076
8,Month-to-month,75.04538651334954,0,0,Mailed check,1,0,57,Female,Fiber optic,0,0,0,1,600.3630921067963,4,2,43.88517687104284,53.96801239995309,31,36,0,2,1219.267866106662
7,One year,78.79354313917683,0,1,Mailed check,1,0,37,Female,DSL,1,0,1,0,551.5548019742379,4,0,113.43378663204173,75.49859973906355,56,8,0,2,2354.1523826091393
18,One year,52.133231593543556,0,0,Mailed check,1,0,44,Female,No,0,0,1,0,938.398168683784,1,0,125.80325061607024,42.61125016633802,100,13,1,2,2484.0205443120326
19,Month-to-month,111.69046544364309,0,0,Electronic check,1,0,62,Male,No,1,0,1,0,2122.118843429219,16,4,22.06705258264428,12.559805329798797,-21,41,1,1,2959.576964891011
70,Two year,63.972088110147716,1,1,Credit card,1,0,64,Female,DSL,0,1,0,1,4478.04616771034,2,0,16.830904794972426,69.13821868211846,10,4,0,2,3548.926902785983
31,Two year,89.21846540439323,0,1,Bank transfer,0,0,64,Female,No,1,0,0,1,2765.77242753619,4,1,242.09994746504245,73.70880917569622,43,7,0,2,2894.667710000312
46,Two year,86.24536072082323,1,1,Bank transfer,1,0,19,Male,DSL,0,1,0,1,3967.2865931578685,1,0,96.84682959626203,41.75856328055445,48,0,0,2,3054.1813858838095
6,Month-to-month,38.98989067475377,1,1,Electronic check,1,1,66,Male,No,1,1,0,1,233.9393440485226,2,0,87.64456611530603,58.449742063798965,13,17,0,2,910.7032806995057
12,Month-to-month,87.08788011492814,0,0,Electronic check,1,0,33,Female,No,0,0,0,0,1045.0545613791378,10,3,24.36456966128413,6.262450326302556,-52,29,1,1,1906.3253140659358
5,One year,36.818555251472915,0,0,Electronic check,0,0,43,Male,Fiber optic,0,0,0,1,184.09277625736456,2,0,30.70577185394068,65.08738458653644,10,12,1,2,1109.8168290100684
3,Month-to-month,38.94205342538997,1,0,Mailed check,0,0,52,Male,DSL,0,0,0,0,116.82616027616992,3,0,60.70929775722382,79.89121047691339,47,17,0,2,1045.8804627551099
54,Two year,63.487178713273245,1,1,Credit card,1,0,36,Female,Fiber optic,1,0,0,0,3428.307650516755,2,1,31.131344871119165,54.23540845643298,28,21,0,1,4499.673968904702
59,Two year,68.83210519142557,1,1,Credit card,1,0,36,Male,Fiber optic,1,1,0,0,4061.0942062941085,4,1,15.231059085615788,74.25937015091242,51,3,0,2,3429.36867792029
7,Month-to-month,71.78372081802662,0,0,Electronic check,1,0,64,Female,No,0,0,0,1,502.4860457261864,10,2,9.69033009070522,17.861741472084397,7,141,1,1,1900.198297233268
45,Two year,97.17029592028916,1,1,Bank transfer,1,0,36,Female,Fiber optic,1,0,1,0,4372.663316413013,1,0,33.5958914060804,67.80495075449544,44,19,0,2,3288.7078492203814
8,Month-to-month,109.87996747448943,0,0,Electronic check,1,0,45,Female,Fiber optic,1,0,0,0,879.0397397959155,8,5,41.83871397148021,12.987329393137216,5,34,0,1,2085.0698854341454
7,One year,70.63465216878912,1,1,Mailed check,1,0,34,Female,No,1,1,0,1,494.44256518152383,3,0,41.1580265058558,49.88015940172819,38,25,0,2,1880.6888039593325
46,Two year,95.10588078603126,1,1,Credit card,1,1,79,Female,Fiber optic,1,0,0,0,4374.870516157438,2,0,64.81625927469446,77.8101160633193,-14,18,0,2,2465.5329316642305
61,Two year,93.3721346381907,1,1,Bank transfer,1,1,76,Male,DSL,1,0,1,0,5695.7002129296325,2,0,2.777252347234678,67.52093155311441,1,1,0,2,3546.9118252998865
29,Two year,72.07519768474556,1,1,Mailed check,0,0,60,Female,Fiber optic,1,0,0,1,2090.1807328576215,3,1,51.42711252907431,40.98178039629638,41,8,1,2,2544.5169825495404
61,Two year,93.23508765366822,1,1,Credit card,1,0,59,Male,Fiber optic,0,1,0,0,5687.3403468737615,2,0,25.07364642943039,74.82408512656205,66,7,0,2,4082.941382670983
16,Two year,61.15741234550751,0,0,Credit card,1,0,24,Female,DSL,0,0,1,1,978.5185975281202,1,1,117.84844767636565,40.646644953512016,59,1,0,2,2026.5784499596275
12,Month-to-month,100.94611781173609,0,0,Electronic check,1,1,69,Female,No,1,1,0,1,1211.353413740833,7,2,5.762476296272628,22.62679624197353,3,107,1,1,2811.2701950659675
23,Month-to-month,87.7547383181595,0,0,Electronic check,1,0,22,Female,Fiber optic,0,0,0,1,2018.3589813176684,8,5,11.080067564855904,13.378612018286564,-20,196,1,0,3174.9147105318675
2,One year,60.972253690907664,0,0,Mailed check,0,0,21,Male,Fiber optic,1,0,1,0,121.94450738181533,2,2,51.480248089038646,66.95364629212344,81,3,0,2,2444.8947872405206
12,Month-to-month,96.14936540958549,0,0,Electronic check,1,0,40,Male,DSL,1,1,0,0,1153.7923849150259,12,3,2.5823341674199405,9.263286711496667,46,28,1,1,3252.0564115564393
7,Month-to-month,68.52058935343219,1,1,Mailed check,1,0,38,Male,No,0,0,0,1,479.6441254740253,1,0,5.429660089611408,69.82589222335037,71,9,1,2,2203.2540067568298
38,Two year,68.58512293035211,1,1,Credit card,1,0,52,Male,Fiber optic,0,1,0,0,2606.2346713533802,2,0,22.98802988855651,73.46390359812489,35,3,0,2,3007.400952736082
7,Month-to-month,74.39088201679095,0,1,Mailed check,1,0,32,Female,Fiber optic,1,0,0,0,520.7361741175366,2,0,55.15095003328519,77.20814791507911,61,7,0,2,2544.884434283921
13,One year,70.73592763151875,1,0,Mailed check,1,0,34,Female,Fiber optic,0,0,0,1,919.5670592097438,5,0,6.583712439434642,71.46697028117708,54,19,0,2,1705.5944468690486
63,Two year,89.83700835254697,1,1,Credit card,1,0,58,Female,DSL,1,0,1,1,5659.731526210459,3,2,106.67809011700024,50.473384565653475,60,0,0,2,3470.2534959707245
67,Two year,82.43497853450471,1,1,Bank transfer,1,0,37,Male,Fiber optic,1,0,1,1,5523.143561811816,2,0,37.07976439454929,43.96351818278178,83,5,0,2,4586.505117202265
26,One year,87.96528611666658,0,0,Bank transfer,1,0,27,Female,DSL,0,0,0,0,2287.097439033331,2,0,25.99067929906899,60.621166486799225,28,23,0,2,2364.9673306041914
71,Two year,63.75027682582227,1,1,Credit card,1,0,37,Female,Fiber optic,0,1,1,0,4526.269654633381,2,1,87.42352594597503,46.045080947521846,44,12,0,2,4142.575050471035
54,Two year,99.12247271894114,1,1,Credit card,1,1,69,Female,DSL,0,0,0,0,5352.613526822822,2,0,33.31829141735213,49.50638176985623,52,10,0,2,3702.4763414106187
13,One year,52.12291128685469,1,0,Bank transfer,1,0,31,Male,No,1,0,0,0,677.597846729111,1,0,113.65563978282778,53.59501847573908,19,0,0,2,928.2289986328964
9,Month-to-month,40.560412929397586,1,0,Mailed check,0,0,44,Female,Fiber optic,1,0,0,0,365.04371636457824,2,1,28.875236385886318,53.12200900301832,59,1,1,2,1701.0233433236701
16,Month-to-month,82.24695228468282,0,0,Electronic check,1,1,72,Female,No,0,1,0,0,1315.9512365549251,7,4,62.869446437257956,27.781511640066633,0,78,1,1,2666.8307281191987
6,Month-to-month,57.44662622496688,0,0,Mailed check,1,0,35,Female,Fiber optic,1,0,1,0,344.67975734980126,2,0,10.363401232563131,73.76894063291046,39,12,1,2,1527.0187338686665
9,Month-to-month,105.5070941281264,0,0,Electronic check,1,1,73,Female,No,0,0,1,0,949.5638471531375,7,2,24.796716042364043,15.034956202791584,-46,239,1,0,2982.5474517776097
6,Month-to-month,41.42129261542101,1,0,Electronic check,1,0,48,Female,Fiber optic,0,0,0,1,248.52775569252606,1,1,11.143348165587822,61.02838288097057,37,11,1,2,1386.8980068525218
13,Two year,79.3287827832564,0,0,Bank transfer,0,0,58,Male,DSL,1,1,0,0,1031.2741761823331,2,0,57.54889374826153,41.02154333604785,67,42,0,2,1998.7968322440925
41,Two year,75.20298035748822,1,1,Bank transfer,1,0,57,Male,Fiber optic,0,0,0,0,3083.322194657017,1,2,13.866123287433298,44.987431083847476,12,1,0,2,2475.801572765174
14,Month-to-month,87.11908830045942,0,0,Electronic check,1,0,64,Female,DSL,0,0,1,0,1219.6672362064319,7,2,11.308459791851337,7.0695061507576495,-38,2,1,1,1819.0959871811979
20,Month-to-month,109.48497151577573,0,0,Electronic check,1,1,69,Male,No,1,0,0,0,2189.6994303155143,16,5,9.748229778388998,8.80333530419631,-47,126,1,0,2800.8266978510555
70,Two year,87.52831463466381,1,1,Credit card,1,0,20,Female,DSL,0,1,0,1,6126.982024426467,1,1,67.2798991432328,44.84774074577589,98,4,0,2,5097.034312888054
7,Month-to-month,31.41687251916923,0,1,Electronic check,0,0,62,Male,No,0,0,1,0,219.91810763418462,0,1,117.97811586646193,64.52390689999052,29,30,1,2,1295.89235926479
8,Month-to-month,53.97274890748828,1,0,Electronic check,0,0,42,Female,DSL,0,0,0,0,431.78199125990625,5,0,88.93625254082757,40.19816398243972,38,4,0,2,1654.1310749612064
5,Month-to-month,38.422027556595765,0,1,Electronic check,0,0,28,Male,Fiber optic,0,1,1,1,192.11013778297882,1,0,68.743121963342,41.596656961554174,88,1,0,2,1835.9854466498293
3,Month-to-month,31.234864884305566,0,0,Electronic check,0,0,52,Male,Fiber optic,0,1,1,0,93.7045946529167,1,0,132.5855118896781,63.548441532271625,33,8,0,2,1083.0579318495693
3,Month-to-month,30.74280612537519,0,1,Mailed check,1,0,54,Female,No,0,0,1,0,92.22841837612557,1,0,33.12835705534058,43.54006815057599,20,5,0,2,941.5920795460033
28,One year,60.76614563884359,0,1,Credit card,0,1,65,Female,No,1,1,0,0,1701.4520778876206,2,2,51.93602893672601,42.76344532717764,36,7,1,2,2220.0141454037366
70,Two year,89.27832270342537,1,1,Bank transfer,1,0,42,Male,DSL,1,0,0,1,6249.482589239777,4,0,3.992647725286656,40.171873715901334,36,0,0,2,4434.078556616345
70,Two year,65.3085861527711,1,1,Credit card,1,0,60,Male,Fiber optic,0,0,0,0,4571.601030693977,4,1,95.83032106365967,40.017141407445486,44,30,0,2,4260.889034687195
8,One year,70.5581301939566,0,0,Electronic check,0,0,36,Female,Fiber optic,0,0,0,0,564.4650415516528,4,1,6.225709591400628,59.12741549879999,21,32,1,1,2249.237511516583
17,Month-to-month,112.12941897168338,0,0,Electronic check,1,1,68,Male,Fiber optic,0,0,0,0,1906.2001225186175,10,3,100.07972560347936,26.296315897508983,-20,10,1,1,1948.5071741267752
28,Two year,69.89645517965705,0,0,Bank transfer,0,0,49,Female,Fiber optic,0,0,0,1,1957.1007450303975,1,2,89.45489091375177,64.6336274748017,25,74,0,2,2325.2736504080785
49,Two year,91.07712041308902,1,1,Credit card,1,1,76,Male,DSL,0,0,1,1,4462.778900241362,2,0,92.94069278114578,71.3903986737255,51,14,0,2,4273.861557541977
29,One year,76.53122547431273,1,1,Bank transfer,1,0,59,Female,No,1,0,1,1,2219.4055387550693,2,0,29.89756569966066,53.71988252565579,43,3,0,2,2279.532190486463
62,Two year,95.02044906210465,1,1,Bank transfer,1,0,58,Female,No,1,0,0,1,5891.267841850488,0,1,34.98489482195165,42.71184967510063,58,6,0,2,4272.559641691957
11,One year,41.05738050553467,0,0,Electronic check,1,0,55,Male,Fiber optic,1,0,1,1,451.63118556088136,0,1,26.925436383736837,40.185424997614845,-8,0,1,2,815.8043711051681
16,Month-to-month,96.18491931356544,0,0,Electronic check,1,0,19,Male,Fiber optic,1,1,0,1,1538.958709017047,8,4,4.606205301820131,12.716516294058954,-53,41,1,1,2080.460788044896
20,Month-to-month,77.20947319530765,0,0,Electronic check,1,0,36,Female,Fiber optic,0,1,1,0,1544.189463906153,7,9,36.90590122839167,11.26253545256367,-16,72,1,0,3249.359454135047
49,Two year,88.76309789415423,1,1,Bank transfer,1,0,46,Male,Fiber optic,0,0,0,1,4349.391796813557,2,0,4.940146773299876,79.62172134421839,67,4,0,2,3850.4811369996687
64,Two year,88.86886210868717,1,1,Bank transfer,1,0,20,Male,Fiber optic,1,0,0,1,5687.607174955979,1,0,4.520434912445421,51.35942367740046,50,1,0,2,4175.054508594419
63,Two year,62.579650849966704,1,1,Credit card,1,0,39,Male,Fiber optic,0,0,1,1,3942.5180035479025,5,0,1.1849491818725015,71.33552326506917,85,27,0,2,3661.5739126130493
41,Two year,78.35853917509195,1,1,Credit card,1,0,37,Female,Fiber optic,0,0,1,1,3212.70010617877,0,1,76.51630857611693,74.33086270130975,10,17,0,2,2677.2476431567266
6,Month-to-month,110.23685323834702,0,0,Electronic check,1,0,64,Female,DSL,0,0,1,0,661.4211194300822,9,7,2.046156915009175,23.02156829500143,21,36,1,0,3546.4605795016187
8,One year,60.884729309429545,0,0,Electronic check,0,0,25,Female,Fiber optic,0,0,1,1,487.07783447543636,2,0,50.20248419725912,45.09599116516846,47,32,0,2,2142.045629822726
21,Month-to-month,105.76766062501028,0,0,Electronic check,1,0,22,Female,Fiber optic,1,1,0,0,2221.120873125216,2,0,12.487297168249391,10.249520254690237,-38,40,1,2,1361.6142176040578
3,Month-to-month,58.53415875359893,0,0,Mailed check,1,0,22,Male,DSL,1,1,1,0,175.60247626079678,1,0,12.716489364713121,55.96600610846289,-5,1,0,2,1345.6470187962577
14,One year,74.95450166469317,1,0,Mailed check,1,0,41,Female,Fiber optic,1,0,1,0,1049.3630233057042,1,0,58.83603302230595,61.1755690067201,65,12,0,2,2269.1057410181334
21,One year,61.387427431977784,1,1,Credit card,0,1,68,Male,Fiber optic,0,0,0,0,1289.1359760715334,1,2,49.52207704056134,62.37907777141317,-21,13,1,1,1872.5456899965861
33,One year,51.8725582893691,1,1,Credit card,1,0,51,Female,Fiber optic,0,0,0,0,1711.7944235491805,3,1,55.31639463718507,79.55671924592409,42,10,0,2,2399.1675955939527
8,Month-to-month,79.59877529296189,0,0,Electronic check,1,1,78,Female,Fiber optic,0,0,0,1,636.7902023436951,8,1,6.257663236995853,26.184246691523537,-63,3,1,1,1147.9897327564177
5,Month-to-month,48.99799761298763,1,0,Electronic check,1,0,27,Female,Fiber optic,0,0,1,0,244.98998806493816,4,0,59.13008556347285,63.36230131322448,57,10,0,2,1876.2718701482277
40,Two year,93.30721877388173,1,1,Bank transfer,1,0,52,Male,No,1,0,0,1,3732.2887509552693,3,1,44.88580050290481,59.563732362326434,6,3,0,2,2166.3362325466574
22,Month-to-month,105.33438542302719,0,0,Electronic check,1,1,75,Male,DSL,0,1,0,0,2317.356479306598,8,2,11.781129158793679,27.81779793038891,-17,109,1,1,2359.15129545984
7,Month-to-month,95.5426182481899,0,0,Electronic check,1,1,67,Female,DSL,0,0,1,1,668.7983277373293,8,1,12.536551504053634,18.342243724414026,18,23,1,1,2195.755734273727
10,Month-to-month,77.0019615632176,0,0,Electronic check,1,0,24,Female,Fiber optic,0,0,0,0,770.019615632176,8,3,31.53799223821018,28.631416514652866,-67,103,1,0,2450.308982603639
6,Month-to-month,72.56197705732123,0,0,Electronic check,1,1,72,Female,No,1,0,1,0,435.3718623439274,13,7,7.601512373063107,6.4686234722072395,14,9,1,0,2574.8371510187635
5,One year,58.47411940682959,0,1,Electronic check,1,1,77,Female,Fiber optic,1,0,0,0,292.3705970341479,2,0,52.26488732217754,73.86718445829506,55,22,0,2,1071.7056506482068
69,Two year,73.5910988624754,1,1,Bank transfer,1,0,51,Female,Fiber optic,1,0,0,1,5077.785821510803,0,2,48.95051646489326,56.638402539988775,89,8,0,2,4524.7129411494925
71,Two year,70.22579991237089,1,1,Credit card,1,0,21,Male,DSL,0,0,1,0,4986.031793778333,4,0,135.08679265412056,40.10999117284748,41,1,0,2,4455.9015256403345
33,One year,53.156130903383286,1,1,Mailed check,0,0,40,Female,No,0,0,0,1,1754.1523198116483,2,0,25.83887387735694,50.83869368090616,-15,9,1,2,2669.73302960654
35,Two year,65.8618394789446,1,0,Bank transfer,0,0,64,Male,Fiber optic,1,0,0,0,2305.164381763061,2,1,40.069990801543135,58.36367013220724,32,5,0,2,2533.6983840077755
6,Month-to-month,39.68945650116774,0,1,Electronic check,0,0,39,Male,DSL,0,0,0,0,238.13673900700644,2,0,25.303472818185895,52.284811975720174,36,8,0,2,1414.4452691676088
20,Month-to-month,80.39440276315722,0,0,Electronic check,1,0,20,Male,No,0,1,0,1,1607.8880552631445,8,5,0.2497368043524735,13.699822519022563,-67,117,1,0,2789.587221622777
17,Two year,59.48777404535742,0,1,Credit card,0,0,53,Female,Fiber optic,1,0,0,1,1011.2921587710762,0,1,109.08331946621274,61.002813779167525,3,8,0,2,1881.6504955547523
31,One year,71.23231712361665,1,1,Mailed check,0,0,30,Female,DSL,0,0,0,1,2208.2018308321162,3,1,114.28857596063011,64.21509110041502,-1,18,0,2,2296.875065451807
52,Two year,83.53650533362422,1,1,Bank transfer,1,0,46,Female,Fiber optic,0,0,0,1,4343.8982773484595,0,3,5.025802186424639,74.9627513354688,79,10,0,1,5367.931728869887
8,Month-to-month,119.69988667068355,0,0,Electronic check,1,0,44,Female,DSL,0,0,0,0,957.5990933654684,10,6,2.5754124690824924,20.54012806004525,-56,28,1,0,2769.422565658623
54,Two year,80.60700681334927,1,1,Bank transfer,1,0,63,Male,Fiber optic,0,0,0,0,4352.778367920861,2,1,34.96518356473151,63.56255541315659,96,15,0,2,3558.482962274627
57,Two year,81.93282334905697,1,1,Bank transfer,1,0,32,Female,No,1,0,1,0,4670.170930896247,1,0,152.40193774075226,67.72953139752713,22,15,0,2,3616.8110383230855
49,Two year,80.24430219387003,1,1,Bank transfer,1,0,47,Female,Fiber optic,0,0,0,0,3931.9708074996315,3,1,11.52654480071206,60.3777795606844,0,3,0,1,3690.178901887761
45,Two year,78.3439177405536,1,1,Bank transfer,1,0,44,Male,Fiber optic,1,0,1,0,3525.4762983249116,1,1,11.88891050975594,59.548152549840744,35,8,0,2,3563.4152266779456
51,Two year,78.97153681725042,1,1,Credit card,1,0,42,Male,Fiber optic,1,1,1,1,4027.5483776797714,2,0,112.58627185050905,48.04582391120874,46,24,0,2,3026.24414194972
16,Month-to-month,89.18610873597272,0,0,Electronic check,1,0,23,Male,Fiber optic,1,1,1,1,1426.9777397755636,9,3,5.913812290915846,16.20058411152535,-16,29,1,1,1924.562344284455
56,Two year,60.07519534099642,1,1,Bank transfer,1,0,39,Male,DSL,0,0,0,1,3364.2109390958,2,1,30.420435859110757,41.07790502311193,38,16,0,2,3563.1746868607183
21,Two year,89.84267820779186,1,1,Credit card,0,0,42,Male,DSL,0,0,0,1,1886.6962423636292,4,3,8.233693689611613,68.884341836593,-1,0,0,1,2438.936594514044
62,Two year,92.47008867462839,1,1,Bank transfer,1,0,46,Male,Fiber optic,0,0,0,0,5733.14549782696,4,0,104.36878363370964,62.839236691759766,53,2,1,2,4789.641109964457
58,Two year,74.59192876578118,1,1,Credit card,1,0,46,Male,No,0,0,0,0,4326.331868415308,3,1,238.7990478010515,76.71408342772614,95,16,0,2,4590.888843662978
6,One year,77.0319999593057,1,0,Mailed check,1,1,78,Female,Fiber optic,1,0,0,0,462.19199975583416,3,3,94.48128747256422,40.197269488266656,47,8,0,2,2223.0040979120245
10,Month-to-month,117.96619522541069,0,0,Electronic check,1,1,68,Female,DSL,1,0,0,1,1179.6619522541068,8,3,2.6344275783509765,29.567632825926754,38,26,1,1,3481.2032000217205
23,Month-to-month,110.51515686667355,0,0,Electronic check,1,0,33,Female,DSL,0,1,0,0,2541.8486079334916,7,5,42.48201802929077,17.764229662984885,-32,166,1,0,3259.8386983915952
21,One year,76.45392825247679,0,1,Bank transfer,0,0,62,Male,DSL,1,0,0,0,1605.5324933020124,1,0,161.4084269398436,66.07821628534384,23,0,0,2,1893.448496259952
62,Two year,95.11564636165309,1,1,Bank transfer,1,0,24,Male,Fiber optic,1,0,0,0,5897.170074422492,1,2,48.07829619127321,79.23517401424633,-16,36,0,2,2862.068115767677
19,One year,58.118776566567334,1,1,Credit card,1,0,35,Male,No,0,1,0,1,1104.2567547647793,1,1,0.963215202437461,57.05733658704277,26,9,1,1,3003.903113610607
68,Two year,95.90698690711827,1,1,Bank transfer,1,0,19,Female,Fiber optic,0,0,1,0,6521.675109684042,1,0,222.61483496605922,63.77095192194594,17,52,0,2,3685.493099186295
41,Two year,69.38696153046205,1,1,Bank transfer,1,1,66,Male,DSL,1,0,0,0,2844.8654227489437,2,0,84.81208475675643,57.026013007709025,54,36,0,2,3170.1463168597934
52,Two year,83.01421613006224,1,1,Credit card,1,0,44,Male,Fiber optic,1,0,0,0,4316.739238763236,4,1,6.542815179443506,56.781176366713424,8,8,0,2,2557.401695252429
65,Two year,97.86551816798428,1,1,Bank transfer,1,0,63,Female,Fiber optic,1,0,0,0,6361.258680918978,2,0,120.56208532321658,51.038640420024066,25,4,0,2,4072.8913218887838
2,One year,78.19580060365942,0,0,Electronic check,0,0,26,Male,No,1,0,1,0,156.39160120731884,1,2,153.7468550292398,59.35445660008294,64,4,0,2,2280.7030961688893
11,Month-to-month,38.19658604766013,0,0,Electronic check,1,0,28,Female,DSL,0,1,1,1,420.16244652426144,4,1,79.76400241253421,42.42345486685336,16,55,0,2,1794.4831094504034
27,One year,71.5749823529611,0,0,Credit card,1,1,71,Female,Fiber optic,0,0,0,0,1932.5245235299496,0,0,84.33122739037107,70.8497748587726,-4,0,0,2,1549.8739480131753
7,Month-to-month,42.590735100456584,0,0,Electronic check,0,0,27,Male,Fiber optic,0,1,1,0,298.1351457031961,3,1,75.64143428231586,71.82622675096756,38,14,1,2,1681.7473245649178
2,Month-to-month,72.03925359695573,1,0,Mailed check,0,0,57,Female,No,1,0,1,1,144.07850719391146,3,1,35.33735010251977,71.1738750368299,17,23,1,2,982.0737854844856
45,Two year,83.85286075441473,1,1,Credit card,1,1,65,Male,Fiber optic,0,0,1,1,3773.378733948663,1,0,94.77637742333044,46.495139457598896,97,11,0,2,4052.2685322995253
56,Two year,74.26928212160007,1,1,Bank transfer,1,0,31,Male,DSL,0,0,0,0,4159.079798809604,5,2,71.357989157462,72.68891726359972,23,10,0,2,2724.7320804221727
66,Two year,69.401488592153,1,1,Credit card,1,0,23,Male,Fiber optic,1,0,1,0,4580.498247082098,2,1,80.76870307221174,74.26601159344179,31,21,0,2,4048.8742696919035
3,One year,62.24280217148634,0,0,Mailed check,1,0,18,Female,Fiber optic,1,0,0,0,186.728406514459,3,0,278.7109131364055,59.62537189320149,28,6,0,2,1363.4960144229206
62,Two year,97.59279167707368,1,1,Bank transfer,1,0,54,Female,No,1,0,0,0,6050.753083978568,2,2,19.88004990010791,72.88520351457035,84,0,0,2,4739.198357094678
37,Two year,60.41710797589612,1,1,Bank transfer,1,0,32,Female,No,1,0,0,0,2235.4329951081563,2,0,7.863931983750189,48.74486924638795,50,4,0,2,3540.1472317088715
33,One year,77.83578605853515,0,0,Mailed check,1,0,55,Male,Fiber optic,0,0,0,1,2568.58093993166,0,0,123.75946368795948,48.00017424568431,66,10,0,2,2775.573696177728
30,One year,76.79194911098462,0,0,Credit card,0,0,31,Female,Fiber optic,0,1,1,1,2303.7584733295384,5,0,19.763307166724456,60.006503968605,53,11,0,2,2934.9240082658816
18,Month-to-month,81.87615209240344,0,0,Electronic check,1,1,67,Female,DSL,1,0,0,0,1473.770737663262,7,4,18.79560455750674,9.055694856558484,-100,32,1,0,1550.2711130174525
52,Two year,93.54196859611312,1,1,Credit card,1,0,36,Male,Fiber optic,1,0,0,0,4864.182366997882,2,0,38.47424852184713,56.05382896772872,81,38,0,2,4219.383708428731
2,Month-to-month,76.60669576991415,1,0,Mailed check,1,0,44,Female,DSL,0,0,0,0,153.2133915398283,3,1,79.82611647527624,43.68896086247399,-29,0,1,2,690.8560170411786
7,Month-to-month,69.80342626984687,1,0,Electronic check,0,0,54,Female,DSL,1,0,1,0,488.6239838889281,3,1,14.315887942210576,48.669607667485394,63,15,0,2,1947.6732582487484
41,Two year,82.66301448685674,1,1,Bank transfer,1,0,24,Female,DSL,0,0,1,0,3389.1835939611265,1,0,239.61877007698368,51.39779720769918,50,37,0,2,3157.820108113466
19,Two year,89.11831787818018,0,1,Bank transfer,0,0,21,Male,No,0,0,1,1,1693.2480396854235,1,2,19.28325237397875,49.5228885383886,51,20,1,2,2300.0876053637185
7,Month-to-month,86.10967253239814,0,0,Electronic check,1,0,27,Female,No,1,0,1,1,602.767707726787,8,5,26.95220309133083,18.66991597645485,-12,23,1,1,1772.1016770524263
18,Month-to-month,115.84116460117102,0,0,Electronic check,1,0,43,Male,DSL,0,1,1,0,2085.140962821078,8,4,7.4543933647482685,29.523590486062293,48,71,1,1,3447.323113422871
32,Two year,87.50949879581688,1,1,Bank transfer,1,0,44,Female,Fiber optic,0,1,0,0,2800.30396146614,1,2,50.61341249115624,50.24849438002314,6,9,0,1,2975.1661420963314
16,Month-to-month,94.65977598939645,0,0,Electronic check,1,0,58,Female,DSL,0,0,0,0,1514.5564158303432,6,4,9.519375141046153,16.57637825151574,-51,64,1,0,2563.5219599215725
69,Two year,82.50846796089357,1,1,Credit card,1,0,22,Female,DSL,1,1,1,0,5693.084289301656,2,0,31.96516098305319,64.79246305190941,20,11,0,2,3508.131559004299
13,Month-to-month,112.54531610754998,0,0,Electronic check,1,0,39,Female,No,0,1,0,0,1463.0891093981497,11,5,10.660821077440945,20.380946459176435,6,91,1,0,3731.122111616037
64,Two year,78.99546174024874,1,1,Bank transfer,1,0,32,Male,DSL,1,0,0,1,5055.70955137592,2,0,0.0920586025543593,57.45303079879594,100,32,0,2,5442.411585300725
13,Month-to-month,107.20930536157965,0,0,Electronic check,1,1,66,Female,No,0,0,0,1,1393.7209697005355,8,1,15.610295700529633,6.510308343446032,10,37,0,1,2181.354415495815
16,Month-to-month,83.66561793268598,0,0,Electronic check,1,0,31,Male,Fiber optic,0,0,0,0,1338.6498869229756,12,1,1.1497793853128053,29.36026531620903,9,0,1,1,2583.547955642451
47,Two year,90.32740044306149,1,1,Bank transfer,1,0,27,Female,Fiber optic,0,0,0,1,4245.38782082389,1,0,0.6703070154276995,48.02459427441083,32,17,0,2,3278.587020162706
14,Month-to-month,106.09619849644668,0,0,Electronic check,1,1,69,Female,Fiber optic,0,1,0,1,1485.3467789502533,2,4,14.899639891895259,13.530852427310002,-34,78,1,0,2646.26263521492
3,One year,54.57571129159133,0,0,Electronic check,0,0,26,Female,Fiber optic,1,0,0,0,163.72713387477398,3,0,11.981076271141939,42.34979186171746,37,3,0,2,1223.9037467332255
27,Two year,52.82635170697545,1,0,Bank transfer,0,1,71,Female,DSL,0,0,1,0,1426.3114960883372,1,0,44.326888077955175,75.89706974106784,82,1,0,2,3397.499260844557
7,Month-to-month,57.70291917301054,0,0,Electronic check,0,0,31,Female,Fiber optic,1,1,0,1,403.9204342110738,1,2,130.54894040190877,75.65668902491798,65,3,1,2,2266.029832831372
18,Month-to-month,75.42776788863242,0,0,Electronic check,1,0,34,Female,DSL,1,0,1,1,1357.6998219953834,11,3,13.740613768212677,17.82665073541164,-25,26,1,1,2032.4915418473252
3,Month-to-month,31.17164776836941,0,0,Electronic check,0,0,63,Female,Fiber optic,0,1,0,0,93.51494330510823,3,0,6.409172629795964,70.92197379656034,44,19,0,2,1302.4624459186546
20,One year,59.64118929343703,0,1,Mailed check,1,0,19,Male,Fiber optic,0,0,1,0,1192.8237858687405,2,2,38.446822691755074,43.849674608040374,8,19,0,1,1961.3949688315881
13,One year,59.5860853206438,0,1,Credit card,0,0,25,Male,DSL,1,0,1,0,774.6191091683694,5,0,2.41763785175669,49.848592815867576,70,41,0,2,2207.9503438312267
13,Month-to-month,80.07635014591212,0,0,Electronic check,1,1,76,Female,No,0,0,1,0,1040.9925518968575,15,3,20.988749931483003,22.250262720224725,1,189,1,0,2997.1281708733472
9,Month-to-month,79.79125244275788,0,0,Electronic check,1,0,20,Female,DSL,0,0,1,0,718.121271984821,4,3,7.117938050106543,20.927200639169065,-69,22,1,1,870.4136552552839
35,Two year,65.82396727399309,0,0,Mailed check,0,0,57,Male,DSL,1,0,0,1,2303.8388545897583,2,1,53.94088513986523,57.767657063106064,50,1,0,2,3043.7609035766022
22,Month-to-month,73.84335516908774,0,0,Electronic check,1,0,42,Female,Fiber optic,0,1,0,0,1624.5538137199303,6,3,49.309461043338565,18.927281784571846,-15,72,1,1,2246.1195441989817
45,Two year,88.93619062449145,1,1,Credit card,1,0,60,Female,Fiber optic,0,0,1,1,4002.128578102115,1,0,9.616707694509278,74.84018186039378,70,9,0,2,3611.21705352453
8,Month-to-month,110.48768587178319,0,0,Electronic check,1,0,49,Female,Fiber optic,1,1,0,0,883.9014869742655,7,2,22.788523465231954,23.592989377350875,-5,20,1,1,2461.2591564101235
2,One year,34.94843117043534,1,0,Mailed check,1,0,26,Male,Fiber optic,1,0,0,0,69.89686234087068,1,1,51.54493361561476,58.32140591145419,20,20,0,2,747.7507957380589
13,Two year,72.05617899623603,1,0,Mailed check,1,1,74,Female,DSL,0,0,0,0,936.7303269510684,2,0,110.75400040147697,73.1688282085939,-3,3,0,2,1310.2810241211591
38,Two year,94.9704988244095,1,1,Bank transfer,1,0,62,Female,Fiber optic,0,1,1,1,3608.878955327561,3,0,4.122063915902973,45.58349933370481,49,14,0,2,3181.3670132721454
11,Month-to-month,78.13924039903661,0,0,Electronic check,1,0,22,Male,Fiber optic,1,0,0,0,859.5316443894027,0,0,60.59431487312007,60.92821411065787,23,4,0,2,1679.0983632160187
59,Two year,99.60835574350486,1,1,Bank transfer,1,0,34,Female,Fiber optic,0,0,0,0,5876.892988866786,3,0,113.44189921118199,62.44706762372673,15,2,0,2,3774.8399902413603
18,One year,80.98707073493816,0,0,Credit card,1,1,71,Male,No,1,1,1,0,1457.7672732288868,2,0,80.85581879944988,75.50470651911124,-19,2,1,2,1529.6035310112668
17,One year,85.09224761248231,0,0,Bank transfer,1,1,66,Male,DSL,1,1,0,0,1446.5682094121994,1,1,9.462112019160942,63.5632618985655,14,23,0,2,2063.385691015804
26,Two year,68.48338418499587,1,0,Mailed check,1,0,37,Male,Fiber optic,1,0,0,0,1780.5679888098925,3,1,116.95706968112576,64.8436648574745,51,61,0,2,2820.311384573766
10,Month-to-month,79.1567685785885,0,0,Electronic check,1,0,24,Male,Fiber optic,0,0,1,1,791.567685785885,7,4,31.538910303388906,26.147829974034018,22,153,1,0,3306.631748307114
20,Two year,79.04970354029484,1,1,Mailed check,1,0,39,Female,DSL,0,1,0,1,1580.9940708058969,1,0,154.69048322370517,62.394334633970495,69,9,0,2,3275.0929731915794
17,Month-to-month,103.00863208234784,0,0,Electronic check,1,1,76,Male,No,1,1,1,1,1751.1467453999135,5,2,9.867344796959168,23.89614914575584,-11,10,1,1,2916.4620614861064
10,Month-to-month,97.3983898396964,0,0,Electronic check,1,0,28,Male,Fiber optic,0,0,1,0,973.983898396964,9,1,50.71429496776085,10.310918174304238,-4,38,1,1,2530.6452212921326
2,One year,35.92308525472409,1,0,Electronic check,1,0,32,Male,Fiber optic,1,0,1,0,71.84617050944819,2,0,234.6765684648058,43.346148589692234,54,43,0,2,1176.4703971034746
51,Two year,90.50385578776701,1,1,Bank transfer,1,1,70,Female,DSL,0,0,1,1,4615.696645176117,3,0,101.76799253292405,57.90246542596342,16,11,0,2,3279.1250226684733
23,Two year,57.387785179768215,0,1,Credit card,0,0,35,Male,No,1,0,0,1,1319.919059134669,3,0,8.143195903377604,79.4527848749164,9,39,0,2,1305.2833277240697
19,One year,89.33122410300696,0,1,Mailed check,0,1,65,Male,Fiber optic,0,0,1,0,1697.2932579571323,2,0,11.379375585562336,70.5080446201101,21,8,0,2,2307.16252383148
6,One year,46.00905837142193,0,1,Electronic check,0,0,30,Male,Fiber optic,0,0,0,1,276.0543502285316,2,0,24.85603569890208,59.00667999468648,51,0,0,2,1824.0351179055328
10,Month-to-month,32.46368267913857,1,0,Electronic check,1,0,23,Male,Fiber optic,0,0,1,1,324.6368267913857,3,0,12.168511650589942,57.065985799993726,45,17,0,2,1459.4282099398586
21,One year,89.94777012121773,1,0,Bank transfer,0,0,62,Male,Fiber optic,0,0,0,0,1888.9031725455723,3,1,173.7765139042073,72.25799081798905,88,2,0,2,3230.3670471181913
28,Two year,69.5006417933899,0,1,Bank transfer,0,0,33,Male,Fiber optic,0,0,0,0,1946.0179702149173,3,0,21.10620141263273,60.99514554471878,26,43,1,1,3207.1977313283223
15,One year,60.599230916675324,1,1,Credit card,0,0,45,Male,DSL,1,1,0,1,908.9884637501299,3,1,17.460385620684846,73.41749921742971,65,3,0,2,2641.7471370400385
20,Two year,54.89459315064097,1,1,Bank transfer,1,0,56,Female,No,1,0,0,1,1097.8918630128194,4,1,199.21755948887636,55.55433916233818,40,6,0,2,2334.8730116697598
10,Month-to-month,77.1510354822868,0,0,Mailed check,1,0,34,Male,Fiber optic,0,1,1,1,771.5103548228681,1,1,8.596042983496869,76.3798311781831,39,14,1,2,1676.6565208358309
60,Two year,99.46771921428646,1,1,Bank transfer,1,0,23,Female,DSL,0,0,0,0,5968.063152857188,4,0,103.30395601354988,68.07206664404318,43,13,0,2,3799.220308132455
12,Two year,54.21862520037678,0,1,Bank transfer,1,0,45,Female,No,0,1,0,0,650.6235024045213,0,3,101.37746816940142,45.20096977783841,55,7,0,2,2059.741958957311
52,Two year,88.43538866729276,1,1,Bank transfer,1,0,29,Female,DSL,0,1,0,1,4598.640210699224,1,0,49.098657141798434,53.34030704993813,82,2,0,2,4046.6939675346675
13,One year,75.7810054268144,1,1,Credit card,0,1,69,Female,Fiber optic,1,1,1,1,985.1530705485873,2,0,12.028811402595224,43.971251821818036,-2,14,0,2,1160.4479061929167
21,Month-to-month,104.35612601799028,0,0,Electronic check,1,0,47,Male,Fiber optic,1,0,0,1,2191.478646377796,6,2,1.1787430943031318,20.5402545846694,-19,21,1,1,2539.2729043519444
30,One year,75.04177881862866,0,0,Credit card,0,0,52,Female,DSL,0,0,1,0,2251.2533645588596,1,0,90.6318536232964,59.07619743580001,74,11,0,2,2726.063470688319
70,Two year,90.94155566138255,1,1,Credit card,1,1,67,Male,No,0,0,0,1,6365.908896296779,1,0,33.73651639572833,62.49299731542851,50,27,0,2,3951.3085438329176
29,Two year,58.36285141201397,1,1,Credit card,0,0,50,Female,No,0,0,1,1,1692.522690948405,1,0,13.1091912508431,73.81856309316439,62,20,0,2,2604.6495563083868
40,Two year,60.24354992959356,1,1,Credit card,1,1,79,Male,Fiber optic,1,0,0,1,2409.7419971837426,0,0,10.11965882691948,52.10222543989454,30,6,0,2,2516.12456931256
27,Two year,86.58763698832928,1,0,Bank transfer,1,0,37,Female,DSL,1,1,1,0,2337.8661986848906,2,0,73.49660360442921,60.07565951864316,41,10,0,2,2015.1573075038377
47,Two year,74.17071059364187,1,1,Bank transfer,1,0,18,Female,No,1,1,0,1,3486.0233979011678,1,1,21.26671781809853,68.09507155554026,8,5,0,1,2875.375516083778
13,Month-to-month,73.8044685674788,0,0,Electronic check,1,0,55,Female,Fiber optic,0,0,0,1,959.4580913772245,6,2,1.6588568581925127,16.02166324385191,-4,111,1,1,2034.6043061172718
22,Two year,70.43544032898656,1,1,Bank transfer,1,0,58,Male,Fiber optic,0,1,1,0,1549.5796872377043,4,2,16.133403236120646,74.11607806198364,88,4,0,2,2803.535603577448
5,Month-to-month,64.59319540804222,1,0,Mailed check,1,0,48,Male,DSL,0,0,1,0,322.9659770402111,1,0,40.48481048966891,62.31045947719248,58,10,0,2,2089.1828790448117
65,Two year,95.19287655806781,1,1,Credit card,1,0,52,Female,DSL,0,0,0,1,6187.536976274408,2,0,16.8411016851937,73.38603242339514,87,18,0,2,4646.5799136589
25,Two year,67.51944086247863,1,1,Mailed check,0,0,28,Male,DSL,1,0,0,0,1687.9860215619658,1,0,4.992416718675626,72.40442847734991,50,0,0,2,2660.2772523697813
28,Two year,57.54959382794029,1,0,Credit card,0,0,59,Male,DSL,0,0,0,0,1611.3886271823283,3,0,77.74998506708287,52.90987481917868,82,1,0,2,2994.5220385640555
64,Two year,75.30321294282541,1,1,Credit card,1,0,38,Female,DSL,1,1,1,1,4819.405628340826,1,1,97.4761035741271,54.028447458839246,-22,5,0,2,2879.214533751229
6,Month-to-month,70.06857677318183,1,1,Electronic check,1,0,27,Male,Fiber optic,0,0,1,1,420.411460639091,1,0,33.51284042456383,73.52961231806054,59,11,0,2,1931.7349344564493
16,One year,86.69627704370994,1,1,Credit card,0,0,50,Female,No,0,1,1,1,1387.140432699359,4,1,10.99061863526092,68.31501978951377,44,70,0,1,2817.829649400438
16,One year,86.51526980890787,1,0,Credit card,0,0,57,Male,No,0,1,0,0,1384.244316942526,0,0,40.34517723000677,70.42604629135293,17,7,0,2,1518.622656461849
65,Two year,68.64205460046749,1,1,Bank transfer,1,0,44,Male,Fiber optic,0,0,0,0,4461.733549030387,4,1,72.42493830755227,76.14798417039975,53,10,0,2,3988.640631166526
17,Month-to-month,81.38433129647993,0,0,Electronic check,1,0,63,Female,No,1,0,0,1,1383.5336320401589,4,5,26.25597783955136,16.156446237311805,0,52,1,1,2643.1956117218574
11,Month-to-month,54.700583529965286,0,1,Mailed check,0,0,45,Male,Fiber optic,0,0,0,0,601.7064188296181,4,0,10.818440179871327,56.893840969796656,46,0,0,2,2337.054289152754
46,Two year,63.954944705625415,1,1,Bank transfer,1,0,42,Male,No,1,0,0,0,2941.927456458769,4,2,140.55322571113211,67.34774918650916,42,0,0,2,2575.766101990702
5,Month-to-month,49.85934431585645,1,0,Mailed check,1,1,71,Male,Fiber optic,0,0,0,0,249.29672157928223,1,0,35.97681149846955,52.6268787201454,1,0,0,2,708.8370480139248
53,Two year,61.84494257342935,1,1,Bank transfer,1,0,44,Male,Fiber optic,1,1,0,1,3277.7819563917556,3,1,72.43415974582375,48.781051071850435,52,19,0,2,3714.477486106069
17,Two year,74.23411873535584,1,1,Bank transfer,0,1,66,Female,Fiber optic,1,1,0,0,1261.9800185010492,2,1,109.89971392046652,72.2647788512806,7,40,0,2,1628.8744489502812
59,Two year,73.67129618947047,1,1,Bank transfer,1,0,61,Male,Fiber optic,0,0,1,0,4346.606475178758,0,1,35.62099404196239,64.51954934447674,-2,5,0,2,3159.4290559010037
24,Two year,53.505695153189606,0,0,Bank transfer,0,0,35,Female,Fiber optic,0,0,0,0,1284.1366836765505,0,2,6.6448931782367,53.10376060067685,36,13,1,1,2521.338834018972
19,One year,62.99171483153263,1,1,Mailed check,1,0,59,Male,DSL,0,0,0,0,1196.8425817991201,1,0,17.923921604899924,51.157495908158474,60,0,0,2,2392.2273771323303
12,Month-to-month,82.31328619903928,0,0,Electronic check,1,0,47,Female,Fiber optic,0,0,0,1,987.7594343884714,11,1,46.21689429480564,14.251579318282605,-44,1,1,1,1919.8624886884866
68,Two year,82.62199859685762,1,1,Credit card,1,0,25,Male,DSL,0,1,1,0,5618.295904586318,3,0,55.81948484257816,78.49096272652699,74,4,0,2,4735.412631826289
16,Month-to-month,110.3657150384526,0,0,Electronic check,1,0,38,Male,No,1,0,0,1,1765.8514406152417,8,3,3.359045795077911,16.119224332308676,-43,14,1,1,1688.1920390244545
18,One year,77.57646833722052,1,1,Bank transfer,0,0,19,Female,DSL,1,1,1,1,1396.3764300699693,2,2,46.9410593732721,45.986771917501194,8,1,0,2,2129.5215806527312
32,One year,84.50472407037722,1,0,Credit card,0,0,18,Female,No,0,0,1,0,2704.151170252071,1,0,161.04788656141722,52.039447659455945,74,9,0,2,3061.512320688522
39,Two year,67.13783860911089,1,1,Bank transfer,1,0,41,Male,Fiber optic,1,0,0,0,2618.3757057553244,2,0,11.381332423570706,62.5851381500884,77,0,0,2,3508.396271609501
29,Two year,56.91442099954908,1,1,Bank transfer,0,0,20,Male,No,0,0,1,0,1650.5182089869234,2,1,48.58974180287437,79.94472672510827,69,48,0,2,3209.681070227846
2,One year,42.49508608184449,0,0,Mailed check,1,0,21,Male,DSL,1,1,0,0,84.99017216368898,0,0,122.94024750727438,66.81735799997101,62,12,0,2,1555.5286976790526
64,Two year,74.85634270600563,1,1,Credit card,1,0,41,Female,Fiber optic,0,0,0,0,4790.805933184361,0,0,7.011166342882495,66.3975570176803,20,28,0,1,4632.303066217428
19,One year,57.43036224824841,0,1,Credit card,1,0,22,Male,DSL,1,0,1,1,1091.1768827167198,3,0,69.10000804003957,64.176313822107,81,0,1,2,2722.4883497813676
11,Month-to-month,74.0325288732289,1,1,Electronic check,1,0,41,Female,Fiber optic,0,0,1,1,814.3578176055179,0,0,25.049242627915856,74.69694615837284,11,14,0,2,1769.2267672779915
67,Two year,60.567601975830684,1,1,Bank transfer,1,0,32,Female,Fiber optic,0,1,1,0,4058.029332380656,3,0,71.06436574396017,65.02253232943654,19,9,0,2,3779.4912177156066
63,Two year,75.89525561941267,1,1,Bank transfer,1,0,38,Female,Fiber optic,1,0,0,0,4781.401104022998,0,0,61.26363832847932,72.56233525611664,34,24,0,2,3368.0310006291684
56,Two year,71.3541811443458,1,1,Credit card,1,0,44,Male,Fiber optic,1,0,0,1,3995.8341440833647,1,2,20.684623532589754,48.38288088170661,40,2,0,2,3660.4142591519653
60,Two year,88.00137091088418,1,1,Bank transfer,1,0,29,Female,No,0,1,1,0,5280.082254653051,2,0,12.698770590465063,48.7805146980665,47,3,0,2,4458.433956322842
7,One year,40.53533325374531,0,0,Electronic check,1,0,20,Female,Fiber optic,0,1,1,0,283.74733277621715,1,0,78.3280040773594,78.3965095363215,36,32,1,2,1841.0508002202628
19,Month-to-month,97.6354785083349,0,0,Electronic check,1,0,54,Female,Fiber optic,0,0,1,0,1855.0740916583632,9,3,15.6816705138313,23.13172481053246,21,134,1,1,2964.1429745465425
36,Two year,85.45962604196616,1,1,Bank transfer,1,0,23,Female,Fiber optic,1,1,0,1,3076.546537510782,3,0,25.94605645458667,42.862872250910385,-70,16,0,1,1952.0647104680072
18,Month-to-month,101.92625230958323,0,0,Electronic check,1,0,48,Male,No,0,0,0,1,1834.6725415724982,5,4,2.9247961524697934,17.036398223991174,-11,22,1,1,2494.45592994168
25,One year,69.74309754688728,0,0,Credit card,1,0,33,Male,No,0,0,1,1,1743.577438672182,2,0,12.527386180410723,46.252461587158116,10,10,1,2,2283.9773146910306
23,One year,73.18522280946453,1,0,Mailed check,0,0,18,Female,DSL,0,1,1,0,1683.2601246176844,2,0,329.6846916209016,73.10261573245415,55,11,0,2,2375.7964471896175
2,Month-to-month,35.98799832160986,0,1,Mailed check,0,0,27,Male,DSL,0,0,0,1,71.97599664321972,1,1,169.1337994039193,78.94399501989216,50,1,0,2,1154.310040348568
53,Two year,73.49360564068094,1,1,Bank transfer,1,1,66,Male,DSL,0,0,0,1,3895.16109895609,1,0,57.18696143111146,79.41572044074879,23,6,0,2,3087.3470523950323
6,Month-to-month,62.235998869090885,0,0,Electronic check,1,0,21,Male,DSL,0,1,0,0,373.4159932145453,5,0,242.89026853515833,66.12379371770494,22,8,0,2,1193.863022116966
69,Two year,68.47021402661913,1,1,Credit card,1,1,78,Male,No,0,1,0,1,4724.4447678367205,4,0,64.32705951816979,47.19020509780237,46,17,0,2,4445.068627728763
61,Two year,69.67555534216584,1,1,Credit card,1,0,55,Female,DSL,1,0,0,1,4250.208875872116,1,2,111.67216752837359,67.7704603982902,57,4,0,2,4196.430230539326
69,Two year,87.81662593312213,1,1,Bank transfer,1,0,22,Male,Fiber optic,0,0,0,0,6059.347189385427,2,1,204.4084318304634,71.824644448924,-21,14,0,2,2870.8310621646174
43,Two year,70.2753539058286,1,1,Credit card,1,0,53,Female,Fiber optic,1,1,1,0,3021.8402179506297,1,0,113.41670543109949,55.02083041393742,-2,6,0,2,2001.5466488980705
21,Month-to-month,107.6259330285181,0,0,Electronic check,1,1,65,Female,No,0,0,0,1,2260.1445935988804,7,0,32.44174670436563,7.49159056293432,20,42,1,2,2421.3439136023367
3,One year,35.76505451695247,0,0,Electronic check,0,0,54,Female,Fiber optic,1,0,1,0,107.29516355085741,3,1,94.74627034094063,45.59129360218785,30,9,0,2,1218.2757160110286
40,Two year,64.51772833644694,1,1,Bank transfer,1,0,48,Male,Fiber optic,1,0,0,1,2580.709133457877,3,0,80.06987153232103,77.52629938844376,59,4,0,2,3367.995290152261
60,Two year,98.82968614708992,1,1,Credit card,1,1,79,Female,Fiber optic,0,1,0,0,5929.781168825395,3,0,9.439802285844587,45.39048486618933,24,3,0,2,2846.710752150598
25,Two year,85.70045951114118,1,0,Bank transfer,1,0,52,Female,DSL,0,0,0,0,2142.5114877785295,1,1,60.83993280217303,76.5872910466463,46,16,0,2,2868.7701623869043
25,Two year,66.58750838597726,1,1,Credit card,1,0,31,Female,Fiber optic,0,0,1,1,1664.6877096494316,5,0,13.10562212462948,63.73925180447761,41,10,0,2,2339.599045727266
18,Month-to-month,90.4096540908709,0,0,Electronic check,1,0,41,Male,Fiber optic,0,0,1,1,1627.3737736356761,12,3,2.1535535490648074,19.696117905007547,-74,27,1,1,1172.8512941885306
19,Month-to-month,71.42592469556463,0,0,Electronic check,1,0,21,Female,Fiber optic,0,0,0,1,1357.092569215728,11,5,10.97729336083111,23.40729255770092,-25,100,1,0,2961.4932621390826
20,Month-to-month,83.6333995134072,0,0,Electronic check,1,1,71,Male,Fiber optic,0,1,1,0,1672.667990268144,16,3,18.334468057105184,13.502234821019163,-55,10,1,1,827.8642302796947
11,Month-to-month,34.57414789648236,1,0,Mailed check,1,0,26,Male,No,0,0,0,0,380.31562686130593,1,1,2.321172671344777,63.29662812899995,58,6,1,2,2226.7325316813613
10,Month-to-month,42.281578702440726,1,1,Electronic check,0,0,63,Male,No,0,0,0,0,422.81578702440726,2,2,30.208449476347134,52.78677783565392,19,0,0,2,807.679494613032
19,One year,78.77085540276862,1,1,Bank transfer,1,0,40,Female,Fiber optic,1,1,0,0,1496.6462526526038,1,0,19.664754235171998,75.25371148622807,68,2,0,2,2550.4831100862853
17,Month-to-month,103.95638687004367,0,0,Electronic check,1,1,75,Female,No,0,0,0,0,1767.2585767907424,10,4,4.486660363897032,11.639420837426021,-61,103,1,0,2343.0262619568844
20,Month-to-month,79.03879774203634,0,0,Electronic check,1,0,45,Male,No,1,0,0,0,1580.7759548407266,12,4,14.053982632131675,7.56635667626032,-1,23,1,1,2379.0583508805075
35,One year,73.6439519708797,0,0,Bank transfer,0,0,41,Male,Fiber optic,0,1,0,1,2577.5383189807894,3,0,63.447911006011374,70.3407763070853,37,10,0,2,2483.436036419192
64,Two year,86.06671674825704,1,1,Bank transfer,1,0,24,Male,DSL,1,0,0,0,5508.26987188845,3,1,31.789571305422992,74.67624952448628,45,46,0,1,5069.296784340137
31,One year,85.57350448085793,1,1,Bank transfer,0,0,28,Female,DSL,0,0,0,1,2652.778638906596,0,1,128.23001838494733,61.307555426089095,59,3,0,2,2676.198872385513
10,Month-to-month,82.9695803710428,0,0,Electronic check,1,0,48,Male,DSL,0,0,1,1,829.695803710428,9,5,42.353255431200395,14.36664296397077,-39,29,1,1,2074.719421822373
65,Two year,63.761444177370656,1,1,Credit card,1,0,53,Male,Fiber optic,0,0,0,0,4144.493871529093,0,2,88.46668374679473,78.46760453311566,53,0,0,2,4329.0274895735265
21,Two year,57.763781571584204,1,1,Credit card,1,0,51,Male,No,1,0,0,0,1213.0394130032682,6,0,76.65678927678364,62.443390184337744,23,6,0,2,2032.6095709178862
1,Month-to-month,60.57474263595996,0,0,Electronic check,1,1,70,Male,No,1,0,0,1,60.57474263595996,2,1,182.30394669240349,41.880631575999246,21,27,0,2,860.9440752890529
50,Two year,89.59945546742446,1,1,Credit card,1,0,32,Female,DSL,0,0,0,1,4479.972773371223,0,1,50.91656907384809,49.77872159294257,28,46,0,2,3635.852941749368
7,One year,69.71921125464281,1,0,Electronic check,1,0,58,Female,No,0,0,0,0,488.0344787824997,2,0,93.18200321978027,62.89311232607565,82,31,0,2,2185.0961952604953
29,Two year,57.569412437970804,0,1,Mailed check,1,0,45,Male,No,1,1,1,1,1669.5129607011534,1,0,98.88659931990948,63.35490093028277,34,1,0,2,2132.680409162118
46,Two year,90.2505863156581,1,1,Bank transfer,1,0,60,Female,Fiber optic,1,1,0,0,4151.526970520273,2,1,4.767854246369621,66.29773606674885,-20,16,0,1,3186.235606275655
44,Two year,81.97289917612696,1,1,Bank transfer,1,0,63,Male,DSL,0,1,1,0,3606.8075637495863,7,0,3.8164641049825807,52.727691557126704,59,0,0,2,3078.9740127684377
55,Two year,71.21337843166083,1,1,Credit card,1,0,41,Male,Fiber optic,0,0,0,0,3916.7358137413457,1,0,88.84682875899794,50.13639294802534,0,5,0,2,3245.756140991303
52,Two year,81.03250395493295,1,1,Bank transfer,1,1,79,Male,DSL,1,1,0,0,4213.690205656513,4,0,67.67401653521452,68.1627070815506,56,19,0,2,3822.0728497002674
61,Two year,77.95110295325613,1,1,Bank transfer,1,0,21,Male,Fiber optic,0,0,0,0,4755.017280148623,3,1,8.571313161875988,76.1623023202118,76,6,0,2,4658.280455204287
15,Month-to-month,71.86758174079064,0,0,Electronic check,1,0,37,Male,No,0,0,1,0,1078.0137261118596,8,3,53.435569035487674,13.04071356179511,1,31,1,1,2365.0334148854417
56,Two year,74.80209338697021,1,1,Bank transfer,1,0,31,Male,DSL,0,1,0,1,4188.917229670332,3,0,3.175495366292159,43.797666587924816,4,24,0,2,2787.1437602063384
5,Month-to-month,35.68809794022747,0,0,Electronic check,1,0,47,Male,Fiber optic,0,1,0,0,178.44048970113735,2,1,26.649613009187064,64.34262368470075,19,2,1,2,1418.8395674118242
2,Month-to-month,45.46340557498477,0,0,Mailed check,1,0,62,Male,No,0,0,0,1,90.92681114996954,2,1,34.68582263072516,64.3781391441072,43,14,1,2,1375.3313032487397
59,Two year,89.73695144306437,1,1,Bank transfer,1,0,51,Male,Fiber optic,1,0,0,1,5294.480135140798,1,1,161.771845695354,70.29803351574789,86,54,0,2,4871.42295813521
11,Month-to-month,105.46953726255643,0,0,Electronic check,1,1,69,Female,Fiber optic,1,0,0,0,1160.1649098881207,5,3,39.24603445215309,6.038147526660172,-43,12,1,1,1530.2542882320456
24,One year,57.37951508657591,1,0,Credit card,1,0,61,Male,DSL,0,0,1,0,1377.1083620778218,4,0,4.339079833923277,60.58075180380524,76,22,1,2,2551.8171029321775
71,Two year,78.00497729679039,1,1,Bank transfer,1,0,18,Male,Fiber optic,1,0,1,1,5538.353388072117,3,0,87.16816846697608,50.78743865346362,64,9,0,2,4921.733660088478
21,Month-to-month,88.28210813521056,0,0,Electronic check,1,1,74,Female,DSL,1,1,1,1,1853.9242708394218,7,3,5.363504155086392,27.773216825863273,-77,15,1,1,1787.3505093147892
60,Two year,94.37663173122357,1,1,Bank transfer,1,0,43,Female,DSL,0,0,1,1,5662.597903873414,2,0,84.59247916576105,78.15998618227823,37,25,1,2,3995.684355800632
60,Two year,92.67027720478112,1,1,Credit card,1,1,66,Female,No,1,0,1,0,5560.216632286867,1,1,5.600862878232415,50.02007994713924,80,4,0,2,4239.606659141072
47,Two year,95.88745363858476,1,1,Credit card,1,0,63,Male,DSL,0,0,1,0,4506.710321013484,1,0,118.90032636089926,44.407518112794484,27,44,0,2,3210.8327062229464
10,One year,60.7451507283468,0,0,Mailed check,1,1,79,Male,No,0,1,0,0,607.451507283468,2,0,61.61666555533956,54.715246732996505,4,1,0,2,1041.6471594871948
21,Month-to-month,112.67751139791584,0,0,Electronic check,1,1,71,Female,Fiber optic,1,0,1,1,2366.2277393562326,8,1,27.125260194742047,15.779982359615179,-13,150,0,1,2039.7328489532142
11,Month-to-month,97.17701188652855,0,0,Electronic check,1,0,39,Male,Fiber optic,0,1,0,1,1068.947130751814,10,1,3.360075967537168,22.558171778264978,5,169,1,1,2413.646492565198
68,Two year,67.21231741691112,1,1,Bank transfer,1,0,52,Female,DSL,0,1,0,0,4570.4375843499565,1,1,54.19356809348614,55.87539355454054,3,31,0,2,3504.3882569483308
29,One year,50.38690155387677,1,0,Credit card,1,0,35,Female,DSL,0,0,0,0,1461.2201450624264,2,2,63.463111897900234,63.40802363699369,51,23,0,2,2144.528899390463
21,Month-to-month,96.2587894967112,0,0,Electronic check,1,0,28,Male,DSL,1,0,1,1,2021.4345794309352,10,1,30.218105836648004,23.063113716161133,-31,15,1,1,2498.607250237104
13,Month-to-month,96.45950493732835,0,0,Electronic check,1,0,50,Male,DSL,1,0,1,0,1253.9735641852685,7,0,2.031503674064417,8.148247440063617,0,87,1,2,2047.201608873435
58,Two year,96.15653321041498,1,1,Bank transfer,1,1,69,Male,No,0,1,0,0,5577.078926204069,1,0,94.05034577940596,57.77785132506223,61,11,0,2,3781.2280026543076
47,Two year,66.62513388113061,1,1,Bank transfer,1,0,26,Male,Fiber optic,1,0,0,1,3131.3812924131385,2,1,17.825444322317225,53.142109142349476,44,58,0,2,3526.49680389004
14,Month-to-month,96.27446151046587,0,0,Electronic check,1,0,55,Male,DSL,0,0,0,0,1347.842461146522,15,1,35.39748885660727,19.90143876990694,-5,23,1,2,1812.8263160317733
19,Two year,72.73451035390374,1,1,Bank transfer,0,0,23,Female,No,0,0,0,1,1381.955696724171,1,4,11.308992297434482,57.22800171215354,27,12,1,1,2722.95802863259
34,One year,71.57193055337045,1,0,Bank transfer,0,0,48,Male,DSL,0,0,0,0,2433.4456388145954,2,0,195.99547337771725,45.78150174564336,78,4,0,2,3575.1022674266255
67,Two year,73.94294668967882,1,1,Bank transfer,1,0,45,Male,Fiber optic,1,0,0,0,4954.177428208481,5,2,4.158751586938659,49.571454792642434,31,9,1,2,3520.1195010894626
8,Month-to-month,59.07124474345436,0,0,Electronic check,0,1,76,Female,DSL,0,0,0,1,472.56995794763486,3,0,5.952303750861911,53.92831839820904,60,15,0,2,1947.3245956543872
21,One year,57.721549651751104,0,0,Bank transfer,1,0,49,Female,No,0,0,0,0,1212.1525426867731,3,0,38.73997515196278,52.85035916062539,9,32,0,1,2123.8643310864286
18,Two year,61.36598579560176,0,0,Credit card,1,0,23,Female,Fiber optic,0,0,0,0,1104.5877443208317,1,0,4.568114458630587,76.41749133406023,43,29,0,2,2164.1402111735365
34,One year,69.29445665858958,0,1,Bank transfer,1,0,58,Male,Fiber optic,0,0,0,1,2356.0115263920457,1,0,100.95897867405007,41.63737514302589,69,5,0,2,2706.559565069907
23,One year,78.38270865592244,1,0,Bank transfer,1,0,32,Female,Fiber optic,1,0,1,0,1802.8022990862162,3,1,1.2266330143311277,44.58722275527507,53,9,0,2,2385.5986418896086
36,Two year,96.05502598353777,1,1,Credit card,1,0,42,Female,Fiber optic,0,0,0,0,3457.98093540736,1,0,52.90559551574307,46.45215985919676,66,9,0,2,3855.6211129891926
3,Month-to-month,44.479135233536354,1,0,Electronic check,0,1,67,Female,DSL,1,1,0,1,133.43740570060908,2,0,22.562893815274442,62.12940814743878,25,29,0,2,1096.1538283800369
10,Month-to-month,74.0552574178283,0,0,Electronic check,0,0,64,Female,No,1,0,1,1,740.5525741782831,2,0,228.37596495412166,47.99548104221154,13,9,0,2,1847.5475359218917
6,One year,39.56445783482572,0,0,Mailed check,0,0,32,Female,Fiber optic,1,1,0,1,237.3867470089543,1,0,22.330973833126247,51.47745616563977,58,24,0,2,1629.7920926841705
61,Two year,86.80384138443767,1,1,Credit card,1,1,79,Female,DSL,1,0,0,1,5295.0343244506985,3,0,137.888476909212,77.80729849271395,-38,19,0,2,2542.4538154382135
38,Two year,69.56635111128972,1,1,Bank transfer,1,0,57,Female,Fiber optic,0,0,1,0,2643.5213422290094,1,0,13.878509540228162,44.38561212681649,77,17,0,2,3439.3194604541372
2,Month-to-month,41.061890990334184,1,0,Electronic check,1,0,21,Female,Fiber optic,1,0,0,0,82.12378198066837,1,1,1.4375987246184834,70.54336381567263,33,1,1,2,983.154886156398
56,Two year,70.33726481167272,1,1,Credit card,1,0,40,Female,Fiber optic,0,0,1,1,3938.8868294536724,1,1,43.76142165717449,61.975473916132685,-8,9,0,2,2477.9512495914532
34,Two year,62.5479055227961,0,1,Credit card,0,0,26,Male,Fiber optic,1,0,1,0,2126.6287877750674,2,2,85.55565640089233,63.4626049126298,27,49,0,2,3114.390285475122
25,Two year,79.70280442969823,1,1,Mailed check,1,0,35,Male,No,0,0,1,0,1992.5701107424559,3,2,53.85262630787894,50.85779374669268,36,4,0,2,2435.108591571168
22,Month-to-month,112.10193918027606,0,0,Electronic check,1,0,39,Male,Fiber optic,0,0,0,0,2466.2426619660732,4,0,15.15213534589175,19.034523868067886,-25,50,1,1,2538.9321365124997
2,Month-to-month,30.18598304090296,1,0,Electronic check,1,0,19,Male,DSL,0,0,1,0,60.37196608180592,2,1,31.439906754930256,55.910510988451655,63,15,0,2,1642.2743604537739
29,Two year,78.27603606702883,0,0,Credit card,0,0,19,Male,Fiber optic,0,1,0,1,2270.005045943836,0,0,115.78438445806984,48.34815605777293,72,14,0,2,2579.7069363689693
24,One year,62.6317086534329,1,1,Mailed check,1,0,26,Male,Fiber optic,1,1,0,0,1503.1610076823897,0,0,54.785481935524516,78.64940921332007,-12,2,1,2,1281.699683603544
2,Month-to-month,54.78269604416236,0,0,Electronic check,0,0,55,Female,Fiber optic,1,0,0,0,109.56539208832471,5,1,66.42222521885873,43.18689668812693,7,10,1,2,417.4505264507534
56,Two year,84.12877640853489,1,1,Bank transfer,1,0,57,Female,DSL,1,1,1,1,4711.211478877954,0,1,6.996816194401601,40.29810951183458,56,2,0,2,3993.6736087919026
18,Month-to-month,79.05403511539706,0,0,Electronic check,1,0,39,Female,Fiber optic,0,0,1,0,1422.972632077147,6,5,3.112110712752467,21.014330592823665,-24,256,1,0,2218.128717132734
10,Month-to-month,76.58933343170551,0,0,Electronic check,1,0,60,Female,Fiber optic,0,0,0,0,765.8933343170552,12,3,117.42003469062645,20.536014292971586,44,0,1,2,2043.14393226671
16,One year,53.024063555787166,0,1,Bank transfer,0,0,25,Female,DSL,0,1,0,0,848.3850168925946,7,0,25.388482330655556,55.156875368651356,56,59,0,2,1915.0738737056504
1,Month-to-month,44.22559798712221,0,0,Electronic check,0,0,34,Male,No,0,0,0,0,44.22559798712221,2,0,45.739303688267874,69.18911627276793,60,2,0,2,1480.3341372677737
57,Two year,84.19815690762164,1,1,Credit card,1,0,40,Male,Fiber optic,1,0,1,0,4799.294943734433,0,0,79.12932501065893,63.52372180571457,61,3,0,2,4144.888693241677
23,One year,72.49345309567113,1,0,Credit card,0,0,53,Male,No,1,1,0,0,1667.349421200436,1,0,60.32130833663257,59.54766309534406,67,5,0,2,3137.6478790408532
18,Month-to-month,113.91678029437935,0,0,Electronic check,1,1,75,Female,Fiber optic,0,0,1,1,2050.5020452988283,7,2,13.050227191372217,19.04877066335617,1,67,1,1,2578.266838094653
8,One year,46.822517590875506,0,0,Mailed check,0,0,18,Female,No,0,0,0,1,374.58014072700405,5,0,238.14231587953375,53.228602008309444,61,9,0,2,1837.0096729183385
8,Month-to-month,86.34393948826599,0,0,Electronic check,1,0,63,Female,DSL,0,1,0,0,690.7515159061279,6,4,18.58470332508466,28.052493972016407,32,119,1,1,2821.2775579517133
56,Two year,93.67881485986834,1,1,Bank transfer,1,1,70,Male,DSL,0,0,1,0,5246.013632152627,2,0,12.708813811533394,77.36163934960818,69,6,0,2,3729.4006869782506
50,Two year,82.8259849552374,1,1,Credit card,1,0,57,Male,DSL,1,1,1,0,4141.29924776187,1,0,5.385771406146396,62.10017580893148,-1,1,0,2,2308.235432683628
13,Month-to-month,116.75220981953652,0,0,Electronic check,1,0,50,Male,DSL,0,0,0,0,1517.7787276539748,12,4,1.8483327986024833,24.970620459035285,-7,22,1,1,2982.792911524195
27,Two year,51.753880748438526,0,1,Mailed check,0,0,49,Female,No,1,1,0,0,1397.3547802078401,3,0,16.09584011864764,57.850741232947485,58,7,0,2,2873.286586984744
62,Two year,75.15641112235258,1,1,Bank transfer,1,0,35,Female,Fiber optic,0,0,0,0,4659.69748958586,2,0,6.952587028929733,44.02387427423248,-3,13,0,2,3623.721017696994
50,Two year,65.1539484800102,1,1,Credit card,1,0,28,Female,Fiber optic,0,0,1,1,3257.69742400051,4,1,36.58651185735525,42.689074261391504,57,7,0,2,3304.9878807313935
33,Two year,60.64599787718926,0,0,Bank transfer,1,0,57,Female,DSL,0,0,0,1,2001.3179299472456,0,0,33.16017371338936,44.94980722102632,83,16,0,2,3402.7847010133714
23,Month-to-month,71.33465792934271,0,0,Electronic check,1,1,73,Male,No,0,1,1,0,1640.6971323748824,7,2,7.657464751387827,23.525588272470205,-43,20,1,1,1925.4827575296652
19,One year,58.3556413697362,1,0,Mailed check,1,0,36,Male,DSL,1,1,1,1,1108.7571860249877,2,1,139.44206657495667,78.45926872190023,5,26,0,2,2115.096378068945
40,Two year,94.27495744300376,1,1,Credit card,1,0,37,Male,Fiber optic,1,0,0,0,3770.9982977201503,2,0,28.127844632529964,63.58854496252714,19,6,0,2,3263.1998495206108
43,Two year,74.2389349517941,1,1,Bank transfer,1,0,29,Female,DSL,0,0,1,0,3192.2742029271467,3,0,16.536261719132106,57.933238650244625,48,11,0,2,3552.077422669872
1,One year,72.9336027464748,1,1,Mailed check,0,0,52,Female,Fiber optic,0,0,1,1,72.9336027464748,3,0,46.4960790089797,57.78379721899073,48,0,0,2,1590.480777453111
1,Month-to-month,34.481588665230895,0,0,Mailed check,1,1,79,Female,DSL,1,1,1,0,34.481588665230895,2,0,9.316154379383459,52.780672196681614,19,30,0,2,419.26170996098466
31,One year,64.87522018354365,0,1,Mailed check,0,0,18,Male,Fiber optic,0,0,1,1,2011.131825689853,2,1,146.87380129114572,46.00242401478283,13,13,0,2,2456.720914587426
61,Two year,93.0052267066446,1,1,Bank transfer,1,0,48,Male,DSL,0,0,1,0,5673.318829105321,2,1,13.89508382541013,65.10477575314309,-12,1,0,1,3939.74792675747
22,Two year,85.32820807493849,0,0,Credit card,0,0,50,Female,No,1,0,0,1,1877.2205776486467,3,1,166.30934362248706,66.42779618490611,73,6,0,2,2838.8945100788933
69,Two year,85.48363348323619,1,1,Credit card,1,0,29,Male,Fiber optic,1,0,0,1,5898.370710343297,1,0,158.1376004218143,64.74734344772796,32,11,0,2,4383.0428926193035
14,Two year,76.98966909752353,1,1,Credit card,0,0,43,Female,Fiber optic,0,1,0,0,1077.8553673653294,4,2,21.98304702264171,52.66739552172049,34,0,0,2,1477.2676490882623
25,One year,59.942308280669614,1,0,Bank transfer,0,0,37,Female,Fiber optic,1,0,0,1,1498.5577070167403,6,0,59.20544338112189,64.46126114678094,45,3,0,2,2355.077038917127
68,Two year,94.93346646895391,1,1,Credit card,1,0,43,Male,DSL,1,1,0,0,6455.475719888866,4,1,80.51012011206848,61.30027048658839,-11,29,0,2,4142.6203035106055
37,Two year,60.152685364973884,1,1,Bank transfer,1,0,56,Female,DSL,1,0,1,0,2225.649358504034,1,0,25.574300674903345,66.82314986251052,-5,9,0,2,2251.76647989946
15,Month-to-month,88.21841470500401,0,0,Electronic check,1,0,36,Female,DSL,1,0,0,0,1323.27622057506,8,2,5.0527677608563515,5.749826075509738,4,6,1,1,2855.8473551169072
68,Two year,75.13905693943477,1,1,Credit card,1,0,28,Male,DSL,0,0,0,1,5109.455871881564,4,1,12.453939166381588,74.17022771186267,81,12,0,2,4573.239656733014
9,Month-to-month,76.57675245776309,0,0,Electronic check,0,0,47,Male,DSL,0,0,1,0,689.1907721198678,1,0,422.4207325590977,55.2370304079961,-26,42,0,2,343.9841290721753
48,Two year,95.19265943767755,1,1,Bank transfer,1,0,26,Female,Fiber optic,0,0,0,0,4569.247653008522,2,0,15.443621432026342,56.78643759985318,62,6,0,2,4099.643378434514
12,Month-to-month,71.66427746317285,0,0,Electronic check,1,0,36,Male,No,0,0,1,0,859.9713295580742,14,2,1.9946328833337437,25.173189720684515,-10,69,1,1,1559.95448175079
17,Two year,51.562184736502246,0,1,Bank transfer,0,0,20,Female,DSL,0,1,0,0,876.5571405205382,2,0,10.080324909931152,65.13533162947333,16,42,0,2,1437.9621965786696
27,Two year,57.685713947862176,1,0,Bank transfer,1,0,23,Male,No,1,0,1,1,1557.5142765922787,3,0,82.983578257646,40.47212049645766,19,0,0,2,1689.826575784471
12,Month-to-month,85.25791652686448,0,0,Electronic check,1,1,77,Female,Fiber optic,0,1,1,0,1023.0949983223737,9,3,43.823023397321606,5.90879374128236,-20,16,1,1,2208.295714196687
47,Two year,64.89507029300712,1,1,Credit card,1,0,39,Male,No,0,0,1,0,3050.0683037713347,3,1,91.42542273194692,78.83272230530758,25,0,0,2,2495.1440696588247
58,Two year,81.25266082272236,1,1,Credit card,1,0,30,Female,No,0,0,1,1,4712.654327717897,1,0,16.773114128485282,41.517996881321324,70,3,0,2,4195.538778771361
46,Two year,63.674835508401785,1,1,Bank transfer,1,1,68,Male,Fiber optic,1,1,1,0,2929.042433386482,1,0,50.85469672265784,74.64122861638054,4,15,0,2,2289.1240294554
13,One year,52.52596807627454,1,0,Credit card,0,0,20,Female,No,0,0,0,1,682.837584991569,0,0,43.67903724100793,74.03959125047112,70,1,0,2,2004.9430836486074
2,One year,64.15347875950621,0,0,Mailed check,0,0,59,Female,DSL,0,0,0,0,128.30695751901243,1,0,93.21993510897181,67.14549151207883,66,17,0,2,2451.190420966672
6,Month-to-month,115.7407574595614,0,0,Electronic check,1,0,26,Male,Fiber optic,1,0,0,0,694.4445447573684,6,5,20.635339857653765,15.106973978550307,18,29,1,1,2790.9077706435305
28,One year,50.14416959553149,1,1,Mailed check,0,0,39,Male,DSL,1,0,1,1,1404.0367486748817,1,0,54.701404964988384,62.65766552810077,18,53,0,2,1918.545965145633
18,One year,77.52148534212515,1,0,Mailed check,0,0,36,Male,No,1,0,1,0,1395.3867361582527,1,1,26.984944091614917,63.54148675422383,4,61,0,1,2436.8729999907164
30,One year,87.14896791968178,0,0,Bank transfer,0,0,53,Male,DSL,0,0,1,1,2614.4690375904534,2,1,191.5078625510156,55.794329764106095,100,0,0,2,4082.5113335201095
71,Two year,69.74626864255467,1,1,Credit card,1,0,48,Male,Fiber optic,0,0,0,1,4951.985073621381,1,1,44.94201336971102,71.93446678458119,17,16,0,2,3810.5923764273025
9,Month-to-month,50.5261392175714,0,1,Electronic check,1,0,39,Male,No,0,0,0,0,454.7352529581426,1,0,13.622598294267636,79.451170473882,53,2,0,2,1978.316241864196
2,One year,59.44680112812739,1,0,Mailed check,1,1,73,Female,Fiber optic,0,0,1,0,118.89360225625478,2,1,16.001235731736188,78.17315523955206,45,2,1,2,1411.50435723376
16,One year,85.80582947298271,0,1,Mailed check,1,0,59,Female,Fiber optic,0,0,1,0,1372.8932715677233,2,0,34.57892832273761,60.017001213325564,15,11,0,2,2169.2485834169884
11,Month-to-month,90.3717826383072,0,0,Electronic check,1,0,57,Male,DSL,1,0,0,1,994.0896090213791,8,4,4.980853849708559,17.075213203143896,-7,294,1,0,2969.0482609355067
10,Month-to-month,103.37741361671686,0,0,Electronic check,1,1,69,Female,Fiber optic,1,1,1,1,1033.7741361671688,10,2,11.699392875471741,27.1949968994688,-19,51,1,1,2161.0613377221703
69,Two year,76.09786549734676,1,1,Bank transfer,1,0,49,Male,No,0,1,1,0,5250.752719316926,0,0,54.00324247765066,74.00980015335364,41,6,0,2,3968.5597072375285
10,One year,78.9132731764737,0,0,Mailed check,0,0,39,Female,Fiber optic,1,0,0,1,789.132731764737,2,1,49.70618850357027,57.97191076093573,62,3,1,2,2242.5737892041043
15,Month-to-month,93.93511004253928,0,0,Electronic check,1,0,32,Female,DSL,0,1,0,1,1409.0266506380892,6,1,1.240026252745086,12.443617974877014,-34,11,1,1,2369.402724265826
35,One year,77.94461224044483,1,1,Mailed check,0,0,43,Male,DSL,1,0,0,0,2728.061428415569,3,0,30.62241389238187,76.09602360519443,14,41,0,1,3636.54956327306
61,Two year,85.70698630689694,1,1,Credit card,1,1,68,Female,DSL,0,0,0,1,5228.126164720713,1,0,6.179292456151048,51.53752483926053,45,18,0,2,3705.0955323419003
46,Two year,66.17286261132318,1,1,Credit card,1,0,24,Female,DSL,0,1,0,0,3043.9516801208665,1,0,18.278398563742307,63.51632755712174,65,17,0,2,3572.0223172645706
11,Month-to-month,115.9426427941552,0,0,Electronic check,1,0,50,Female,Fiber optic,1,0,0,0,1275.3690707357073,8,4,91.70980008061426,28.429637931252127,-13,29,1,1,2383.071143974249
13,Month-to-month,104.94638304726084,0,0,Electronic check,1,0,52,Female,Fiber optic,0,1,1,1,1364.302979614391,10,2,9.893980326281467,15.18427062323132,-12,35,1,1,2826.590497603845
4,Month-to-month,61.239769935936266,0,0,Electronic check,1,0,31,Female,Fiber optic,1,0,1,0,244.95907974374506,3,0,41.022902548784586,71.400622598067,51,12,0,2,1530.1208445199595
5,Month-to-month,43.74478291285439,0,0,Mailed check,0,0,39,Female,Fiber optic,0,0,1,0,218.72391456427195,1,0,47.82818690931695,62.90454512305118,21,1,0,2,784.2178846804418
64,Two year,89.36119050357226,1,1,Credit card,1,0,48,Female,No,0,0,1,0,5719.116192228625,3,0,7.163503775320642,48.97702733398978,41,0,0,2,3531.812271194937
3,Month-to-month,31.88486952113353,0,1,Mailed check,1,0,60,Male,DSL,0,0,0,0,95.65460856340059,0,1,7.995657411328126,71.89537899641299,92,24,0,2,2352.362088773715
36,Two year,77.21348710035684,1,1,Bank transfer,1,0,59,Male,DSL,1,1,0,0,2779.6855356128463,2,0,70.61115827439531,41.35040247329168,51,14,0,2,2781.463631395487
20,One year,79.49078732502818,0,0,Mailed check,1,0,58,Male,No,1,0,1,0,1589.8157465005636,2,0,56.45413532874535,74.74099998735008,33,7,0,2,2136.7759423613975
8,Month-to-month,84.57011331441224,0,0,Electronic check,1,1,71,Male,Fiber optic,1,1,1,0,676.5609065152979,10,4,8.406109707732355,22.689504603951473,-52,22,1,0,2364.0041964698516
47,Two year,96.72831998491101,1,1,Bank transfer,1,1,65,Male,Fiber optic,0,0,1,1,4546.2310392908175,1,0,14.304699935131223,55.713479185887714,13,3,0,2,3017.122774481795
39,Two year,62.98519257348327,1,1,Credit card,1,0,53,Female,No,0,1,1,0,2456.4225103658473,0,2,4.059851453553414,41.4936234847659,22,1,0,2,2796.8733964781486
48,Two year,84.08467941419119,1,1,Bank transfer,1,0,28,Male,DSL,0,0,0,1,4036.064611881177,1,0,276.2658818777034,78.21539164499364,57,27,0,2,3645.430559295286
19,One year,61.029850423401456,1,0,Mailed check,1,0,56,Female,No,0,0,0,0,1159.5671580446276,5,1,3.628845982779013,70.27088290769737,39,24,1,2,2121.4250870893306
14,Month-to-month,117.3761490275619,0,0,Electronic check,1,0,61,Male,Fiber optic,0,1,0,0,1643.2660863858664,8,4,21.49697715104637,9.424387023397848,-44,23,1,1,1525.184095294229
9,Month-to-month,67.87345253615516,1,0,Electronic check,0,0,44,Female,No,0,0,0,0,610.8610728253964,1,0,8.36048886106431,43.916394233853666,33,16,0,2,1649.4848616590116
33,One year,53.08106785484926,1,1,Bank transfer,0,0,44,Female,DSL,0,0,0,0,1751.6752392100254,7,1,30.612149572861014,45.828937673957796,53,3,0,2,2777.8249798715588
3,Month-to-month,77.84178337715315,0,0,Electronic check,1,0,46,Female,DSL,0,1,1,0,233.52535013145945,4,1,7.851598942745661,50.13419670724386,74,9,1,2,2294.0047305504945
18,Two year,61.45586313710314,1,0,Bank transfer,0,1,72,Male,Fiber optic,0,1,1,0,1106.2055364678565,4,1,231.9612672795389,45.86470346148136,34,2,0,2,1652.468322868114
12,Month-to-month,110.90548923720837,0,0,Electronic check,1,1,71,Male,Fiber optic,1,0,1,0,1330.8658708465005,6,5,51.287366275873765,10.382169308463236,11,112,1,0,3107.577587325483
31,Two year,89.78616891832439,1,0,Credit card,0,0,53,Male,DSL,1,0,0,0,2783.371236468056,2,1,107.62330384441763,65.88562176990119,22,2,1,2,2639.3313186248915
64,Two year,78.0049344472773,1,1,Credit card,1,0,33,Male,Fiber optic,1,0,0,0,4992.315804625747,4,1,7.636227992932893,44.44242083537317,24,17,0,2,2874.7387826859263
7,Month-to-month,72.90316694455457,0,0,Electronic check,1,0,64,Female,Fiber optic,0,0,1,0,510.322168611882,6,8,35.40907348526907,17.825964392470567,2,41,1,0,3024.0732069589008
39,Two year,97.95383823324522,1,1,Credit card,1,0,22,Female,DSL,1,0,0,1,3820.1996910965636,2,0,41.32894310210843,68.25514261662138,32,3,0,2,2372.4323555590227
2,Month-to-month,31.22134414703166,0,0,Mailed check,0,0,41,Male,Fiber optic,0,0,1,1,62.44268829406332,1,0,65.77866396185509,50.903380997418225,32,16,0,2,1121.5774054278118
7,Month-to-month,41.26035501081008,0,0,Electronic check,1,0,54,Female,No,0,0,1,0,288.82248507567056,6,0,64.45507528226857,73.7051828139658,27,17,0,2,955.0556471397389
18,Two year,85.59840486461273,0,1,Mailed check,1,0,19,Female,Fiber optic,1,0,1,0,1540.771287563029,3,2,0.5473193491137422,67.15598158610227,39,34,0,1,2693.5034697430215
68,Two year,98.1864012013323,1,1,Bank transfer,1,0,33,Male,No,0,0,0,0,6676.675281690596,1,1,18.98844894799807,76.98841197358901,73,3,0,2,4352.443186642597
23,Two year,58.82814082203623,1,0,Bank transfer,0,0,19,Male,Fiber optic,0,1,1,0,1353.0472389068334,1,0,48.16698521051424,42.53318876345644,-44,55,0,2,951.6006602712811
7,Month-to-month,55.728555813390024,0,1,Electronic check,1,0,47,Female,Fiber optic,0,1,1,0,390.0998906937302,2,0,103.30120333058849,51.80457428803784,34,17,0,2,1648.911404851461
39,Two year,75.86639105374248,1,1,Bank transfer,1,1,65,Female,DSL,1,1,1,1,2958.7892510959564,4,0,152.13417346433008,76.41477414605043,-14,7,0,2,2181.69399159227
6,Month-to-month,79.75969071379627,0,0,Electronic check,1,0,43,Female,DSL,0,1,1,0,478.5581442827777,6,1,16.383929166728556,11.047238815447049,-46,12,1,1,1502.2127805085847
12,One year,80.37294274313608,0,0,Credit card,1,0,58,Male,DSL,1,1,0,1,964.4753129176329,5,0,38.13517786248694,45.5498243032164,46,14,0,2,2076.03663467758
69,Two year,68.3545628282296,1,1,Credit card,1,0,50,Male,No,0,1,1,0,4716.464835147843,2,0,73.47051514985948,46.246498131169375,16,5,0,2,3592.2831997221238
13,Month-to-month,77.03539154127871,0,0,Electronic check,1,0,49,Male,DSL,0,0,0,0,1001.4600900366232,9,2,11.20805221363023,10.686262111530882,-53,261,1,0,1551.9427325295346
5,Month-to-month,75.27910687865662,0,0,Electronic check,0,0,26,Male,Fiber optic,0,0,0,0,376.3955343932831,0,2,57.56104449167487,41.87141699374844,20,14,0,2,1326.489042493385
1,One year,65.37614094890213,1,1,Mailed check,1,0,28,Female,Fiber optic,1,1,0,0,65.37614094890213,3,0,42.81488007470726,65.0750407231447,67,2,0,2,1758.4496469479034
37,Two year,79.2533350614266,1,1,Credit card,1,0,57,Male,Fiber optic,0,1,0,1,2932.373397272784,3,1,7.267691383984005,76.4213278684498,51,4,0,2,3122.3445618960027
4,Month-to-month,39.062512777577595,0,1,Electronic check,0,1,71,Male,Fiber optic,1,0,1,1,156.25005111031038,1,0,75.17396018927208,57.54640800163871,-18,0,0,2,608.1080436664781
26,Two year,60.37525493633562,1,1,Credit card,1,0,25,Male,DSL,0,0,0,1,1569.756628344726,4,1,123.5798801881923,51.701142416390056,17,8,0,2,2731.758972162729
10,Month-to-month,83.41891826385739,0,0,Electronic check,1,0,59,Female,DSL,0,0,1,0,834.1891826385739,12,2,6.1913038600013595,17.756453880063635,-13,24,1,1,1889.8472769766279
17,Two year,67.28018355236615,1,0,Credit card,1,0,38,Male,Fiber optic,0,1,1,0,1143.7631203902247,2,0,0.36046095121822264,59.763993233032096,11,3,0,2,1591.4735573947492
58,Two year,90.19351279763391,1,1,Bank transfer,1,0,60,Female,Fiber optic,0,0,1,0,5231.223742262767,2,0,55.192131074741646,50.23063802527241,58,10,0,2,3623.520790146241
30,Two year,50.57229959176939,1,0,Mailed check,1,0,38,Male,Fiber optic,0,0,1,1,1517.1689877530816,1,2,103.65880958487811,48.53693994597563,61,52,0,2,2721.4451065414205
68,Two year,90.36994932243371,1,1,Credit card,1,0,34,Female,Fiber optic,0,1,0,0,6145.1565539254925,1,0,28.624116059918354,59.36604917588352,44,34,0,2,3568.2016027488776
2,Month-to-month,72.66978667684708,0,0,Electronic check,0,0,21,Male,Fiber optic,0,1,0,0,145.33957335369416,0,0,52.206769597894045,65.67205372598875,-5,3,0,2,1043.944370832317
53,Two year,72.47596320017122,1,1,Bank transfer,1,0,52,Male,No,0,1,1,1,3841.226049609075,3,1,39.62765308475445,60.50145994325343,1,0,1,2,2066.5275799860183
10,Month-to-month,58.67458819454883,0,0,Mailed check,0,0,42,Female,Fiber optic,0,0,1,0,586.7458819454883,1,0,271.11133513583803,63.79154320761261,15,42,0,2,2188.061632871104
7,Month-to-month,94.80164449707074,0,0,Electronic check,1,0,44,Male,DSL,1,0,1,0,663.6115114794952,3,6,9.949395422385097,26.565326906822023,-98,4,1,0,1355.5227956472004
7,Month-to-month,116.61410720353905,0,0,Electronic check,1,1,71,Male,Fiber optic,0,1,0,1,816.2987504247733,6,4,11.733591670754159,26.8846329517135,-59,164,1,0,2465.0585316384268
10,One year,72.09043545144095,0,0,Mailed check,1,0,41,Female,Fiber optic,1,0,1,0,720.9043545144095,5,0,123.4161407690417,73.80775586423195,100,5,0,2,2507.6534306118174
22,Month-to-month,88.64049946016027,0,0,Electronic check,1,0,61,Male,No,0,1,1,1,1950.090988123526,11,0,8.514514056291942,17.8870176918961,1,233,1,0,3461.852999928551
25,Two year,58.91675446743362,1,0,Credit card,1,0,55,Male,Fiber optic,1,0,0,1,1472.9188616858405,0,0,263.1206787049801,44.58341971316124,29,4,0,2,2088.938019160047
1,Month-to-month,32.04891111249452,0,1,Mailed check,1,0,60,Female,Fiber optic,1,0,1,1,32.04891111249452,1,0,33.46984787022938,69.09290041077806,-2,28,0,2,596.8517094937026
36,Two year,94.16543990602017,1,1,Credit card,1,0,41,Male,Fiber optic,0,0,1,1,3389.955836616726,0,1,299.4618145242337,64.76278038534211,80,9,0,2,3773.6482018843967
28,One year,70.3128005876321,0,1,Mailed check,0,0,22,Female,Fiber optic,0,0,0,0,1968.7584164536988,2,0,29.914133373178277,42.64474274461497,-11,72,1,1,2267.9399556253748
13,Month-to-month,104.88174114163321,0,0,Electronic check,1,1,78,Female,No,0,1,1,0,1363.4626348412319,12,2,47.46338977787281,14.353705855471711,-30,120,1,1,2060.876406955984
26,One year,55.557099196514514,0,0,Bank transfer,0,0,32,Female,Fiber optic,1,1,1,1,1444.4845791093774,4,0,101.66102319831457,40.225070296737314,52,3,0,2,2764.94131020602
10,Month-to-month,41.403090845000996,0,0,Electronic check,1,0,30,Female,Fiber optic,0,0,0,1,414.03090845001,1,1,47.405693349005766,64.59700641286744,25,23,0,2,763.8027841341216
67,Two year,60.017711257488315,1,1,Bank transfer,1,0,26,Male,Fiber optic,0,0,1,1,4021.1866542517173,1,1,6.369003296489309,73.4098893697241,3,44,0,1,3745.7355798044364
57,Two year,65.26773753888153,1,1,Credit card,1,0,20,Male,Fiber optic,1,1,0,1,3720.2610397162475,1,1,152.0357287476903,76.56026201751382,-8,2,0,2,2993.2368481729295
38,Two year,85.28359318024968,1,1,Credit card,1,0,45,Male,Fiber optic,1,0,1,0,3240.776540849488,2,0,37.61269017478407,59.7738561974274,53,30,0,2,3402.703552159774
19,One year,79.67481940387823,1,1,Mailed check,1,0,63,Female,DSL,0,0,0,1,1513.8215686736864,3,0,30.315207948237887,51.07972705369091,-10,2,0,2,1372.4453480201132
9,Month-to-month,102.29670924004691,0,0,Electronic check,1,0,31,Male,DSL,0,1,0,1,920.6703831604221,6,3,37.189100295219326,8.017520294969113,22,2,1,1,2290.156734546542
13,One year,50.74321336220397,0,1,Bank transfer,0,0,20,Female,Fiber optic,0,0,0,0,659.6617737086516,2,0,193.63347177446965,71.34011678692143,17,5,0,2,660.995627065339
11,Month-to-month,53.84959576890875,0,1,Electronic check,1,0,34,Male,DSL,0,1,0,0,592.3455534579963,2,0,61.06438002145439,47.3360620236677,19,17,0,2,1274.3035836027038
51,Two year,86.65227543340158,1,1,Credit card,1,0,57,Female,Fiber optic,1,0,1,0,4419.266047103481,2,0,12.46988745495497,68.44470108690433,47,1,0,2,3758.021258301016
17,One year,64.65570666859222,1,0,Bank transfer,1,0,56,Male,DSL,0,0,1,1,1099.1470133660678,2,0,58.619213659837854,45.43328633252041,-9,5,0,2,1314.7272185598326
23,Month-to-month,118.88076837618766,0,0,Electronic check,1,0,57,Male,DSL,0,0,0,1,2734.257672652316,9,4,36.19483402731681,10.82579555294705,-6,14,1,1,2591.2011226486106
10,Month-to-month,77.84073352954388,0,0,Mailed check,1,0,35,Male,Fiber optic,0,0,0,0,778.4073352954388,2,0,28.700631775955035,74.2814434071623,36,2,0,2,1822.3885551746723
19,One year,84.18343075237924,1,1,Mailed check,1,0,29,Female,Fiber optic,0,0,1,0,1599.4851842952055,2,1,118.34567694038667,56.345775222669666,4,9,0,2,1909.2507433193912
57,Two year,91.47880539670666,1,1,Bank transfer,1,0,23,Male,Fiber optic,0,0,0,1,5214.29190761228,1,0,97.22156270883443,67.37831736116242,49,36,0,2,3524.6442595218873
6,Month-to-month,50.69630290262944,1,0,Mailed check,0,0,54,Female,No,1,1,0,1,304.17781741577664,5,1,56.97341040117664,44.197148807211086,40,12,1,2,1183.716937784995
4,One year,46.49874476451382,0,1,Electronic check,0,0,64,Female,No,0,0,0,0,185.9949790580553,4,1,35.01067765750991,64.26174297744723,25,11,1,2,1147.4185232557784
26,Two year,69.73766802250263,0,1,Mailed check,0,0,18,Male,Fiber optic,0,1,0,0,1813.1793685850685,2,3,93.28393948436829,40.58215185246052,94,15,0,2,3494.234382072356
69,Two year,64.70596113894234,1,1,Bank transfer,1,0,36,Male,DSL,0,1,0,1,4464.711318587021,3,0,41.895501301855376,52.73043286755953,8,5,0,2,3744.908268929634
1,Month-to-month,42.70736400639072,0,0,Electronic check,1,0,64,Female,No,0,0,0,1,42.70736400639072,0,0,13.420702973822623,66.76518962839715,34,22,0,2,1116.1747589813544
42,Two year,62.90683486440065,1,1,Bank transfer,1,0,34,Male,Fiber optic,0,0,0,0,2642.0870643048274,3,0,15.266625454597687,76.1102753088241,47,8,0,2,3328.0346633522795
65,Two year,84.1021265537146,1,1,Bank transfer,1,0,59,Male,No,1,0,0,1,5466.638225991449,2,1,60.27108597774655,54.3002054203007,30,13,0,2,3711.609530293106
17,Two year,70.41618754876126,0,1,Mailed check,1,0,29,Male,DSL,0,0,1,0,1197.0751883289413,1,0,20.25491901450332,57.845585838393006,-40,0,0,2,934.9400033078841
9,Month-to-month,55.797293926271166,0,0,Electronic check,1,0,48,Male,DSL,0,0,1,1,502.1756453364405,1,0,51.931068194234,76.85292443529676,18,8,0,2,1115.9309664706102
14,Two year,83.76225331148542,1,1,Bank transfer,0,0,25,Female,Fiber optic,1,0,0,1,1172.671546360796,5,0,10.302324140311669,59.61837134331304,58,25,1,2,2621.6917368813793
16,Two year,81.3161657433824,1,1,Mailed check,1,0,32,Female,Fiber optic,0,0,1,1,1301.0586518941184,3,0,54.99710315106129,49.611725953450645,35,15,0,2,1858.954047956068
14,One year,79.96032216993913,0,1,Bank transfer,0,1,71,Female,Fiber optic,1,0,0,1,1119.444510379148,2,0,26.901460298856072,66.54920946746998,84,1,0,2,3260.329728353522
4,Month-to-month,54.816138564218946,0,1,Mailed check,1,1,75,Male,Fiber optic,1,1,1,1,219.26455425687578,5,1,112.96887953035875,58.254416373090706,54,6,1,2,1218.4016988014923
47,Two year,75.35388607471185,1,1,Credit card,1,0,44,Male,Fiber optic,0,1,0,0,3541.632645511457,4,0,28.283471758462536,40.41020510193339,29,7,0,2,3553.740682191223
57,Two year,61.43754699686213,1,1,Bank transfer,1,0,60,Female,Fiber optic,1,0,1,0,3501.9401788211417,0,0,36.956579554902866,71.90656055703276,49,22,0,2,3633.774655820268
12,Month-to-month,77.05248451249201,0,0,Electronic check,1,0,45,Male,Fiber optic,0,0,0,1,924.6298141499042,8,3,13.763443710953123,17.337134931510224,-6,94,1,1,2040.7602777164084
3,Month-to-month,60.68539847718736,0,0,Mailed check,1,0,26,Male,DSL,1,1,0,1,182.0561954315621,4,0,7.53844242191025,46.09590883686462,-23,2,1,2,931.2542209125954
43,Two year,82.2654823174687,1,1,Bank transfer,1,0,32,Female,DSL,1,0,0,0,3537.4157396511537,1,1,41.69456732542396,45.45047729520336,-3,12,0,2,2212.996715689694
54,Two year,76.11057593849007,1,1,Credit card,1,0,53,Female,DSL,1,0,1,0,4109.971100678464,2,0,17.406196589374662,68.91538976518763,72,0,0,2,4122.152970674316
55,Two year,70.12233731203138,1,1,Credit card,1,0,58,Male,No,1,0,1,1,3856.728552161726,5,0,54.16230955365809,71.72351704168483,67,25,0,2,3871.637742361731
25,One year,89.26084058305176,1,0,Bank transfer,0,0,47,Female,Fiber optic,1,0,0,1,2231.521014576294,2,2,127.69393277690914,68.78369536258197,-61,26,0,2,1036.0410003231004
9,Month-to-month,112.73891731477896,0,0,Electronic check,1,0,57,Female,Fiber optic,0,1,1,1,1014.6502558330106,7,2,0.4685191341364392,22.248107941357315,-23,68,1,1,2215.015228306468
6,Month-to-month,105.4913537459938,0,0,Electronic check,1,0,64,Male,DSL,0,0,1,0,632.9481224759628,5,3,14.898364108205469,9.745848543353784,8,30,1,1,2213.005597321017
17,Month-to-month,79.88838138087593,0,0,Electronic check,1,1,74,Male,Fiber optic,0,0,0,1,1358.1024834748907,7,5,14.10868961684961,21.347992916695205,-2,10,1,1,2626.564314913522
5,Month-to-month,67.92018365171016,0,1,Electronic check,1,0,50,Male,DSL,0,0,0,1,339.6009182585508,1,1,178.67529384571338,74.41352208732266,17,15,0,2,1378.3013401821204
19,One year,60.928073266919284,1,1,Bank transfer,0,0,33,Female,DSL,0,0,0,0,1157.6333920714665,6,0,59.88034112761436,52.470124394372704,54,5,0,2,2585.47839170107
19,Month-to-month,113.07374061713472,0,0,Electronic check,1,0,39,Male,Fiber optic,0,0,1,0,2148.4010717255596,9,1,25.070478193725236,17.810067559605265,36,93,1,1,2998.1759004161577
20,Month-to-month,98.13333903281665,0,0,Electronic check,1,0,41,Male,DSL,1,1,0,1,1962.666780656333,7,3,2.1224711074704175,28.53948322410455,21,2,1,1,2928.746782849411
57,Two year,96.05184043098595,1,1,Credit card,1,0,60,Female,DSL,0,0,1,1,5474.954904566199,1,0,6.6736232231171835,46.61646821117311,48,15,1,2,4176.389587463832
23,Month-to-month,88.78974511440286,0,0,Electronic check,1,0,48,Female,No,0,0,0,0,2042.164137631266,5,3,99.59743122080243,19.61043764189273,21,45,0,2,2398.653572543715
6,Month-to-month,31.548530171125506,0,0,Electronic check,1,0,19,Female,DSL,1,0,0,1,189.29118102675304,4,0,217.30155300729913,55.450390186659206,55,23,0,2,1296.5795301989626
12,One year,62.33556851606643,1,0,Bank transfer,0,0,43,Male,Fiber optic,1,0,0,0,748.0268221927972,6,0,80.73675812683727,71.66046935616801,90,41,0,2,2697.7769485125946
2,Month-to-month,41.49591854308163,0,1,Electronic check,1,0,33,Female,No,0,0,1,0,82.99183708616326,4,2,50.52639392210085,77.17381805980733,40,1,0,2,1134.354210628288
66,Two year,75.50694379001577,1,1,Credit card,1,0,37,Male,Fiber optic,0,0,0,1,4983.45829014104,1,0,153.32551372313714,79.40895660101076,-5,25,0,2,3481.27097451654
37,Two year,63.48155850350635,1,1,Bank transfer,1,1,76,Female,No,0,0,0,0,2348.8176646297347,2,1,35.11348920884849,61.79594446087941,41,11,1,2,2692.115411955736
13,Two year,65.22673055215677,0,1,Credit card,1,0,45,Male,No,1,1,0,0,847.947497178038,0,0,3.3504275642716372,52.47665651429136,45,4,0,2,1707.1658177449526
11,Month-to-month,107.8906015946058,0,0,Electronic check,1,0,55,Male,Fiber optic,0,0,0,1,1186.7966175406639,6,0,3.322848687473084,29.686362730233473,31,14,1,2,1191.0848556937867
12,Month-to-month,99.09718207528915,0,0,Electronic check,1,0,22,Female,No,0,0,0,0,1189.16618490347,11,3,1.9901702449909344,27.366211911934318,-4,85,1,1,2526.0274857109434
16,Month-to-month,81.35159171411344,0,0,Electronic check,1,1,75,Male,Fiber optic,1,1,0,1,1301.625467425815,8,2,2.091632594010037,28.279271557196417,-34,1,1,1,1943.453354390548
44,Two year,87.79529494703837,1,1,Credit card,1,0,58,Male,Fiber optic,1,1,1,0,3862.992977669688,2,0,29.759255187116516,73.28974823572312,15,59,0,2,2608.2761681347274
7,One year,42.29998701533976,0,0,Electronic check,0,0,52,Male,DSL,1,1,0,1,296.0999091073783,0,0,26.194092078623772,78.10081124568593,10,12,0,2,807.1932004132289
37,Two year,63.104585789257634,1,1,Bank transfer,1,1,70,Male,Fiber optic,0,0,0,1,2334.869674202532,3,0,24.329638087950414,40.02020687071105,43,15,0,2,3072.3473278265415
2,One year,79.94523498815383,0,0,Mailed check,1,0,42,Female,Fiber optic,1,0,1,1,159.89046997630766,2,0,73.27325399436381,69.9821207641927,84,9,0,2,2119.7232554722177
66,Two year,75.09254645625295,1,1,Credit card,1,0,33,Female,Fiber optic,0,0,0,1,4956.108066112694,1,0,28.758007641433274,45.53369337489083,55,3,0,2,4489.542916980255
3,Month-to-month,57.40107486145675,1,0,Mailed check,0,0,54,Male,Fiber optic,0,0,1,1,172.20322458437025,5,0,47.26335246195857,70.40383015251427,24,37,0,2,1035.5218367155348
18,Month-to-month,71.59208722740489,0,0,Electronic check,1,0,26,Female,Fiber optic,0,1,0,1,1288.657570093288,4,0,41.034639304415286,25.44635282835972,-4,171,1,1,2815.149215504847
54,Two year,82.3125290204428,1,1,Bank transfer,1,0,19,Female,Fiber optic,0,0,1,1,4444.876567103911,1,1,50.07806093140732,54.220714316031284,100,9,0,2,4699.076389442823
11,Month-to-month,50.18233472467389,0,1,Electronic check,1,0,28,Male,No,0,1,0,1,552.0056819714129,2,0,48.812030438287564,72.57746001914333,72,30,1,2,2409.324662703805
29,Two year,77.83033351968723,1,1,Bank transfer,0,0,20,Female,Fiber optic,0,1,0,0,2257.0796720709295,2,0,63.52941487363095,77.09690683025187,-35,6,0,2,1445.8023518641178
13,Month-to-month,70.26062592384625,0,0,Electronic check,1,1,78,Female,Fiber optic,0,1,1,1,913.3881370100012,5,4,34.52465543898142,11.442565635940609,5,1,1,1,1985.2185052003213
40,Two year,61.86002345760262,1,1,Credit card,1,0,63,Female,DSL,0,0,1,1,2474.400938304105,4,0,14.722010326622273,76.04871243653889,-9,3,0,2,1826.589657251036
24,Two year,81.09492516842195,1,1,Credit card,1,0,38,Male,Fiber optic,0,0,0,1,1946.2782040421268,2,1,64.90438491235737,57.04957285422169,31,11,0,2,1645.636031026681
13,Month-to-month,84.89787144791795,0,0,Electronic check,1,1,74,Male,Fiber optic,0,0,0,0,1103.6723288229334,11,1,40.62623145342424,7.278622034498354,-13,0,1,2,1571.3908687279115
32,Two year,65.47844318070949,1,0,Credit card,1,0,34,Female,No,0,1,0,0,2095.3101817827037,2,0,118.80600182721375,55.947767241842485,28,3,0,2,2149.9942076948137
20,Month-to-month,76.52197272666733,0,0,Electronic check,1,0,58,Female,No,0,1,1,0,1530.4394545333466,8,1,19.611361313286857,23.339285474903125,0,86,1,1,2676.001617739309
8,Month-to-month,46.66208702753639,0,0,Mailed check,1,0,52,Female,DSL,0,0,0,0,373.2966962202911,0,1,56.86408525095782,75.98775808249225,4,8,0,2,755.121385657206
32,One year,85.19279906821808,0,1,Credit card,1,0,41,Male,Fiber optic,0,0,1,0,2726.1695701829785,4,0,66.1168454848723,45.41263933491187,27,4,1,2,2988.1491885825512
21,Month-to-month,118.95560848724011,0,0,Electronic check,1,1,77,Male,No,0,1,1,1,2498.067778232042,8,2,44.24365220486933,25.532865326358813,11,150,1,1,3289.795306257406
7,One year,39.90653709117885,0,1,Electronic check,1,0,63,Female,Fiber optic,0,0,0,0,279.34575963825193,1,0,82.18294262075342,61.68738235182609,38,20,0,2,1660.1880894187566
16,Month-to-month,113.58183852600276,0,0,Electronic check,1,0,41,Female,DSL,0,0,0,0,1817.309416416044,8,5,36.919540814855814,28.26870960112924,-24,22,1,0,3253.341809958308
7,Month-to-month,93.23609780993748,0,0,Electronic check,1,0,31,Female,Fiber optic,0,1,1,1,652.6526846695623,5,4,4.720802299980243,6.002025021850994,12,61,1,1,2034.9443958114684
15,Month-to-month,116.10602179806091,0,0,Electronic check,1,1,79,Female,Fiber optic,1,1,0,1,1741.5903269709136,9,4,26.19145090847859,19.56079826794806,-36,110,1,0,2474.4239780108605
61,Two year,80.80762093006217,1,1,Bank transfer,1,0,19,Female,DSL,1,0,0,0,4929.264876733792,0,0,2.585442895917807,51.162635971373845,100,5,0,2,5196.821843117724
14,Month-to-month,119.99624134165882,0,0,Electronic check,1,0,21,Female,DSL,0,0,0,0,1679.9473787832235,4,4,16.922708379613695,18.785251486096467,-10,102,1,0,3541.427700265738
33,One year,70.86165796774056,0,0,Mailed check,1,0,38,Female,Fiber optic,1,0,1,0,2338.4347129354383,1,0,16.841727211130532,63.23412056140508,1,9,0,2,2312.4146183386783
6,Month-to-month,31.09932610196618,1,0,Electronic check,1,0,28,Male,No,0,1,1,1,186.59595661179708,2,0,45.918298031911036,42.51221439567744,40,0,1,2,769.894327318186
35,One year,55.241688365817296,1,0,Credit card,1,0,40,Female,No,0,0,1,0,1933.4590928036055,5,0,160.5263659828656,63.980920273476414,15,16,0,2,2462.3910792436527
45,Two year,89.50262996371308,1,1,Bank transfer,1,0,62,Female,DSL,0,0,1,0,4027.6183483670884,3,2,20.23772060846374,44.63026807111322,15,24,0,2,2706.673690040978
9,Month-to-month,58.591438559134545,0,1,Mailed check,1,0,52,Female,DSL,0,0,0,0,527.3229470322109,0,0,18.227944395219296,79.17674999543041,29,10,0,2,1477.8955486599693
59,Two year,66.9909377130951,1,1,Bank transfer,1,0,61,Female,DSL,0,0,1,0,3952.4653250726105,1,0,135.40819475469334,68.38469437641899,27,5,0,2,3911.67543957151
20,Month-to-month,113.69536193925835,0,0,Electronic check,1,0,52,Male,Fiber optic,0,0,0,1,2273.907238785167,14,3,3.811851302434749,5.722951655429976,-12,34,1,1,2769.1303108111165
27,Two year,70.81568903971849,1,1,Mailed check,1,0,26,Male,DSL,1,0,0,0,1912.0236040723994,1,0,14.373489329313664,42.24300276114837,45,38,1,2,2642.236053182697
37,Two year,67.32061776938909,1,1,Bank transfer,1,0,51,Female,DSL,0,1,0,0,2490.862857467396,1,0,144.86612284986538,41.883428541944234,100,6,0,2,3710.1663391162583
1,Month-to-month,70.97139268351825,1,0,Electronic check,1,0,55,Male,Fiber optic,1,1,1,0,70.97139268351825,0,0,49.64688732566869,45.54037106739805,49,28,0,2,1625.8840441778063
10,Month-to-month,71.1900874960269,0,1,Mailed check,0,0,50,Male,DSL,0,0,0,0,711.900874960269,2,0,159.67081594605878,78.24982672930639,5,14,0,2,1643.1658189909203
2,Month-to-month,51.05594522170408,0,0,Electronic check,1,0,26,Female,DSL,0,1,1,0,102.11189044340816,0,1,90.93709986929319,66.87927277171443,79,17,1,2,1698.4395071157774
21,Two year,64.84939737896478,1,1,Credit card,1,0,50,Male,Fiber optic,0,1,1,0,1361.8373449582605,2,0,37.276797474481945,79.06102001552487,46,15,0,2,2274.7471700412275
10,Month-to-month,33.29460825159863,0,0,Mailed check,1,0,20,Male,Fiber optic,1,0,0,1,332.9460825159863,3,0,22.583555839765634,59.6858964889648,10,10,1,2,569.2279271808403
6,Month-to-month,92.96731856636707,0,0,Electronic check,1,0,35,Male,DSL,1,1,0,0,557.8039113982024,10,4,10.207751436667884,6.5652489777490315,-64,1,1,0,1419.01769156631
24,One year,85.05633954317929,1,0,Mailed check,1,1,79,Male,DSL,0,0,0,1,2041.352149036303,0,0,79.73962697943124,53.24447354622201,46,12,0,2,2563.9095125180397
22,Two year,82.33305595686258,1,0,Mailed check,1,0,52,Female,No,0,1,1,1,1811.3272310509767,4,2,22.388858653818783,75.57565947225962,4,43,1,1,2354.086934164987
58,Two year,91.99124381696086,1,1,Bank transfer,1,0,60,Male,Fiber optic,0,1,1,0,5335.49214138373,2,0,20.35435889751597,62.260125346819436,73,22,0,2,4675.162907546985
28,One year,63.5828029122101,1,1,Mailed check,1,0,45,Female,DSL,1,0,1,0,1780.3184815418826,3,0,8.767002539391244,71.2619374058279,-17,14,1,2,1980.2237078662085
2,Month-to-month,58.515625391325194,1,0,Mailed check,1,0,48,Female,No,0,0,0,0,117.03125078265039,4,1,7.26882791330163,71.69160142246592,25,0,0,2,994.6432987617021
47,Two year,78.72616565204122,1,1,Bank transfer,1,0,19,Female,No,1,0,0,0,3700.1297856459373,3,0,100.54153415711812,59.23344508291205,38,12,0,2,2671.986984131516
61,Two year,62.73363742129042,1,1,Credit card,1,0,18,Female,Fiber optic,1,1,1,1,3826.7518826987157,2,0,78.9049450965484,56.481800045052665,78,11,0,2,4579.3747135605945
33,One year,82.22336996574509,1,0,Mailed check,0,0,64,Male,DSL,0,0,0,0,2713.371208869588,6,0,190.10458673593013,56.713928960338784,45,13,0,2,3117.913121099295
21,Month-to-month,90.18368288120139,0,0,Electronic check,1,0,34,Female,DSL,0,1,1,1,1893.8573405052293,10,1,35.384778380614556,16.83347197894856,41,16,1,2,2362.689877307348
25,One year,79.83667751994226,0,0,Credit card,0,0,21,Male,No,1,1,0,1,1995.9169379985565,4,1,78.85135477674875,60.599107249633846,36,10,0,2,2687.2167854107843
28,One year,58.61642821048561,0,0,Bank transfer,0,0,36,Female,DSL,1,0,1,0,1641.259989893597,3,0,36.35778485836443,60.53652022697763,39,15,0,2,2443.4183344171047
40,Two year,89.20984588360584,1,1,Credit card,1,0,19,Female,DSL,0,1,0,1,3568.3938353442336,4,0,82.00267512710134,63.01910939918771,53,17,0,2,2885.496158024056
52,Two year,61.25687286045092,1,1,Credit card,1,0,41,Male,DSL,1,1,0,1,3185.3573887434477,0,1,39.845293056598905,51.4156187905793,36,45,0,2,3047.395521565999
50,Two year,81.5962335800885,1,1,Credit card,1,0,50,Male,Fiber optic,1,0,0,0,4079.8116790044246,1,0,147.76546292544896,67.11349626915586,61,39,0,2,3407.517703565181
24,One year,61.65868096389348,0,1,Credit card,1,0,59,Female,Fiber optic,0,1,0,0,1479.8083431334435,1,0,2.6793859448030948,68.64920711108867,24,19,0,2,2215.0413437587263
10,Month-to-month,63.098491972531704,0,1,Electronic check,0,0,41,Male,Fiber optic,0,0,1,0,630.984919725317,5,1,14.244680493887271,48.4195433672225,67,16,0,2,2152.060844020687
61,Two year,78.81276216407143,1,1,Credit card,1,0,39,Female,No,0,0,0,0,4807.578492008357,2,2,69.75754203821336,76.98539955298415,15,3,0,2,3437.3113735435286
1,Month-to-month,32.207278104372776,0,1,Electronic check,0,0,19,Female,Fiber optic,0,1,0,0,32.207278104372776,6,0,32.1653480763061,53.119443058018014,76,42,0,2,1568.020131052964
70,Two year,89.31595673365368,1,1,Credit card,1,0,46,Female,DSL,0,0,1,1,6252.116971355757,0,0,125.70912110193093,78.51964474799446,24,8,0,2,3910.313375761845
20,One year,66.75482648984189,0,1,Mailed check,1,0,48,Female,Fiber optic,0,0,0,1,1335.0965297968378,0,0,13.845044095491058,76.12750073980624,45,9,0,2,2306.4495104572284
19,Month-to-month,105.41794680193306,0,0,Electronic check,1,0,64,Female,DSL,0,0,1,0,2002.940989236728,9,0,92.00805876770433,29.68069581752971,-24,4,1,2,1151.5795626736904
43,Two year,71.87477098241123,1,1,Bank transfer,1,0,53,Male,Fiber optic,0,0,0,1,3090.615152243683,5,0,156.43994460272853,66.74793570207889,-3,16,0,2,1900.6480725274869
12,Two year,82.90585388585198,1,0,Mailed check,0,0,59,Male,Fiber optic,1,0,1,0,994.8702466302238,2,0,11.209884247755078,72.42437392354961,68,6,0,2,2423.9684653643512
6,Month-to-month,69.25359307817564,1,0,Mailed check,0,0,22,Female,Fiber optic,0,1,0,1,415.52155846905384,2,2,57.37465370535109,52.25860425092452,12,14,0,1,2714.376208157691
24,Two year,83.8383746169205,1,0,Bank transfer,0,1,79,Female,No,1,0,0,0,2012.120990806092,1,0,4.534646665495736,42.85529686080764,19,9,0,2,1639.81719757164
12,One year,69.98248623739694,1,1,Bank transfer,0,0,26,Female,DSL,0,0,0,0,839.7898348487633,1,0,15.275604877400957,69.5732929006578,57,3,0,2,2271.3705898297817
9,Month-to-month,54.46613737375607,1,1,Electronic check,0,0,18,Female,DSL,1,0,1,0,490.1952363638046,3,0,47.68564124880314,56.36602814894758,73,4,0,2,1841.1732018261873
7,Month-to-month,54.66237465129929,1,0,Mailed check,1,0,30,Female,Fiber optic,1,0,0,1,382.63662255909503,1,1,2.9583148475618084,45.78044493494003,-36,29,1,1,1173.8026864711926
11,One year,45.072809320533395,0,0,Electronic check,1,0,59,Male,DSL,0,0,0,0,495.80090252586734,1,1,0.9183511723543496,41.811175952153164,89,18,0,2,2167.0703877609576
7,Month-to-month,53.0051313278844,1,0,Electronic check,1,0,62,Female,DSL,0,0,0,1,371.0359192951908,1,1,127.9495594593094,45.45487574432102,37,17,0,2,1355.3955263517116
11,Month-to-month,76.84267150455076,0,1,Electronic check,1,0,22,Male,Fiber optic,1,0,1,0,845.2693865500585,1,0,95.6079822841012,59.741595092705836,1,2,0,2,1533.6028643380196
66,Two year,97.69261558692772,1,1,Credit card,1,0,34,Female,Fiber optic,1,0,0,1,6447.712628737229,6,1,29.872092746863636,70.44824927032982,-5,3,0,2,3377.1804964217035
9,One year,46.66839190582814,0,0,Mailed check,1,0,40,Male,DSL,0,0,1,0,420.0155271524532,3,1,37.027799824757345,57.10890063330082,36,24,0,2,1755.3354339040181
10,Month-to-month,116.01501352863741,0,0,Electronic check,1,1,77,Male,No,0,0,0,0,1160.150135286374,10,3,10.059698692755717,23.799226405114318,25,3,1,1,2048.2494833669934
13,Two year,80.63216352123551,1,0,Mailed check,0,0,56,Female,DSL,1,0,0,1,1048.2181257760617,2,1,7.914955102006743,69.95259773844154,-1,6,0,1,2023.854987536841
48,Two year,60.91731245072168,1,1,Credit card,1,0,37,Male,Fiber optic,1,0,0,1,2924.0309976346407,5,0,44.2067239792792,71.58819637792945,9,6,0,2,2627.611633314826
15,Two year,75.52192804588044,0,1,Bank transfer,1,0,21,Female,No,1,0,1,1,1132.8289206882066,2,0,127.35334901778243,74.16655496492402,49,29,0,2,2427.212953706592
59,Two year,99.18586860135534,1,1,Credit card,1,0,64,Male,DSL,1,0,0,0,5851.966247479965,0,1,78.84711830381319,50.42294344600093,50,15,0,2,4203.200094155151
49,Two year,77.73092349774473,1,1,Credit card,1,0,22,Female,Fiber optic,1,0,1,0,3808.8152513894916,1,0,35.60317874073514,45.81905191200279,98,6,0,2,4296.348407753177
65,Two year,61.30471793366266,1,1,Bank transfer,1,0,44,Male,Fiber optic,1,1,0,0,3984.806665688073,1,1,34.77022693556644,55.77820286643525,62,5,0,2,4384.476548680574
1,Month-to-month,40.36412612748678,0,0,Electronic check,1,0,31,Female,Fiber optic,0,0,1,0,40.36412612748678,4,1,82.12352787620244,46.24264413722078,5,20,1,2,559.1490929097688
31,One year,51.81033255482206,0,0,Mailed check,0,0,57,Male,Fiber optic,0,0,0,0,1606.120309199484,1,2,23.04117091289247,62.873846991056496,50,30,1,1,3595.2531116410482
23,Month-to-month,117.95967432292608,0,0,Electronic check,1,0,43,Male,Fiber optic,1,0,0,0,2713.0725094273,5,7,19.048604002620426,6.21996764218151,-75,18,1,0,2459.9090462811655
8,Month-to-month,71.64970692765002,0,1,Mailed check,0,0,28,Female,DSL,0,1,0,1,573.1976554212001,0,0,57.91642269019374,40.03131131673753,51,5,0,2,2215.1104399015976
44,Two year,94.46969979673182,1,1,Credit card,1,0,46,Male,DSL,0,1,0,0,4156.6667910562,2,0,46.40065300426377,69.97640711004007,78,19,0,2,3437.871206446938
14,Month-to-month,83.34018910461256,0,0,Electronic check,1,1,67,Female,Fiber optic,0,0,1,1,1166.7626474645758,6,4,32.141811456438575,17.20970542060305,-28,20,1,1,2282.829908114207
10,One year,38.03566745954929,0,0,Mailed check,0,0,18,Male,Fiber optic,0,0,0,0,380.3566745954929,3,0,84.69082702789966,60.609277249315944,64,11,0,2,1291.8672072809875
21,Month-to-month,82.82663088054892,0,0,Electronic check,1,0,30,Female,DSL,0,1,1,1,1739.3592484915273,8,5,7.674033634133464,26.204984447239678,0,58,1,1,2680.827453689428
33,Two year,68.70161049067477,0,0,Mailed check,1,0,19,Female,DSL,1,0,0,0,2267.1531461922673,2,0,65.45242209962824,47.71897034014418,48,0,0,2,3262.606722409371
38,Two year,60.58668228185055,1,1,Bank transfer,1,1,77,Female,Fiber optic,0,0,1,0,2302.293926710321,4,1,22.90080326874888,56.930462658452576,92,2,0,2,3715.1193083679173
43,Two year,69.21003682842058,1,1,Credit card,1,0,43,Female,Fiber optic,1,0,0,0,2976.0315836220852,2,0,34.275102623273796,73.63412129152059,28,4,0,2,2748.6397214640338
6,Month-to-month,45.13201703184073,0,1,Mailed check,1,0,54,Female,No,1,0,0,0,270.79210219104436,3,1,86.67327053872152,47.54188646145968,43,22,0,2,1578.4689958903082
1,One year,30.576300702649263,0,0,Mailed check,1,1,68,Male,Fiber optic,0,0,1,0,30.576300702649263,2,0,44.91158340560881,56.67393359968586,43,16,0,2,1531.3597332080865
11,Month-to-month,66.43075783963884,0,0,Mailed check,1,0,29,Female,DSL,0,0,0,0,730.7383362360273,6,0,43.065505608767644,60.44360257876853,100,21,0,2,2572.9154430865406
47,Two year,70.16898319589973,1,1,Bank transfer,1,0,44,Female,DSL,0,0,1,0,3297.942210207287,2,1,43.00912672241565,47.813088127956675,54,7,0,2,3518.6431585662795
60,Two year,61.42283468142193,1,1,Credit card,1,0,29,Male,Fiber optic,1,0,0,0,3685.370080885316,0,0,47.52569878362489,54.282133371037546,0,14,0,2,3097.181226592081
63,Two year,94.63280660889421,1,1,Bank transfer,1,0,49,Female,Fiber optic,0,1,1,0,5961.866816360335,2,0,108.11215477786659,47.64594699352952,59,2,0,2,4367.978300928955
9,Month-to-month,84.92943781441463,0,0,Electronic check,1,0,36,Male,Fiber optic,0,0,0,1,764.3649403297317,9,0,5.43200352440778,9.687256100216654,21,95,1,1,2251.193613123139
20,Month-to-month,79.30660771840498,0,0,Electronic check,1,0,38,Male,Fiber optic,0,0,1,0,1586.1321543680995,7,6,8.846324661343127,16.262112198196537,9,28,1,0,3603.1023794653083
16,Month-to-month,114.91295418374122,0,0,Electronic check,1,0,18,Male,Fiber optic,0,0,0,1,1838.6072669398595,17,5,36.61703904338318,16.948553722826293,-56,60,1,0,2839.84568934211
7,One year,36.986028348947706,0,0,Electronic check,1,1,75,Male,DSL,0,0,1,0,258.90219844263396,1,0,106.33583984313161,51.97467521820137,-3,11,0,2,981.5006581298055
14,One year,67.83287128286716,1,0,Mailed check,1,0,48,Female,Fiber optic,0,1,0,0,949.6601979601403,1,1,161.8997281018525,52.96873341243439,62,21,0,2,2493.5870017776588
18,Month-to-month,80.22256631162651,0,0,Electronic check,1,0,61,Female,Fiber optic,0,1,0,1,1444.006193609277,11,5,5.692460424152764,25.47654841133309,-19,305,1,0,3203.2868711926203
41,Two year,86.21129638766632,1,1,Bank transfer,1,1,74,Female,Fiber optic,0,0,0,1,3534.663151894319,0,0,79.98878281661194,69.17831504935106,26,10,0,2,2077.786824236474
42,Two year,85.28061944081674,1,1,Credit card,1,0,31,Female,Fiber optic,1,1,0,1,3581.786016514303,5,1,201.2420064271762,64.92470533265055,51,5,0,2,3001.1352509717644
17,One year,67.73280025916321,0,1,Mailed check,1,0,44,Male,No,1,1,1,1,1151.4576044057746,0,0,4.0585088094189885,46.19452645746445,39,2,0,2,2623.4231951405895
23,Month-to-month,111.61314429850744,0,0,Electronic check,1,1,77,Male,Fiber optic,1,1,0,0,2567.102318865671,13,5,79.81559842485703,19.87964928888141,-20,5,1,1,3018.2337769800374
7,Month-to-month,82.58722321412652,0,0,Electronic check,1,0,62,Female,Fiber optic,0,0,1,0,578.1105624988857,6,5,1.6366996508634182,11.07481297730311,-38,182,1,0,2577.4761975966658
5,Month-to-month,54.12118007973645,1,0,Electronic check,0,1,74,Female,Fiber optic,0,0,1,1,270.60590039868225,2,1,100.63770398376741,65.48536392847348,8,6,0,2,1165.9206016531778
22,Month-to-month,113.36727523510562,0,0,Electronic check,1,0,36,Female,DSL,1,0,0,0,2494.0800551723237,10,5,43.52205703601985,26.05167679993594,-6,10,1,1,3086.8745068519684
36,Two year,92.9269606238264,1,1,Credit card,1,0,22,Female,Fiber optic,1,0,0,1,3345.3705824577505,2,1,66.3595444078584,76.0796060620132,39,54,0,2,2823.8957360709464
13,One year,68.1707097281049,0,1,Mailed check,1,0,37,Female,Fiber optic,1,1,0,0,886.2192264653636,1,1,33.13572166530899,41.52647747042472,89,18,0,2,2401.7647418642455
16,Two year,52.81150456119675,1,1,Mailed check,1,0,20,Male,Fiber optic,0,0,1,1,844.984072979148,1,2,380.27579675091573,79.02085114046338,35,0,0,2,2270.29326460274
67,Two year,78.01861206631273,1,1,Credit card,1,0,40,Male,Fiber optic,0,0,0,0,5227.247008442952,0,1,5.359298329622275,51.75898869667641,47,8,0,2,4006.8500493884917
63,Two year,78.67871999854444,1,1,Credit card,1,0,28,Female,No,0,1,0,0,4956.759359908299,1,1,1.5339731983406009,73.5747827342552,25,18,0,1,4890.756386276972
23,One year,85.42396379399341,1,1,Credit card,0,0,56,Female,DSL,0,1,1,1,1964.7511672618484,2,1,3.35281775558421,45.28543242894176,100,8,0,2,3292.4229010212375
1,Month-to-month,52.54932513241719,1,1,Electronic check,0,0,43,Male,DSL,0,1,0,0,52.54932513241719,3,0,9.437449216680182,63.70300284216384,18,15,0,2,790.1890150442155
35,One year,64.94788678944892,0,0,Mailed check,1,0,59,Female,Fiber optic,1,1,1,0,2273.176037630712,2,0,127.49762371452294,54.72404644922764,61,9,0,2,3105.049292222983
21,Two year,58.753387103507706,0,1,Mailed check,1,0,38,Male,Fiber optic,1,1,1,0,1233.8211291736618,0,0,40.046500526138516,43.015958763924786,44,31,0,2,2091.4275308805763
3,Month-to-month,36.36559393733625,0,0,Mailed check,1,0,37,Female,Fiber optic,0,1,0,0,109.09678181200874,5,1,28.5370783404185,56.65590642389022,39,14,0,2,753.686205295604
23,Month-to-month,95.04349766910828,0,0,Electronic check,1,1,66,Female,DSL,0,0,1,0,2186.00044638949,7,1,17.15568812847606,18.592281224873467,-25,14,1,1,2539.8555853369035
11,One year,30.763241982301487,1,0,Mailed check,1,0,47,Male,Fiber optic,0,0,1,0,338.39566180531637,0,1,13.741634662800761,53.94603944558839,78,3,0,2,2287.647120491035
2,Month-to-month,55.01791801921951,0,0,Mailed check,1,0,55,Male,Fiber optic,0,0,0,0,110.03583603843902,2,0,79.33620497515075,79.61173632958415,57,18,0,2,1817.7595874603373
16,Two year,89.95304238056994,1,1,Bank transfer,1,0,48,Male,DSL,0,1,0,1,1439.248678089119,2,0,36.41379319027362,79.31060426078442,77,5,0,2,2730.6126920284773
15,Two year,69.70656903322114,0,1,Mailed check,0,0,61,Female,Fiber optic,1,1,1,1,1045.5985354983172,2,1,9.969246077480616,58.76645841535675,26,12,0,2,1457.0580311410256
70,Two year,90.38329640458528,1,1,Bank transfer,1,0,39,Female,No,1,1,0,0,6326.83074832097,2,0,137.40779010220805,51.31686485041696,77,10,0,2,4866.081505796365
23,Month-to-month,116.65074365652103,0,0,Electronic check,1,1,66,Female,Fiber optic,0,0,1,0,2682.9671040999838,10,3,49.03179164882911,10.83603774450497,-1,74,1,1,2968.9463022356617
19,One year,71.95169249479538,0,1,Credit card,0,0,34,Female,Fiber optic,0,0,0,0,1367.0821574011122,2,0,14.186263767665261,50.606145022226514,61,14,0,2,2448.5910553927392
21,Month-to-month,108.18021795814977,0,0,Electronic check,1,0,57,Female,DSL,1,1,1,0,2271.784577121145,9,1,18.68703474311784,21.278372960077014,-12,62,1,1,2225.843939274026
22,One year,87.31824168568313,1,1,Bank transfer,0,0,38,Female,Fiber optic,0,0,1,1,1921.0013170850289,1,1,267.02035483629317,49.5708577371655,24,6,0,2,1909.4968047005966
23,One year,70.12117923186803,0,0,Credit card,0,0,40,Female,Fiber optic,0,1,0,0,1612.7871223329646,1,0,1.0507876776053477,77.7466465637226,29,5,0,2,1753.5076514675204
19,Month-to-month,112.43762333344216,0,0,Electronic check,1,0,35,Female,Fiber optic,1,0,0,0,2136.314843335401,6,5,8.909750622219057,15.190326609286013,4,135,1,0,3704.3968621972153
20,Month-to-month,74.42595262815338,0,0,Electronic check,1,0,60,Male,DSL,1,0,0,1,1488.5190525630676,9,1,70.78702326514127,26.654260663085832,-46,126,1,1,1596.8570788645693
23,Two year,86.77193753510699,1,0,Credit card,0,0,46,Female,Fiber optic,0,1,0,0,1995.7545633074606,3,1,106.93951399744681,58.85505833024572,100,23,0,2,3512.4989688881815
7,Month-to-month,47.14832598500391,0,0,Mailed check,0,0,43,Male,Fiber optic,1,1,1,0,330.03828189502735,5,0,26.46948628462528,71.82619491903603,72,3,0,2,1989.4019124321385
13,Two year,85.28202067863863,0,1,Credit card,1,0,19,Male,Fiber optic,0,0,1,1,1108.6662688223023,2,0,196.00325774041707,70.18930910899525,61,3,0,2,2219.6855449625896
33,One year,83.71061744601204,0,0,Mailed check,1,0,47,Female,DSL,0,0,1,0,2762.450375718397,1,0,302.4073920975688,79.02309256539263,59,37,0,2,3203.3861763910536
1,One year,34.38588208599822,0,0,Mailed check,1,0,58,Female,Fiber optic,0,0,1,0,34.38588208599822,2,0,113.01472693413095,76.34698343477591,73,4,0,2,1669.7723996824584
11,Month-to-month,52.408542351065925,0,0,Mailed check,1,0,19,Female,DSL,0,0,1,0,576.4939658617252,2,0,21.1987309795257,61.10631794367322,60,0,0,2,1569.2352705535973
49,Two year,89.23317899483506,1,1,Credit card,1,0,27,Female,No,0,0,1,0,4372.425770746918,0,0,10.6128543851377,44.927451755574246,31,1,0,2,3563.864676968689
15,One year,83.46252141219486,1,0,Credit card,1,0,20,Female,Fiber optic,0,0,0,1,1251.937821182923,3,0,120.546509868889,57.23479835859901,69,25,0,2,1930.7719383567583
16,Month-to-month,110.46229183767413,0,0,Electronic check,1,1,70,Female,DSL,1,0,1,1,1767.396669402786,11,2,65.21665524919514,9.573849574585747,18,40,1,1,3325.0681351190983
13,One year,55.874285945608094,0,0,Bank transfer,1,0,32,Male,Fiber optic,0,1,0,1,726.3657172929052,1,0,11.328707285920087,54.644071200290256,12,19,0,2,465.60919057202693
30,Two year,78.6347817433294,1,1,Bank transfer,0,0,40,Male,Fiber optic,0,0,1,0,2359.043452299882,4,0,22.452447306624713,75.38689400604983,74,7,0,2,2740.8292917926715
27,One year,80.75936000705626,1,0,Credit card,0,0,27,Female,Fiber optic,1,0,0,0,2180.502720190519,2,3,49.51618741913342,53.72668676169758,35,28,0,1,3270.041298053299
53,Two year,99.06900954650315,1,1,Bank transfer,1,0,50,Male,No,0,1,0,1,5250.6575059646675,0,0,17.41717225011411,72.08073449329633,9,30,0,2,2381.9435417929617
14,One year,62.79109156195599,1,1,Credit card,0,0,18,Male,DSL,1,0,0,0,879.0752818673839,2,0,3.700704405611661,78.4884829443431,71,11,0,2,2209.7907273321057
8,One year,55.29046112961649,0,0,Mailed check,0,1,70,Male,DSL,1,0,1,1,442.3236890369319,1,0,15.892857339613634,79.59983458682933,67,17,0,2,1891.8308642562522
10,Month-to-month,47.749755790697094,1,0,Electronic check,0,0,45,Female,DSL,0,0,0,1,477.49755790697094,2,0,2.9267730586276732,64.06714653138573,70,7,0,2,1928.7920929133809
9,Month-to-month,71.40026597362292,0,0,Electronic check,1,1,75,Female,No,0,1,1,1,642.6023937626063,6,0,3.3231325100113756,9.915031675052035,21,98,1,1,2572.0379226640207
34,One year,89.00458028182902,0,1,Bank transfer,0,0,63,Female,DSL,0,1,0,0,3026.1557295821867,2,0,44.65671529390243,70.38918408121816,-1,15,0,2,1731.6555672262225
21,One year,83.0881920034694,0,0,Credit card,0,1,71,Female,No,0,0,0,1,1744.8520320728574,2,0,85.74034940507173,71.77026147155067,53,22,0,2,2900.2439204630027
7,Month-to-month,41.702888750874955,0,0,Mailed check,1,0,18,Male,Fiber optic,1,0,1,1,291.9202212561247,1,0,61.322594625154075,41.81021669515076,23,25,0,2,988.8373233570269
11,One year,44.26221711533833,1,0,Electronic check,0,0,64,Male,Fiber optic,1,1,1,0,486.88438826872164,1,0,23.397188021455893,75.99094862158952,37,4,0,2,1439.1859796238664
34,One year,67.5776912518195,0,0,Credit card,0,0,58,Male,No,0,1,0,1,2297.641502561863,2,1,21.5709811245583,62.58842270517044,34,5,1,2,3125.950650075347
3,Month-to-month,43.533730298264466,0,1,Electronic check,1,0,39,Female,Fiber optic,0,1,0,0,130.6011908947934,3,3,6.154192327215215,70.82552682096954,28,22,1,1,1677.0866260797025
15,Month-to-month,74.8037987819178,0,0,Electronic check,1,0,51,Female,Fiber optic,0,1,0,1,1122.0569817287671,10,1,0.2942373549677599,29.343945405855553,30,36,0,2,2267.4365763365877
27,One year,82.10106139453264,1,0,Credit card,1,0,31,Female,Fiber optic,0,0,0,0,2216.728657652381,1,1,30.620953222526563,66.30115149448464,21,3,1,2,2048.285623301156
22,One year,85.81179256625356,0,1,Bank transfer,0,1,77,Male,Fiber optic,1,1,0,1,1887.8594364575783,2,0,21.49700709841,40.205916939092845,40,5,0,2,2974.9628233971935
46,Two year,75.774612952734,1,1,Bank transfer,1,1,66,Male,Fiber optic,0,0,1,1,3485.632195825764,1,0,78.29435601812797,69.3078110602617,33,15,0,2,3070.955676570854
7,One year,59.96387589117959,0,0,Electronic check,1,0,33,Male,Fiber optic,0,0,0,0,419.7471312382571,2,0,14.228792703294314,55.89039130668296,79,4,0,2,1826.8396217823429
54,Two year,92.19012487958778,1,1,Bank transfer,1,0,21,Female,DSL,0,1,0,1,4978.26674349774,3,0,129.2183549488669,50.017521660065064,-19,2,0,2,3311.907424361416
45,Two year,92.32090519626212,1,1,Credit card,1,0,42,Male,No,0,1,1,1,4154.440733831795,1,0,20.433921393219705,79.63658090320422,28,33,0,2,2932.9021859461777
4,Month-to-month,60.63421723373036,0,0,Mailed check,0,0,25,Male,Fiber optic,0,0,0,1,242.53686893492144,1,0,1.9853592568659215,67.99090564657006,34,36,1,2,1394.0826873525846
1,Month-to-month,64.36415022065638,1,0,Mailed check,0,0,21,Female,Fiber optic,0,0,1,0,64.36415022065638,3,0,13.938307972772796,71.00192484638089,52,21,1,2,1744.7768512605692
7,Month-to-month,38.70052240080621,1,0,Mailed check,0,0,39,Male,Fiber optic,1,1,1,0,270.90365680564344,1,1,92.06904912941162,65.7931707074348,24,40,0,2,1459.4384782883997
6,One year,70.53019241300805,0,0,Mailed check,0,0,56,Female,No,1,0,0,0,423.1811544780483,2,0,8.033652498538066,68.11632651494381,54,21,0,2,1876.7200811600221
59,Two year,65.80786051538641,1,1,Credit card,1,0,28,Male,Fiber optic,0,0,1,1,3882.663770407798,4,1,25.134774125661743,48.741662196003205,61,81,0,1,4928.670612028876
2,Month-to-month,50.225976222911754,0,0,Mailed check,1,0,43,Female,No,0,0,0,1,100.45195244582351,4,0,27.239614225655234,77.81083368629339,34,38,1,2,1328.9524195204697
21,Month-to-month,97.14749689740563,0,0,Electronic check,1,1,70,Female,Fiber optic,0,0,0,0,2040.0974348455184,4,1,5.116573558154961,13.731223920336529,-18,57,1,1,2299.7251142298337
37,Two year,66.73777540570879,1,1,Credit card,1,0,55,Male,Fiber optic,0,0,0,1,2469.2976900112253,2,0,11.806922818486838,64.88148187442727,13,0,0,2,2442.6252590514446
11,One year,35.39812240554178,1,0,Mailed check,0,0,59,Female,DSL,0,1,0,0,389.37934646095954,1,1,38.14117023772164,42.40983183251466,18,5,0,2,1162.8326257747674
23,One year,79.54284154539576,0,1,Bank transfer,0,0,22,Male,No,0,0,0,1,1829.4853555441025,3,0,15.17226582871571,67.47365758775578,76,9,0,2,2828.93815542128
6,Month-to-month,77.70658207855362,1,1,Electronic check,0,0,27,Male,No,0,0,1,0,466.23949247132174,3,0,41.616105172335644,71.29016237048846,8,2,0,2,1208.6343100178908
61,Two year,78.32938601571335,1,1,Credit card,1,0,28,Male,DSL,1,0,0,0,4778.0925469585145,1,0,79.88645048714703,63.86621991815681,22,5,0,2,3568.463794349542
7,Month-to-month,77.16550181378054,0,0,Electronic check,1,1,71,Female,Fiber optic,0,0,0,0,540.1585126964637,8,4,3.340583722865185,8.060619015739071,5,59,1,0,3079.6841917935435
11,Month-to-month,69.89011861043039,0,0,Mailed check,0,0,39,Female,No,1,0,0,1,768.7913047147343,2,1,8.76824961171725,43.577688841197585,39,18,0,2,1656.875968092231
12,Month-to-month,108.73617966522801,0,0,Electronic check,1,0,55,Female,Fiber optic,1,1,0,1,1304.834155982736,9,2,20.29825264512268,16.009019619883887,-51,62,1,1,1804.5264780380146
14,Month-to-month,90.32691569435066,0,0,Electronic check,1,1,71,Female,Fiber optic,0,0,1,0,1264.5768197209093,10,2,47.63608253273305,25.725972717394107,38,52,1,2,2627.715145112733
23,One year,62.86736186668138,0,0,Credit card,0,0,35,Female,Fiber optic,0,1,0,0,1445.9493229336717,4,1,131.51386331127583,69.58564326551127,18,13,0,2,2105.9081527683347
9,Month-to-month,109.1494178632868,0,0,Electronic check,1,1,76,Male,Fiber optic,1,0,0,0,982.3447607695812,9,4,0.8541297170246509,5.525685888864699,-100,69,1,0,1431.4643225971872
7,Month-to-month,74.38757623358441,0,0,Mailed check,1,0,26,Female,Fiber optic,0,1,1,0,520.7130336350908,4,0,52.271716117571586,57.63174964536663,42,9,0,2,1758.0054202087076
39,Two year,77.48661555267306,1,1,Credit card,1,0,38,Male,Fiber optic,0,0,0,1,3021.978006554249,5,1,19.969130446352665,62.747568651892564,95,16,1,2,3428.900619739333
42,Two year,95.65920062494027,1,1,Credit card,1,0,29,Female,DSL,0,0,0,0,4017.6864262474915,1,2,11.2674373191519,47.547575062899526,56,16,0,2,3314.1227723421052
70,Two year,87.26994576360644,1,1,Bank transfer,1,0,50,Male,Fiber optic,0,0,0,0,6108.896203452451,1,1,19.913927384130318,66.94522540273442,85,14,0,2,4513.228667386052
6,Month-to-month,55.88149141989836,0,0,Mailed check,0,0,28,Male,Fiber optic,1,0,0,0,335.28894851939015,2,0,45.53191712354963,74.71484279856179,17,36,0,2,1212.1322137600698
56,Two year,83.7205800144239,1,1,Bank transfer,1,0,46,Female,DSL,0,0,0,0,4688.352480807738,2,0,49.41145204145765,73.88280118822084,52,19,0,2,3529.753520239411
37,Two year,69.09429200384395,1,1,Credit card,1,0,26,Female,No,0,0,1,1,2556.488804142226,1,0,3.8053872837073217,48.300264495013145,77,2,0,2,3310.774249408897
32,One year,81.39473247975553,1,0,Bank transfer,0,0,47,Female,Fiber optic,1,0,1,1,2604.631439352177,5,0,14.052569975599557,49.85195503687669,30,14,1,2,3390.385972097358
3,Month-to-month,79.60460935144101,0,0,Mailed check,1,1,70,Female,DSL,0,1,0,0,238.81382805432304,1,0,48.328288126828376,68.77134215721674,-3,2,1,2,510.4004298427259
7,Month-to-month,102.21027409203461,0,0,Electronic check,1,0,27,Female,Fiber optic,0,1,0,0,715.4719186442422,6,6,7.444174786050364,24.46132632021948,-61,17,1,0,2016.1662852245381
61,Two year,64.43231848719228,1,1,Credit card,1,0,62,Female,Fiber optic,0,0,1,0,3930.3714277187287,0,1,89.27239966945736,50.985894921146325,2,21,0,2,2959.3786319074616
47,Two year,74.9403873215355,1,1,Credit card,1,1,79,Female,No,0,0,0,0,3522.1982041121682,3,1,68.04490331374672,61.63635744256318,-13,2,0,2,2247.426846637685
8,One year,52.42426140013169,0,0,Mailed check,1,0,21,Male,Fiber optic,1,0,1,1,419.3940912010535,2,1,5.246889247791236,56.65383483158025,20,5,1,1,2456.5682649675973
7,Month-to-month,76.47633049501762,0,0,Electronic check,1,0,24,Female,DSL,0,0,1,1,535.3343134651234,8,3,7.696886102412575,14.634535727719628,-20,47,1,1,1944.8243441223203
17,Two year,85.60625450293577,0,0,Mailed check,1,0,44,Male,Fiber optic,0,0,1,0,1455.3063265499081,1,0,48.305952801264894,68.20851230573987,33,2,0,2,1989.2178735077514
58,Two year,80.27353727281931,1,1,Credit card,1,0,52,Female,Fiber optic,0,1,0,1,4655.86516182352,1,0,8.332455381111544,60.00226270570805,24,13,0,2,3202.681815910235
21,Two year,70.02822361975541,1,1,Bank transfer,0,0,54,Male,DSL,0,1,1,0,1470.5926960148636,1,0,25.231841465133083,79.40982298612127,0,2,0,2,1862.2609217816512
10,Month-to-month,47.96694952578936,1,0,Mailed check,0,0,18,Male,Fiber optic,0,0,0,0,479.6694952578936,1,1,6.92115207926821,77.64893693408487,-11,14,1,1,1590.3327788292297
52,Two year,64.05039658460636,1,1,Bank transfer,1,0,32,Female,No,0,1,0,0,3330.620622399531,0,0,114.04192510934368,76.6051092027856,34,16,0,2,3400.018711927569
62,Two year,96.1443137738718,1,1,Bank transfer,1,0,52,Male,DSL,0,1,0,0,5960.947453980051,4,0,77.80957906366613,73.73242990083747,7,14,0,2,3356.3488907408287
24,Two year,77.08162740590869,0,0,Bank transfer,0,0,27,Female,Fiber optic,1,0,0,1,1849.9590577418085,2,2,1.3445772942013154,52.156704289565056,40,9,1,2,3281.0314833604452
9,Month-to-month,69.60949691376226,0,0,Electronic check,0,0,19,Female,Fiber optic,0,1,0,1,626.4854722238604,0,2,19.25214787042835,44.20972054680708,32,6,0,1,2726.019139271671
51,Two year,83.7415427649259,1,1,Credit card,1,0,35,Male,Fiber optic,0,0,1,1,4270.818681011221,1,0,87.68007458185932,48.45918460761525,41,21,0,2,3294.5154880095556
25,One year,65.26155369894187,1,1,Credit card,0,0,20,Female,Fiber optic,0,0,0,0,1631.5388424735468,1,0,52.34490507451758,72.5029675934993,7,29,0,2,1538.3507559093355
52,Two year,95.2854245712824,1,1,Credit card,1,0,64,Male,DSL,1,1,1,0,4954.842077706685,2,1,8.808544683841372,47.791806466342074,52,10,0,2,3911.578413048313
67,Two year,87.13515291420568,1,1,Credit card,1,1,77,Male,No,0,1,0,1,5838.05524525178,2,0,109.42952033308474,43.273542419968976,59,31,0,2,4376.5229296924035
23,Month-to-month,95.727654566689,0,0,Electronic check,1,1,66,Female,Fiber optic,0,0,0,1,2201.736055033847,7,1,46.57152969049256,24.165374836661343,53,15,1,2,2692.382075432655
32,One year,76.95594151442882,1,0,Mailed check,0,0,42,Female,Fiber optic,0,0,1,0,2462.590128461722,3,0,275.39256360624506,68.71073476493046,67,8,0,2,3230.205370900626
61,Two year,75.73791386254366,1,1,Credit card,1,0,41,Male,Fiber optic,0,0,1,0,4620.012745615163,4,1,33.47090290844195,46.685713336384,38,12,0,2,3766.7082187028695
38,Two year,67.78233292741204,1,1,Bank transfer,1,0,59,Male,No,0,0,0,0,2575.7286512416576,3,2,27.188848178021395,56.363362168785564,28,1,0,2,2762.549312112181
23,Two year,89.91591411016867,1,1,Bank transfer,1,0,18,Female,DSL,0,1,1,0,2068.0660245338795,2,1,0.32108712375925286,56.47558150569247,0,7,1,1,2790.99557920748
9,One year,69.8473752007823,1,1,Mailed check,1,0,51,Male,Fiber optic,0,0,1,1,628.6263768070406,0,0,29.63998279492529,60.22720284325865,62,7,0,2,2169.206242278094
8,Month-to-month,64.65846801269231,0,0,Mailed check,0,0,61,Male,DSL,1,0,0,0,517.2677441015385,4,2,376.29030035896915,77.70809134566744,26,16,0,2,1442.6043556154032
32,Two year,80.08177347530508,0,0,Credit card,0,0,19,Female,DSL,0,0,0,1,2562.6167512097627,3,0,106.32012891843567,69.72411377806189,16,0,0,2,2587.895034257989
66,Two year,73.34278197888801,1,1,Credit card,1,0,51,Male,DSL,1,1,0,1,4840.623610606609,0,1,30.59939826787426,66.03518799593778,30,14,0,2,3166.4426310632716
9,Month-to-month,81.90610357138748,0,0,Electronic check,1,1,67,Male,DSL,0,0,1,0,737.1549321424873,9,9,7.798027206163138,10.119053584744968,-17,60,1,0,2329.4554497333124
17,Two year,66.51437082468291,1,1,Bank transfer,0,0,55,Female,DSL,0,0,1,1,1130.7443040196094,1,1,4.201633735810287,69.47299851958056,-3,12,0,2,1861.5287647233256
48,Two year,86.34768584829774,1,1,Bank transfer,1,0,44,Male,Fiber optic,1,0,1,1,4144.688920718292,0,0,87.73153113286627,76.97504778730752,27,2,0,2,3137.745064355005
68,Two year,72.0341243341302,1,1,Bank transfer,1,0,41,Female,No,0,0,0,0,4898.320454720853,1,0,244.99999159484798,43.960087957604365,25,41,0,2,3655.984365514397
67,Two year,92.66892810234178,1,1,Credit card,1,1,74,Male,Fiber optic,1,1,0,1,6208.8181828568995,3,1,0.9526934925433604,77.20048393623676,43,7,0,2,4414.275921233768
63,Two year,84.47762021349324,1,1,Bank transfer,1,0,63,Female,No,0,1,1,0,5322.090073450074,2,1,3.607548778500863,62.75464444182098,71,2,0,2,3926.7740940766935
6,Month-to-month,86.28840598216843,0,0,Electronic check,1,0,57,Male,Fiber optic,1,0,0,1,517.7304358930105,6,1,2.7951024446923767,6.909076739759033,-28,192,1,1,1230.9919263719244
67,Two year,63.585053566197686,1,1,Credit card,1,0,35,Female,Fiber optic,0,0,0,1,4260.198588935245,1,0,63.03297613965987,75.06472325503266,13,25,0,2,3278.3266399562685
6,Month-to-month,50.64555947946066,1,1,Electronic check,1,0,44,Male,No,0,1,0,0,303.873356876764,1,1,12.594248208174244,69.98724912653184,25,8,0,2,1257.1903228501928
24,Two year,63.27933578173153,1,0,Credit card,1,0,41,Male,Fiber optic,0,0,0,0,1518.7040587615568,1,1,23.82933814307047,47.66816491874391,76,20,0,2,2736.1565696185507
1,One year,44.053694272255655,0,0,Mailed check,0,0,51,Female,Fiber optic,1,0,0,0,44.053694272255655,1,0,0.7461641281102174,55.26054500846958,44,8,0,2,1683.828857278305
68,Two year,69.23316756616049,1,1,Credit card,1,1,70,Male,Fiber optic,0,0,1,0,4707.8553944989135,3,0,11.731302305586368,79.67428873777732,4,11,0,2,3165.7214702424626
5,One year,49.17672562169885,1,0,Mailed check,0,0,43,Female,DSL,1,0,0,0,245.88362810849424,4,2,8.73011571373572,65.24934344588536,100,26,0,2,2268.1953598412138
26,Two year,55.06102705262312,0,1,Credit card,1,0,42,Female,Fiber optic,1,0,1,1,1431.5867033682011,3,0,104.00009804179989,77.98488540637757,43,4,0,2,2119.0616014855846
1,Month-to-month,54.53067879490995,1,0,Electronic check,0,0,32,Male,Fiber optic,0,0,1,0,54.53067879490995,3,0,30.348908709893262,49.5987993647624,-16,17,0,2,575.6979756734441
22,Two year,88.1310556311492,1,0,Bank transfer,0,0,48,Male,Fiber optic,0,0,0,1,1938.8832238852824,3,0,78.56602616995158,54.14271209354935,3,19,0,2,2772.3996672139497
67,Two year,90.74077458095165,1,1,Bank transfer,1,0,57,Male,No,1,0,0,0,6079.631896923761,3,2,7.285530460188218,40.2774477310312,58,3,0,2,4598.5360285896495
5,Month-to-month,61.44525724618075,0,0,Electronic check,1,1,66,Female,Fiber optic,0,0,0,1,307.2262862309038,1,0,37.51412143085964,63.22461992657584,48,27,0,2,1924.178998120764
55,Two year,72.0824200733918,1,1,Bank transfer,1,1,72,Female,DSL,1,0,0,0,3964.533104036549,2,3,103.68580984316478,45.85047476213239,48,1,1,2,3361.275432886676
65,Two year,88.01007837778084,1,1,Bank transfer,1,0,30,Female,Fiber optic,1,1,0,1,5720.655094555755,4,1,18.827820943369147,40.368812979382234,10,8,0,2,3019.5229062690883
65,Two year,92.7919121993891,1,1,Bank transfer,1,0,59,Male,Fiber optic,1,0,0,0,6031.474292960292,4,0,62.171622625998076,71.15250286628371,43,2,0,2,4059.76043613165
8,Month-to-month,91.40464383124718,0,0,Electronic check,1,0,54,Male,DSL,0,0,0,0,731.2371506499775,7,3,11.117206610612818,15.918324579620014,-66,116,1,0,1783.800414406486
3,Month-to-month,69.16450462194332,0,0,Electronic check,0,0,44,Male,DSL,1,1,1,1,207.49351386582998,3,0,7.984572237720389,46.164513367427695,41,3,0,2,1956.1678887236767
70,Two year,63.72121945840109,1,1,Credit card,1,0,39,Male,Fiber optic,1,0,0,0,4460.485362088076,4,1,50.03640519578693,77.63639327339209,17,18,0,2,3901.463939182445
17,Two year,56.56882749838283,0,0,Mailed check,0,0,45,Male,No,0,0,1,0,961.6700674725081,5,1,92.97012115886913,63.13544913938143,100,0,0,2,2520.894253811385
51,Two year,99.66353635481096,1,1,Credit card,1,0,43,Female,Fiber optic,0,1,1,1,5082.840354095359,2,1,21.037886449187273,58.33809348587738,5,0,0,2,3104.008079326479
25,One year,58.30698593436426,1,1,Mailed check,0,0,61,Female,No,0,0,0,1,1457.6746483591066,5,1,39.342916982078115,44.56842313035129,-4,1,0,2,1382.310236963742
64,Two year,72.43715720030217,1,1,Bank transfer,1,0,40,Male,Fiber optic,1,0,0,0,4635.978060819339,2,2,14.351457434812978,51.673067458661066,24,8,0,1,4397.087703052016
15,Month-to-month,70.20126394269853,0,0,Electronic check,1,0,53,Male,Fiber optic,0,0,0,0,1053.018959140478,6,4,38.85753829117235,21.744675530010554,-48,44,1,1,1499.1086044180258
57,Two year,64.35573255924156,1,1,Credit card,1,1,76,Male,DSL,0,0,0,0,3668.2767558767687,4,0,3.6141580389831485,41.80410418721176,19,27,0,2,2737.6815951703984
65,Two year,71.8111315688124,1,1,Credit card,1,0,40,Female,No,0,0,0,0,4667.723551972806,2,0,5.613969314920058,54.258036994841724,68,43,0,2,4679.1401741095
11,Month-to-month,36.29703205237503,1,0,Mailed check,0,0,23,Female,Fiber optic,1,0,0,1,399.26735257612535,3,0,190.0008181907634,59.33481331794894,95,6,0,2,2149.9060199723403
70,Two year,65.35214945117954,1,1,Bank transfer,1,0,24,Female,DSL,0,1,0,0,4574.650461582568,0,1,140.92559253591764,53.31978798881753,89,28,0,2,4709.157552926763
27,One year,86.85469610798074,1,1,Mailed check,0,1,78,Female,Fiber optic,1,1,0,0,2345.07679491548,1,0,122.42387318665953,68.38801672894029,43,8,0,2,2298.483916670787
25,One year,82.17173855108456,1,1,Mailed check,1,0,26,Female,DSL,0,0,0,1,2054.293463777114,3,0,30.553666798928923,59.46724737912098,48,2,0,2,2714.810692114753
15,Two year,77.86123174416889,0,1,Mailed check,0,0,24,Female,DSL,0,0,0,0,1167.9184761625334,3,0,2.578614708157656,71.44202518278594,37,5,0,2,2440.9013987952635
1,One year,40.31013579508894,0,0,Mailed check,1,0,45,Female,DSL,1,1,1,0,40.31013579508894,3,0,30.234759848400635,45.37819502074521,48,31,1,2,1234.024688076979
17,Month-to-month,110.96593811734823,0,0,Electronic check,1,0,47,Female,Fiber optic,1,0,0,0,1886.42094799492,13,1,24.373248360849328,10.48107927598944,26,66,1,1,3098.6340213915764
31,Two year,74.90751254786193,1,0,Bank transfer,1,0,62,Male,DSL,0,1,0,0,2322.1328889837196,1,1,7.367860445244453,47.309709364891226,43,3,0,2,3017.4191606088475
39,Two year,65.25397632579627,1,1,Bank transfer,1,0,33,Male,Fiber optic,0,1,0,1,2544.905076706055,2,0,119.6706484885942,57.14611141252824,-14,14,0,2,2058.3497067878893
60,Two year,93.8767491235424,1,1,Credit card,1,0,58,Female,No,0,1,0,0,5632.604947412544,0,0,86.64739629317909,75.84162591182334,-19,19,0,2,3106.6039187854544
71,Two year,61.842269367598256,1,1,Bank transfer,1,0,60,Male,Fiber optic,1,0,1,1,4390.801125099476,0,0,7.665994065779575,60.618268076871274,100,8,0,2,5129.16067437319
21,Two year,68.71159081890167,1,0,Credit card,1,0,45,Male,No,0,0,1,1,1442.9434071969351,2,0,3.9149723705507475,70.29488499488333,64,19,0,2,2898.40562010541
8,Month-to-month,102.69191949083131,0,0,Electronic check,1,0,50,Male,Fiber optic,1,1,0,1,821.5353559266505,6,1,17.897293426300532,18.851126869830495,5,2,1,2,1703.3064015092887
6,Month-to-month,78.54523557249348,0,0,Electronic check,1,0,35,Male,No,0,0,0,0,471.2714134349609,2,1,7.0106464433665945,52.91108931654216,24,29,0,2,1556.8555718336008
5,Month-to-month,50.74988791853771,0,0,Mailed check,0,0,40,Female,DSL,0,0,1,1,253.74943959268853,2,0,41.30852825917439,77.61247280546894,50,23,0,2,1681.1264391114935
57,Two year,80.38896987006792,1,1,Credit card,1,0,30,Male,Fiber optic,1,0,0,1,4582.171282593872,3,0,126.74079359892151,78.74146255256514,64,7,0,2,3673.3418125227017
27,One year,53.9704059723678,1,1,Bank transfer,0,0,54,Male,No,0,0,1,1,1457.2009612539307,2,0,102.11945962016327,74.10655314686906,0,13,0,2,1953.9738081160351
13,Two year,59.12299757767161,0,0,Bank transfer,1,0,30,Female,DSL,0,0,1,1,768.598968509731,3,1,14.764081596454275,53.83993033615283,41,8,0,2,1857.4603688138238
39,Two year,91.82041486785613,1,1,Bank transfer,1,0,26,Male,DSL,1,0,0,0,3580.996179846389,4,0,168.90551526498146,65.32653824786391,91,33,0,2,3813.1089573094646
64,Two year,75.87187388345265,1,1,Bank transfer,1,0,60,Male,DSL,0,1,0,1,4855.79992854097,4,0,69.37244458906058,75.02739837611529,40,29,0,2,3449.4474740952674
15,Month-to-month,75.68256306558416,0,0,Electronic check,1,1,67,Male,DSL,0,1,1,1,1135.2384459837624,10,2,11.453494152327421,18.28952582904899,-15,13,1,1,2685.8265809351
6,Month-to-month,82.45099810533854,0,0,Electronic check,1,0,48,Male,Fiber optic,0,1,0,0,494.7059886320312,11,2,21.18231772315143,7.10997342179742,12,8,1,2,1361.860508052163
11,One year,65.22468182058424,0,1,Mailed check,1,1,75,Female,Fiber optic,1,1,0,1,717.4715000264266,4,0,255.28280734542622,64.90719823712642,1,54,0,2,956.108101034059
12,Month-to-month,80.9707819278452,0,0,Electronic check,1,1,78,Female,Fiber optic,0,0,1,0,971.6493831341423,9,3,12.560584391706994,5.908228599500601,8,48,1,1,2575.1622948658974
12,One year,81.26724831838479,1,0,Credit card,1,0,31,Male,DSL,1,1,0,1,975.2069798206174,2,1,17.035442501150104,77.20651748291085,63,10,0,2,2355.8517393960183
9,Month-to-month,52.479945300386866,1,0,Mailed check,1,0,40,Female,No,0,0,0,1,472.3195077034818,4,1,118.24004220732478,63.20597815696234,28,9,0,2,1371.9440828495733
12,Month-to-month,106.23547437321888,0,0,Electronic check,1,0,18,Female,Fiber optic,0,0,0,1,1274.8256924786265,9,5,21.08297173996354,12.45540100087391,-15,11,1,1,2261.933427528927
13,Month-to-month,110.40073745313917,0,0,Electronic check,1,0,40,Male,Fiber optic,0,1,0,1,1435.2095868908093,8,3,2.912829139754314,8.374616209817802,-34,10,1,1,2302.48429398834
12,Month-to-month,82.00192093820749,0,0,Electronic check,1,1,77,Male,No,0,0,0,0,984.0230512584899,5,6,53.3995797613749,6.011968091981033,-15,46,1,1,2167.1398257518813
35,Two year,51.766241964469245,0,0,Credit card,0,0,28,Male,Fiber optic,0,1,0,1,1811.8184687564235,5,0,50.3288994469413,56.672465063117514,14,2,0,2,2148.182040965217
5,Month-to-month,63.3675581525198,1,0,Electronic check,1,0,45,Female,No,0,1,0,0,316.837790762599,2,1,8.37245039972341,64.82694184896039,-11,15,1,1,1566.8091308952628
6,One year,67.66564659396286,1,0,Mailed check,1,0,60,Female,Fiber optic,1,0,1,1,405.99387956377717,0,0,40.81524183179801,73.9846055945331,100,14,0,2,2707.7985518268492
48,Two year,97.6179402294469,1,1,Credit card,1,0,43,Male,Fiber optic,0,0,0,0,4685.661131013451,7,1,24.471512099994904,66.77310870338117,64,7,0,2,3621.5488816177353
26,One year,62.591352632512425,1,0,Credit card,0,1,71,Male,Fiber optic,1,0,0,0,1627.375168445323,0,0,61.74995096968597,55.520690488391324,17,12,0,2,2140.437045749136
19,One year,51.09150602602262,1,1,Mailed check,1,0,47,Male,Fiber optic,1,0,1,0,970.7386144944298,1,1,33.38589604570254,48.93063979769945,51,20,1,2,2601.728195631622
25,Two year,52.401452520094345,1,0,Credit card,0,0,24,Female,DSL,0,0,1,0,1310.0363130023586,4,0,4.274293758018223,40.8722894134459,16,10,0,2,1220.756048156301
25,Two year,52.138628965025134,1,0,Mailed check,0,0,47,Male,Fiber optic,0,1,1,0,1303.4657241256284,2,1,111.7805201574371,60.305167026964305,23,5,0,2,2019.0313871359629
15,Month-to-month,96.4741441189697,0,0,Electronic check,1,0,39,Female,No,0,1,0,0,1447.1121617845456,3,2,8.169530965497,16.12577864960147,-8,82,1,1,2462.618380523979
1,One year,77.28367685254022,1,1,Mailed check,1,0,56,Female,DSL,0,0,0,1,77.28367685254022,1,0,26.05572341227507,68.25296363007831,42,14,0,2,1946.802587362046
4,Month-to-month,54.04708040421518,0,0,Electronic check,0,0,36,Male,Fiber optic,1,1,0,0,216.18832161686072,1,2,5.905829444411331,44.45490129495434,50,1,1,2,1052.4395198626148
18,Two year,80.0682384071726,1,1,Mailed check,0,0,57,Male,No,0,0,1,1,1441.228291329107,1,0,61.55939900342355,58.36515818744102,12,5,0,2,1420.517239706129
35,Two year,77.8544506766589,0,0,Mailed check,0,1,76,Male,DSL,1,1,1,1,2724.9057736830614,3,0,37.65744961860159,51.02072873383271,43,12,0,2,3096.0973965128896
9,Month-to-month,32.238419434424344,1,1,Electronic check,1,0,41,Female,Fiber optic,0,0,0,1,290.1457749098191,1,0,223.92138061685625,79.8080020956407,6,1,0,2,1032.6701669881663
4,Month-to-month,72.4800087491229,0,1,Mailed check,1,0,23,Male,DSL,0,0,1,1,289.9200349964916,0,0,37.773852268013634,63.907136954349674,-9,17,0,2,939.8133596712433
59,Two year,87.47443990700117,1,1,Credit card,1,0,58,Female,Fiber optic,1,0,0,1,5160.991954513069,1,0,27.770168007802035,72.896574188871,64,42,0,2,4548.812604228543
25,One year,63.67461487746776,1,0,Mailed check,0,0,56,Male,Fiber optic,0,0,1,1,1591.865371936694,3,1,9.546951227055793,56.05246250338196,18,7,1,2,1962.339994317325
4,Month-to-month,38.83411570881526,0,0,Mailed check,1,0,37,Female,DSL,0,1,0,1,155.33646283526105,2,1,13.524262401805505,61.84413690997482,5,30,1,1,1514.024900757017
16,Month-to-month,113.30944576327903,0,0,Electronic check,1,1,79,Male,DSL,1,0,1,1,1812.9511322124645,12,3,3.7624534320141367,20.566940496348636,-23,10,1,1,2171.278805294429
55,Two year,84.85377989014118,1,1,Bank transfer,1,0,26,Female,DSL,1,0,0,1,4666.957893957765,2,0,8.381483797925902,74.03727260888229,52,19,0,2,4348.821537874328
14,Month-to-month,84.6007050220367,0,0,Electronic check,1,1,71,Female,Fiber optic,1,0,1,1,1184.409870308514,4,0,23.789162358281253,10.88430365672017,-23,70,1,1,2147.0705190691783
16,One year,70.91142932205669,1,0,Mailed check,0,0,45,Female,Fiber optic,1,0,1,0,1134.582869152907,5,0,60.11894658058229,44.98512974046293,41,4,0,2,1886.5592223318467
59,Two year,62.06787348966108,1,1,Bank transfer,1,1,75,Female,No,0,0,1,0,3662.004535890004,3,0,62.975510049228916,56.328722173266186,63,8,0,2,4193.782238431064
10,One year,70.37389678259544,0,1,Electronic check,1,0,42,Male,No,0,0,1,0,703.7389678259544,0,0,10.557975577801171,79.8260583700739,5,1,0,2,1008.6358799790628
46,Two year,61.782552937947166,1,1,Credit card,1,0,34,Male,Fiber optic,0,0,1,0,2841.99743514557,7,0,217.61743549355117,47.05394765013612,37,11,0,2,3367.9775056974804
33,Two year,61.2757508239733,0,0,Bank transfer,1,1,70,Female,DSL,0,0,0,1,2022.0997771911188,0,0,27.21470862870968,68.61052350914237,32,2,0,2,2504.2142373206816
24,One year,66.57906909630277,0,0,Mailed check,0,1,67,Male,Fiber optic,0,0,1,0,1597.8976583112667,2,0,47.14177128236312,72.49126396808614,47,17,0,2,2310.12791338532
34,One year,68.24972103385178,0,0,Credit card,1,0,51,Male,DSL,1,0,0,0,2320.4905151509606,2,0,8.85807702341741,66.56231823750261,51,2,0,2,3419.6432555489127
34,One year,77.60933333658093,0,0,Credit card,1,0,46,Male,DSL,0,0,1,1,2638.7173334437516,2,1,44.55212460501418,74.30967486239311,45,16,0,2,3006.6152694540842
33,One year,87.16995660972543,1,1,Bank transfer,1,0,21,Female,No,0,1,0,0,2876.6085681209393,2,0,119.42847771680277,55.327367409438736,-7,2,0,2,2295.100952549413
4,Month-to-month,40.550334585376305,0,0,Mailed check,1,0,26,Female,DSL,0,0,0,0,162.20133834150522,1,1,3.9017478718028005,52.98283989067427,100,7,0,2,2101.461989145313
7,Month-to-month,104.80729624692705,0,0,Electronic check,1,1,73,Male,DSL,0,0,0,0,733.6510737284893,8,2,1.839584700347311,6.048368418061676,-27,5,1,1,1773.5534497275949
9,Month-to-month,33.44950043552297,1,0,Electronic check,1,0,58,Female,No,1,0,1,0,301.04550391970673,1,1,42.666219708299444,41.17384907173084,48,7,0,2,1572.9098750453095
45,Two year,61.74942503519878,1,1,Bank transfer,1,0,18,Female,Fiber optic,1,0,1,1,2778.7241265839452,3,2,47.07844966353102,69.87635760009967,38,13,1,2,2946.9519816089864
10,Month-to-month,90.0822588606021,0,0,Electronic check,1,0,62,Female,Fiber optic,0,1,0,0,900.822588606021,8,2,4.08286947722967,28.805157560574518,-15,44,1,1,1807.1348153572276
15,Two year,66.22100885831775,1,1,Credit card,0,0,53,Female,Fiber optic,0,0,0,1,993.3151328747662,5,0,40.643880528398604,77.20327134792046,42,38,0,2,2206.4094814184286
29,One year,66.07140980651036,1,1,Credit card,0,0,37,Female,DSL,0,0,0,1,1916.0708843888006,2,0,251.2972661083917,71.43155382515528,10,2,0,2,1827.536440967179
69,Two year,60.12671394322807,1,1,Credit card,1,0,18,Male,Fiber optic,0,0,0,0,4148.743262082737,0,0,170.88855792372155,77.65985653615459,-13,27,0,2,3130.74576290936
18,Month-to-month,95.57575680416124,0,0,Electronic check,1,1,65,Male,Fiber optic,0,0,0,0,1720.3636224749025,8,6,6.595816528941137,22.426657354226005,17,111,1,0,3712.9372327742367
7,Month-to-month,62.539416042345096,1,0,Mailed check,1,0,47,Female,DSL,1,0,1,1,437.77591229641564,4,1,144.96533819189997,46.03287712114661,8,0,0,2,1088.4321931487377
25,One year,76.7345338914177,1,0,Bank transfer,1,0,54,Male,Fiber optic,1,0,0,0,1918.3633472854424,3,0,51.633412343112276,71.55869374121593,80,14,0,2,2774.3482995188715
10,Month-to-month,44.39397516674223,0,0,Mailed check,1,0,21,Female,Fiber optic,0,0,1,0,443.9397516674223,2,3,25.36044901862472,79.86514673844131,16,6,0,1,1928.9121657285652
7,Month-to-month,114.86694827843843,0,0,Electronic check,1,1,69,Female,Fiber optic,0,1,1,1,804.068637949069,5,4,47.09329784542264,22.072143148137407,20,112,1,1,2656.3201269588712
69,Two year,87.43645084199454,1,1,Bank transfer,1,1,77,Male,DSL,1,1,1,1,6033.115108097623,1,1,83.33365147027213,76.30619506986761,32,41,0,2,3647.0674941114285
8,Month-to-month,31.15235442033037,0,0,Electronic check,0,0,45,Male,Fiber optic,0,0,1,1,249.21883536264295,1,1,80.08712703730974,49.22999212878105,37,4,0,2,1018.0799921644023
21,Month-to-month,92.61870885116502,0,0,Electronic check,1,0,28,Male,No,0,0,0,1,1944.9928858744656,7,2,5.768314833751917,11.026275541769158,-59,15,1,1,1259.6714414990201
7,Month-to-month,76.79970895008888,0,0,Electronic check,0,0,56,Male,Fiber optic,0,0,1,0,537.5979626506222,1,1,114.71627083888177,71.3218795068052,5,24,0,2,782.9558200123248
38,Two year,88.40440225686827,1,1,Credit card,1,0,48,Male,Fiber optic,1,0,1,1,3359.367285760994,1,0,102.17645385318839,75.48069205915351,40,3,0,2,2606.2795930496186
9,Month-to-month,41.154500922267786,1,1,Electronic check,1,1,74,Female,Fiber optic,0,0,1,1,370.3905083004101,2,1,126.09078316355257,56.72999898046887,25,8,0,2,1968.676265434585
16,Month-to-month,77.16479957154672,0,0,Electronic check,1,0,34,Male,DSL,0,1,1,0,1234.6367931447476,10,1,12.590441023865527,15.267882360729095,-61,4,1,1,1150.7287566646542
62,Two year,93.57843638003067,1,1,Bank transfer,1,0,29,Male,DSL,1,0,1,1,5801.863055561901,2,0,23.864953888394716,49.08012889661275,-6,1,0,2,2627.7762210784194
1,Month-to-month,37.08056753089497,0,1,Mailed check,0,0,46,Male,Fiber optic,0,0,1,0,37.08056753089497,1,1,26.91694610925786,60.39074313932024,77,5,1,2,1645.4459676863696
41,Two year,95.58608132070265,1,1,Bank transfer,1,0,19,Female,No,1,0,1,1,3919.0293341488086,0,0,60.07069271520193,49.81465755771988,26,7,0,2,2786.6375119428685
63,Two year,63.05539779965824,1,1,Credit card,1,0,36,Female,DSL,0,1,1,0,3972.490061378469,2,1,38.34095845885401,59.06439610053157,18,41,0,1,4224.01181044789
40,Two year,63.19861577437208,1,1,Credit card,1,0,19,Male,DSL,1,1,0,0,2527.9446309748832,6,0,80.18547692185417,72.71008404530556,50,6,0,2,2750.9607919177542
37,Two year,99.84491798557764,1,1,Bank transfer,1,0,34,Female,Fiber optic,1,0,0,1,3694.2619654663727,6,1,8.471624259124187,42.64584325125433,37,31,0,2,2814.3513495554535
9,Month-to-month,79.27901183917777,0,0,Electronic check,1,1,74,Female,Fiber optic,1,0,1,0,713.5111065525999,6,1,6.417343685855672,21.18957780235142,-52,302,1,0,1902.7822674148504
9,Month-to-month,79.53379733773957,0,0,Electronic check,1,0,43,Female,Fiber optic,1,0,1,0,715.8041760396561,4,2,67.15657199927209,7.661612909924141,-21,4,1,1,1700.2388523011061
68,Two year,86.97395916093876,1,1,Bank transfer,1,0,47,Male,DSL,0,1,0,0,5914.229222943835,1,1,0.495533257922548,52.31909515771112,43,0,0,1,5118.382080501898
20,Month-to-month,86.15443736472761,0,0,Electronic check,1,1,73,Male,DSL,1,1,0,0,1723.0887472945524,6,2,30.6282480787454,23.778142229861274,-13,37,1,1,1957.6528014699097
24,Two year,87.92828247261858,1,1,Mailed check,0,0,25,Male,No,0,0,0,1,2110.278779342846,1,0,58.996974583661576,61.942479808293974,75,21,0,2,3734.0044205366344
12,One year,71.22549026662608,0,1,Mailed check,1,0,45,Male,Fiber optic,1,0,0,0,854.705883199513,0,0,22.246451238915615,66.05641466858422,51,24,0,2,1988.7313345032796
20,Month-to-month,73.66582260603828,0,0,Electronic check,1,0,51,Male,Fiber optic,0,0,0,0,1473.3164521207655,3,2,20.571846059066598,10.14023431808625,-20,149,1,0,2950.5248984274986
63,Two year,88.82620581132453,1,1,Credit card,1,0,53,Male,Fiber optic,1,0,0,1,5596.050966113446,3,1,86.83195149521215,68.85375047981722,37,0,0,2,3773.64860500943
10,Month-to-month,83.22955173843646,0,0,Electronic check,1,0,40,Male,No,0,1,0,1,832.2955173843645,6,4,29.079746407286198,21.090235812865878,-18,72,1,1,2163.2685004207065
63,Two year,68.47929963608954,1,1,Credit card,1,0,57,Female,No,0,1,0,1,4314.195877073641,2,0,11.313048087528305,55.243775851712975,71,6,0,2,4473.674761186641
9,Month-to-month,71.2773700560802,0,0,Electronic check,1,0,21,Female,Fiber optic,0,0,1,1,641.4963305047218,6,3,19.826990370118494,27.500456352793847,-45,26,1,1,1278.4877240667324
17,Month-to-month,111.05392887234251,0,0,Electronic check,1,1,76,Female,No,1,1,1,1,1887.9167908298227,8,4,10.59040621750642,14.794968279035366,-41,132,1,0,3012.968270767145
7,Month-to-month,42.63315010856412,0,0,Mailed check,1,1,79,Female,DSL,0,0,1,1,298.4320507599488,3,1,66.51365781965346,70.11822250273997,22,28,0,2,1108.8109429598287
19,Month-to-month,116.6977065897619,0,0,Electronic check,1,0,40,Male,Fiber optic,0,0,1,1,2217.2564252054763,1,2,11.681467414618405,17.978946694747826,-55,63,1,1,2544.052487990147
8,One year,58.95649020175246,0,0,Electronic check,0,0,61,Female,No,1,0,0,0,471.65192161401967,1,1,147.63875396173117,42.585627768234424,2,23,1,2,1346.9508441678029
53,Two year,68.29236012750232,1,1,Credit card,1,1,76,Female,No,1,1,0,0,3619.495086757623,5,1,30.353337117694362,72.25393815698709,18,31,1,2,3131.552351162276
1,Month-to-month,50.87241419482312,0,1,Mailed check,1,0,39,Male,DSL,1,1,0,1,50.87241419482312,1,0,14.792519253144626,50.656670176526525,15,16,0,2,729.9700431147222
23,Month-to-month,110.5508055131328,0,0,Electronic check,1,1,77,Male,Fiber optic,0,1,1,1,2542.668526802054,9,4,4.761857651095742,5.061523995811336,-38,9,1,1,2481.333474354119
10,Month-to-month,84.56514043525752,0,0,Electronic check,1,0,31,Female,Fiber optic,0,1,0,1,845.6514043525751,7,4,4.9389984769904665,26.07109078763009,-14,276,1,0,2675.9750270385193
23,Month-to-month,103.14015431878678,0,0,Electronic check,1,0,19,Male,DSL,0,0,1,0,2372.223549332096,7,0,10.18065243768821,28.230251551016593,-14,120,0,1,2350.1162628630454
9,Month-to-month,58.620386298388254,0,0,Electronic check,1,0,30,Female,Fiber optic,0,0,0,0,527.5834766854942,3,2,57.89592926348789,60.09380484540607,12,30,0,1,1810.2128745262999
54,Two year,95.57563664515376,1,1,Credit card,1,0,45,Male,DSL,0,1,0,0,5161.084378838304,6,1,7.9631936932402905,55.852228738723774,58,9,0,2,3897.262239341494
4,One year,64.41464992136275,1,1,Mailed check,1,0,42,Female,DSL,0,0,1,1,257.658599685451,1,0,89.77826545981033,77.58807439867368,34,16,0,2,1839.0239167211896
54,Two year,61.520873929498194,1,1,Bank transfer,1,0,47,Female,Fiber optic,0,1,0,0,3322.1271921929024,1,0,93.85360290319815,52.07048032355894,-39,1,0,2,2212.8396520444962
6,Month-to-month,77.42125777707464,0,0,Electronic check,1,0,62,Male,Fiber optic,0,0,0,1,464.5275466624479,4,0,216.90114997428145,74.24682518389152,29,0,0,2,1375.997636002241
27,One year,56.32679561637704,0,0,Credit card,0,0,51,Male,DSL,0,1,1,0,1520.82348164218,1,0,44.95747245990383,65.39170292327705,52,33,0,2,2388.1356630136816
17,Month-to-month,82.14987964304149,0,0,Electronic check,1,0,29,Female,Fiber optic,0,0,0,0,1396.5479539317053,11,1,11.256584010462806,22.211796425227433,0,1,1,2,1905.3375957202857
59,Two year,91.71824378422527,1,1,Credit card,1,1,70,Female,No,0,0,1,0,5411.37638326929,2,0,33.244401039225906,79.87905689661157,59,3,0,2,4587.27306396742
13,Month-to-month,116.26640269320819,0,0,Electronic check,1,0,64,Male,DSL,1,0,0,0,1511.4632350117065,10,2,13.667723925361631,9.811675857979333,4,5,1,1,2567.3475604089595
65,Two year,78.91885384382041,1,1,Credit card,1,0,27,Female,Fiber optic,1,1,1,0,5129.725499848327,2,0,107.32256520504497,51.78851951692904,26,15,0,2,3796.050686245647
43,Two year,88.98067405594472,1,1,Credit card,1,0,21,Female,Fiber optic,0,1,1,0,3826.1689844056227,1,0,21.903722574940257,51.61041582672076,90,11,0,2,4227.8093100660435
28,Two year,63.6794322115194,0,0,Bank transfer,1,0,23,Female,No,0,0,0,1,1783.0241019225432,2,3,21.015588838731748,77.25877983519851,24,43,0,1,2956.184532063531
51,Two year,97.45796695534642,1,1,Credit card,1,0,40,Male,Fiber optic,0,0,0,0,4970.356314722668,0,0,270.10143849333286,63.47096494576747,63,3,0,2,3730.4849057079646
26,Two year,84.75997631807212,1,1,Mailed check,0,0,55,Female,DSL,0,0,1,1,2203.759384269875,0,0,14.243520726716294,58.81682443546043,42,7,0,2,2892.1929235580005
6,One year,32.110023429064924,1,1,Mailed check,0,0,27,Female,Fiber optic,0,0,1,0,192.66014057438954,4,0,6.304520406339834,63.83045915519227,30,32,0,2,1260.7852295039143
8,One year,78.98671673869299,0,0,Electronic check,0,0,28,Male,Fiber optic,0,0,0,1,631.8937339095439,1,0,104.45954178797132,41.55809669598631,23,7,1,2,1721.8662048097842
22,One year,60.05036653868508,1,1,Credit card,1,0,46,Male,DSL,0,0,0,1,1321.1080638510718,4,0,41.262089675011055,59.95037587030311,77,15,0,2,2541.858795320545
20,Month-to-month,84.2327696746796,0,0,Electronic check,1,0,52,Female,DSL,0,0,0,0,1684.655393493592,8,1,17.988657933038542,28.83713820449412,-11,21,1,1,2261.874823930595
2,Month-to-month,55.32749999542736,1,0,Electronic check,1,0,56,Female,DSL,0,1,0,0,110.65499999085472,2,0,7.040076299608762,41.051975954022296,87,5,0,2,2010.845655819452
28,One year,58.57233048647326,0,1,Bank transfer,0,0,27,Female,DSL,0,0,1,0,1640.0252536212513,3,1,54.961382431432476,51.66384923872351,8,4,0,2,1465.717179188126
20,One year,86.58233110752633,0,1,Bank transfer,1,0,59,Male,Fiber optic,0,0,0,0,1731.6466221505266,3,0,29.11462297334872,79.45365707273052,11,51,1,2,1920.890378101778
22,One year,65.6540535480232,1,1,Mailed check,0,0,63,Male,DSL,0,1,0,1,1444.3891780565104,2,0,49.31615045581768,67.10148767440666,71,23,0,2,2788.9804014819174
18,Month-to-month,112.23951801447808,0,0,Electronic check,1,0,47,Male,DSL,1,1,0,0,2020.3113242606055,9,2,44.41125913501124,14.3949287677081,-24,103,1,1,3063.4149747113697
41,Two year,96.81188724877632,1,1,Bank transfer,1,0,24,Male,Fiber optic,0,0,0,0,3969.287377199829,4,0,122.83872268337173,75.6516784844087,100,13,0,2,4087.3228452038015
47,Two year,61.087000643633765,1,1,Credit card,1,0,24,Male,DSL,1,0,1,1,2871.089030250787,1,0,45.446679708170024,57.44607397622083,40,9,0,2,3797.100302190933
4,One year,30.63827132589487,0,1,Electronic check,1,0,63,Female,DSL,0,1,1,1,122.55308530357948,2,1,155.16606385953475,53.996530948092825,21,1,0,2,421.85982810123176
22,Two year,61.3690340255017,1,1,Credit card,0,1,72,Female,Fiber optic,0,1,1,0,1350.1187485610374,2,1,91.13589179248616,42.36959329734444,99,6,0,2,2772.4670438022226
20,Two year,63.4686638912038,1,0,Bank transfer,0,0,44,Male,DSL,0,1,0,0,1269.373277824076,0,0,1.1787268703044904,55.078041744533465,67,24,0,2,2875.69664559205
2,One year,44.44049849770448,0,0,Electronic check,1,0,38,Male,Fiber optic,0,1,0,0,88.88099699540896,3,0,92.85617590747968,54.19788020125671,45,5,1,2,1521.2718978692476
23,Two year,66.80512315982472,0,0,Credit card,0,1,65,Female,Fiber optic,1,0,0,1,1536.5178326759685,1,1,152.96761707817117,52.207612596586365,31,13,0,2,2220.9247614225746
63,Two year,60.50859559947574,1,1,Credit card,1,0,20,Male,Fiber optic,1,0,0,0,3812.0415227669714,3,0,81.59259334925369,66.60862488129638,81,26,0,2,4440.365050912038
11,One year,36.67577756764098,0,1,Mailed check,0,0,60,Male,DSL,0,0,1,1,403.43355324405076,3,0,67.89286320225608,53.103142505894546,-21,8,0,2,212.35036718819515
21,Month-to-month,75.1771785976392,0,0,Electronic check,1,1,72,Female,Fiber optic,1,0,0,1,1578.7207505504232,6,2,20.667522570044984,16.127657054435666,-2,48,1,1,1966.1148301129872
1,Month-to-month,32.67173011955086,1,1,Electronic check,1,0,57,Male,DSL,0,0,1,0,32.67173011955086,1,0,95.53109598306908,75.94440033961848,32,17,0,2,1135.8744276191874
67,Two year,86.67417684057071,1,1,Credit card,1,0,30,Male,DSL,1,1,1,1,5807.169848318237,0,0,109.73703955858093,77.67379689004629,86,8,0,2,4349.636541322231
41,Two year,99.98855216623656,1,1,Credit card,1,0,22,Female,Fiber optic,1,0,0,0,4099.530638815699,3,2,7.614204696504435,64.95153926703479,19,19,1,1,3108.340226719624
2,One year,51.914930401658296,1,1,Mailed check,1,0,26,Female,Fiber optic,0,0,1,1,103.82986080331659,1,1,45.860436942361595,76.5137053165738,65,31,0,2,1493.914026323267
20,Month-to-month,94.49470710654126,0,0,Electronic check,1,1,73,Male,Fiber optic,0,0,1,0,1889.894142130825,9,0,6.837086415576422,20.867540184235345,-37,59,1,1,2333.9287630309514
2,Month-to-month,42.263965248718364,0,0,Electronic check,1,1,75,Male,DSL,1,0,0,0,84.52793049743673,3,0,5.0112863324385835,73.18337356413862,56,32,0,2,1117.9370552063674
16,One year,87.95203318710543,0,1,Credit card,1,1,77,Male,Fiber optic,0,1,0,0,1407.2325309936869,1,0,7.053763968806498,45.86963916279493,36,3,0,2,2889.9691868864957
58,Two year,97.71324565653046,1,1,Credit card,1,0,53,Female,Fiber optic,0,1,0,0,5667.368248078767,3,0,12.357466891107496,58.1764388697999,55,41,0,2,3532.8933029149407
5,One year,79.41310575715934,0,0,Electronic check,0,1,65,Female,Fiber optic,1,0,0,0,397.0655287857967,2,0,90.08391761413918,69.08982580691637,61,28,0,2,1956.664330560886
20,Month-to-month,110.4293084714549,0,0,Electronic check,1,0,27,Male,DSL,1,0,0,0,2208.586169429098,9,3,13.61923044803958,24.996417627492992,30,31,0,1,3258.221119363047
8,Month-to-month,116.5894271525587,0,0,Electronic check,1,1,69,Female,DSL,1,0,1,1,932.7154172204696,7,5,10.867885608504245,25.941034623251355,11,111,1,0,3437.163035470689
1,Month-to-month,34.75282684162822,0,1,Mailed check,0,0,46,Male,No,1,0,1,0,34.75282684162822,0,0,62.59647915292261,48.280759986680934,28,12,0,2,1129.535575514866
21,Month-to-month,83.57667414542513,0,0,Electronic check,1,0,39,Female,Fiber optic,1,0,0,0,1755.1101570539277,8,3,12.641589829235704,14.583732091098884,-11,32,1,1,2167.4451770431715
7,Month-to-month,77.64444228223982,0,0,Electronic check,1,1,77,Female,DSL,0,0,0,1,543.5110959756787,6,2,27.62627456176052,10.030964998931701,-1,70,1,1,1544.922850242467
14,Month-to-month,70.52835613872215,0,0,Electronic check,1,0,56,Female,Fiber optic,1,0,0,0,987.3969859421101,9,4,20.12815886486118,19.85662407246041,14,21,1,1,1948.5847358563392
22,One year,72.5463479854006,0,1,Credit card,1,0,60,Male,Fiber optic,1,0,1,0,1596.0196556788133,2,0,24.98549195739472,64.3303705990238,100,12,0,2,3321.7484198243114
17,Month-to-month,104.02774238222409,0,0,Electronic check,1,0,47,Female,DSL,0,0,1,1,1768.4716204978095,7,3,10.114095759419472,22.454149969930935,-21,9,1,1,2168.74337643935
45,Two year,74.24742588470377,1,1,Bank transfer,1,0,26,Male,Fiber optic,0,0,0,1,3341.13416481167,1,0,79.9716537003695,79.40422718519591,46,5,0,2,3465.758603386606
69,Two year,98.12080084715598,1,1,Credit card,1,0,40,Male,Fiber optic,1,0,0,1,6770.335258453762,2,0,103.82952060699837,72.7681055869023,40,12,0,2,4688.361728715535
1,Month-to-month,50.23529371645851,0,1,Mailed check,1,0,23,Male,Fiber optic,0,1,1,0,50.23529371645851,1,1,46.45862847241544,47.615394669966456,66,2,0,2,1836.121000771991
34,One year,56.419059052681675,0,1,Bank transfer,0,0,58,Female,Fiber optic,1,0,0,0,1918.2480077911769,1,0,52.43143743590859,51.78195276567558,19,3,0,2,2315.954101343549
12,One year,59.330305658159915,0,1,Credit card,0,0,39,Female,Fiber optic,0,0,0,1,711.963667897919,1,0,47.93680554537146,55.70511936101793,29,66,0,2,1575.8687984199653
67,Two year,81.69454659918954,1,1,Bank transfer,1,1,67,Male,Fiber optic,1,0,0,0,5473.534622145699,0,1,75.96265877154042,48.804896336189636,30,8,0,2,3150.520488907626
6,Month-to-month,74.88049991148537,0,0,Electronic check,1,1,78,Female,No,0,1,0,1,449.28299946891224,10,5,2.223548616181396,25.434084893243682,-24,217,1,0,1802.1966063007949
5,Month-to-month,71.84639164223118,0,1,Electronic check,0,1,65,Female,No,0,0,0,0,359.2319582111559,1,1,13.728412389639205,41.4551125990723,24,3,0,2,2226.0268347605866
37,Two year,85.50213057880919,1,1,Bank transfer,1,0,33,Male,Fiber optic,1,0,0,0,3163.57883141594,0,0,4.9343469770524235,43.36844174743158,54,56,0,2,3303.6294318354207
46,Two year,61.99368111131766,1,1,Bank transfer,1,1,77,Male,DSL,1,0,1,0,2851.7093311206127,3,0,23.73892406368902,42.16675231984506,52,15,0,2,3084.072736238584
7,Month-to-month,74.14182453390396,1,0,Electronic check,1,0,30,Female,Fiber optic,0,0,1,0,518.9927717373278,2,1,160.52557597872757,41.6770405628036,73,29,0,2,2143.114468347407
28,One year,62.79654540561206,1,1,Credit card,0,0,18,Female,DSL,0,0,1,0,1758.3032713571376,3,2,38.46663564420764,47.64292639998784,56,2,0,2,2956.186471247406
61,Two year,66.69438932554512,1,1,Bank transfer,1,0,53,Male,No,0,0,0,0,4068.3577488582523,2,0,16.068169078190593,75.22858924218943,0,41,0,2,2972.1496950635915
25,One year,87.07762492480435,1,1,Credit card,1,0,50,Male,Fiber optic,0,1,0,1,2176.9406231201087,1,1,5.599818501988435,50.319306300473215,13,12,0,2,3233.9514541679696
29,Two year,89.01961993324223,0,1,Mailed check,1,0,60,Female,No,0,0,0,1,2581.5689780640246,1,3,5.178448037258798,40.487252721335004,56,0,1,1,4080.455826759477
30,One year,77.76897956730902,1,0,Bank transfer,1,0,25,Female,Fiber optic,0,1,1,0,2333.0693870192704,0,0,163.20215005742125,47.2879634617547,6,14,0,2,2561.7935779898353
26,Two year,59.37276432192105,0,1,Mailed check,0,0,36,Male,DSL,0,1,1,0,1543.6918723699473,3,0,19.97155262701349,79.79838827771202,57,12,0,2,2931.118397693682
52,Two year,88.85688269314926,1,1,Credit card,1,0,35,Female,Fiber optic,0,1,0,0,4620.557900043761,0,0,76.84445629668302,53.441681186848975,7,5,0,2,3318.37761508731
5,Month-to-month,66.35655984409638,0,0,Mailed check,0,0,25,Male,Fiber optic,0,0,0,0,331.78279922048193,1,0,21.630703484715376,65.84362034861313,79,30,0,2,2551.329283468276
3,Month-to-month,72.62693704279835,1,0,Electronic check,0,0,24,Female,DSL,0,0,0,1,217.88081112839504,1,0,49.81866555425457,73.80697189985965,30,6,0,2,1002.2342868038129
1,Month-to-month,68.62612958812721,0,0,Mailed check,1,0,31,Female,DSL,1,1,0,0,68.62612958812721,1,0,19.90454339045927,62.115431605998936,22,1,0,2,1320.5509135227715
62,Two year,98.01251011722367,1,1,Credit card,1,0,23,Female,Fiber optic,0,0,1,1,6076.775627267867,4,0,127.8984616333747,73.07215815833095,43,24,0,2,4350.9410685839475
5,Month-to-month,77.10927272448193,1,0,Electronic check,1,0,33,Male,DSL,1,0,1,0,385.5463636224096,3,1,44.10863531789887,41.276232346599016,98,13,1,2,2922.3044398872144
13,Month-to-month,95.1964503862122,0,0,Electronic check,1,0,37,Male,Fiber optic,0,0,0,0,1237.5538550207586,11,3,0.07772438879201166,13.534293118959422,-17,34,1,1,2154.070926473597
19,Two year,80.97200471120604,1,0,Bank transfer,0,0,42,Male,Fiber optic,1,0,0,0,1538.4680895129147,2,2,139.9817566410442,54.905668735854576,83,4,0,2,2962.075295647653
14,Two year,55.182149510419826,0,0,Credit card,0,1,76,Male,DSL,0,0,0,1,772.5500931458776,4,0,18.000139841628776,69.33650316325607,43,28,1,2,1806.5295496706458
11,Month-to-month,65.8162671738014,1,0,Electronic check,0,0,22,Female,Fiber optic,1,0,0,0,723.9789389118155,3,1,156.77694304512033,58.42226907095457,-1,5,0,2,776.6979931935801
18,One year,87.29407591604976,1,1,Mailed check,0,0,54,Male,Fiber optic,1,0,0,1,1571.2933664888958,6,1,18.747506957536043,69.2868737834574,36,7,1,2,2270.2371053501793
24,One year,74.27438814411789,1,0,Mailed check,1,0,39,Female,DSL,0,0,1,1,1782.5853154588294,3,0,26.75381188830845,56.42011093527157,64,2,0,2,3118.8177486226723
43,Two year,72.49396407542054,1,1,Credit card,1,0,36,Male,No,1,0,1,1,3117.240455243083,3,1,18.000358759657544,41.68101874942872,44,58,0,1,3930.045253254563
55,Two year,67.22378392701204,1,1,Bank transfer,1,0,31,Male,Fiber optic,1,1,0,1,3697.308115985662,0,0,218.82116117347223,60.47496062740343,25,13,0,2,3809.462765844316
33,One year,56.113127109035695,0,0,Credit card,1,1,75,Male,No,1,1,1,0,1851.733194598178,1,0,62.27950297852504,52.779061300085246,74,3,0,2,3414.3267791796457
60,Two year,63.89573570214209,1,1,Bank transfer,1,0,32,Female,Fiber optic,0,0,0,1,3833.7441421285253,2,0,24.59810907435427,71.1049829155298,11,11,0,2,3450.461938767614
19,Month-to-month,86.33780236215154,0,0,Electronic check,1,0,40,Male,Fiber optic,0,0,0,1,1640.4182448808792,7,2,30.398264190111746,28.27196842597664,-7,44,1,1,2371.1949164193247
60,Two year,77.73823345527617,1,1,Credit card,1,0,20,Male,DSL,0,0,0,0,4664.29400731657,6,0,2.60807450286029,66.87434461893542,26,6,0,2,3909.4324290953446
37,Two year,74.8773067166746,1,1,Credit card,1,0,42,Female,Fiber optic,0,0,1,0,2770.46034851696,3,1,1.7576492782070634,75.79307888567969,3,11,1,2,1998.177735678153
42,Two year,85.41774582638091,1,1,Bank transfer,1,0,62,Female,DSL,0,0,1,1,3587.545324707998,1,3,30.89789763074442,76.78536826687518,2,12,1,1,2841.93439595972
21,Month-to-month,101.09415807274665,0,0,Electronic check,1,0,25,Female,DSL,0,1,0,0,2122.97731952768,7,3,36.20649085595798,15.912117575288871,7,3,1,1,2843.6723374495728
31,Two year,63.60683801553958,0,1,Credit card,1,0,21,Male,DSL,0,1,1,0,1971.811978481727,2,2,54.02097749416764,54.61913035533718,79,61,0,2,3255.9893911928157
1,Month-to-month,73.21153011307786,0,1,Electronic check,1,0,64,Female,DSL,0,0,0,1,73.21153011307786,1,1,15.279367578254567,74.63209709140213,0,1,0,2,1065.5352753648397
36,Two year,89.00742192109563,1,1,Credit card,1,1,77,Female,Fiber optic,1,1,0,1,3204.2671891594428,2,1,182.58375586201137,69.33049298156887,20,0,0,2,2763.431609097187
13,Month-to-month,116.13474919771836,0,0,Electronic check,1,0,59,Female,DSL,0,1,0,1,1509.7517395703387,6,3,15.220175803990639,14.120987784697718,-8,14,1,1,2651.5682273640987
20,Month-to-month,80.70581217064678,0,0,Electronic check,1,0,24,Male,Fiber optic,1,0,1,1,1614.1162434129355,7,4,47.61033814273773,28.984688295817257,9,110,1,1,2786.7194171831
70,Two year,69.40942339207939,1,1,Credit card,1,0,26,Male,Fiber optic,1,0,0,1,4858.659637445558,1,0,42.45504343399339,64.71337824726061,53,13,0,2,4294.251149697586
64,Two year,76.51044517064105,1,1,Bank transfer,1,0,63,Male,Fiber optic,0,0,1,1,4896.668490921027,4,0,58.278902822075175,71.55118735889994,54,0,0,2,4349.432732140688
8,Month-to-month,76.12862024529,0,0,Mailed check,1,0,33,Female,DSL,1,1,1,1,609.02896196232,3,0,115.51382347881759,77.90737093871894,74,4,0,2,2057.0577553434637
14,One year,56.22999039195777,1,1,Bank transfer,0,0,48,Male,DSL,0,0,1,0,787.2198654874088,1,0,61.21327176472482,43.08522211272932,28,6,0,2,1355.7021690211275
61,Two year,84.75792772030886,1,1,Bank transfer,1,0,57,Male,Fiber optic,0,1,0,0,5170.23359093884,3,1,110.43424121201417,49.360894858372205,64,9,0,2,4564.204418693391
69,Two year,80.84936529941338,1,1,Credit card,1,0,40,Male,Fiber optic,1,0,0,0,5578.606205659523,1,2,66.97184347236413,60.46678591573797,68,5,0,2,5160.16323971455
43,Two year,95.08553766045617,1,1,Bank transfer,1,0,31,Female,Fiber optic,1,1,1,0,4088.6781193996153,3,0,15.188779349966158,47.92565098765611,99,1,0,2,3871.786613007829
7,Month-to-month,66.44352547442979,1,0,Mailed check,0,1,69,Male,Fiber optic,0,0,1,0,465.1046783210085,2,0,21.75198757779631,46.09817609525736,37,7,0,2,1546.2067019680776
4,Month-to-month,43.41380102267783,0,0,Electronic check,0,0,63,Male,Fiber optic,0,1,0,1,173.65520409071132,4,1,22.944562903556193,46.557782968755795,19,13,0,2,949.7768795974065
2,Month-to-month,32.01650805257565,1,1,Electronic check,0,0,39,Female,Fiber optic,1,0,0,1,64.0330161051513,1,0,15.672913513177441,61.974060026959215,73,19,0,2,1732.9243470318509
56,Two year,71.97774041967547,1,1,Bank transfer,1,0,28,Female,No,0,1,0,0,4030.7534635018264,1,1,125.35350536870979,60.264729959344876,75,44,0,2,3551.1617513227297
7,Month-to-month,49.15346848632534,0,0,Mailed check,1,0,24,Female,No,0,0,1,0,344.0742794042774,2,2,50.0889380873349,72.72129465151701,4,20,1,2,1271.46711500323
2,One year,32.334240994963686,0,0,Electronic check,1,0,33,Male,DSL,0,0,0,1,64.66848198992737,3,0,181.05358852722543,66.31330267578073,64,7,0,2,1319.0326064454891
10,Month-to-month,99.33215062228172,0,0,Electronic check,1,0,34,Female,DSL,0,0,1,1,993.3215062228171,9,1,12.3045527933955,24.970503915803352,-64,97,1,1,770.3695065109424
51,Two year,79.05933535113171,1,1,Credit card,1,1,77,Male,Fiber optic,0,0,0,0,4032.026102907717,1,0,79.5478338812462,74.47496773634326,58,46,0,2,3966.792320717235
12,One year,54.18758273134618,1,1,Mailed check,1,0,36,Male,Fiber optic,0,1,0,1,650.2509927761541,2,1,48.06432997845736,49.640879278586816,72,2,0,2,2784.8135667371994
23,Month-to-month,89.91888378297153,0,0,Electronic check,1,0,64,Female,No,0,0,0,1,2068.1343270083453,9,4,18.72629474592531,22.18683906246453,-21,41,1,1,2453.5589736341235
7,Month-to-month,95.0132253738731,0,0,Electronic check,1,0,63,Female,Fiber optic,0,0,0,0,665.0925776171117,8,2,6.43216737737525,12.550632951135464,11,9,1,1,2359.444629762028
9,One year,53.539249850635365,0,0,Electronic check,1,0,35,Female,DSL,0,0,0,1,481.8532486557183,0,1,94.06000910577728,54.88568855980648,38,0,0,2,1939.178503221651
2,Month-to-month,47.11670412304954,0,0,Mailed check,1,0,23,Male,DSL,1,0,1,1,94.23340824609907,1,1,51.35260654849631,79.92381804367201,79,4,0,2,2002.8473928062763
6,Month-to-month,79.12985655435497,0,0,Electronic check,1,1,70,Female,Fiber optic,0,0,0,1,474.77913932612984,7,1,45.498288213769946,28.21826367178065,6,37,0,2,1212.8487693392497
53,Two year,90.34705560444019,1,1,Credit card,1,0,24,Male,Fiber optic,0,0,1,1,4788.39394703533,3,0,17.7553414513503,44.2897062664525,17,1,0,2,2705.065196915454
23,Month-to-month,75.67302507623845,0,0,Electronic check,1,0,57,Male,DSL,0,0,0,1,1740.4795767534843,5,1,18.89572911851085,21.068419658488665,-55,234,1,0,2070.4463120988735
25,Two year,63.128246742856895,0,1,Mailed check,1,0,63,Male,Fiber optic,0,0,1,1,1578.2061685714223,1,1,18.053716287481162,60.36842491596241,100,33,0,2,3414.993633152651
4,Month-to-month,30.012146721725635,0,0,Mailed check,1,0,57,Male,Fiber optic,0,1,0,1,120.04858688690254,2,0,41.97081040294519,58.77223201177145,18,8,1,2,1061.9430391122487
49,Two year,98.40671138914982,1,1,Credit card,1,0,20,Female,DSL,1,0,0,0,4821.9288580683415,1,0,35.59391441504021,69.09496118937923,95,7,0,2,4033.6974805871278
2,Month-to-month,69.49323105177695,1,1,Electronic check,1,0,58,Female,Fiber optic,0,0,0,1,138.9864621035539,3,1,19.50243241637482,50.310750876714046,9,4,1,2,1104.6009357101286
7,Month-to-month,37.40503993135637,0,0,Mailed check,0,0,56,Female,DSL,0,0,1,1,261.8352795194946,3,0,200.4606884112243,55.14091309440637,67,16,0,2,2219.2002828038057
14,One year,59.70685401327218,1,0,Credit card,0,1,74,Female,Fiber optic,0,1,0,1,835.8959561858105,1,1,49.392832999318706,46.96452658888522,-17,8,0,2,849.6706684198002
10,Month-to-month,70.0154865957503,0,0,Electronic check,1,1,66,Male,No,1,1,1,0,700.154865957503,6,1,32.832529617217034,25.12535625967786,-11,14,1,2,1177.6298125571077
3,Month-to-month,46.03560824921469,0,1,Electronic check,0,0,39,Male,Fiber optic,1,0,0,1,138.10682474764405,2,0,3.552581108400369,46.80661614025775,82,0,1,2,1878.1114387518269
12,One year,77.5791837491439,0,1,Mailed check,1,0,60,Male,DSL,1,0,0,0,930.9502049897267,1,0,278.6546111785747,54.58547463388247,17,4,0,2,1570.1992050965227
1,Month-to-month,39.62908162292639,1,0,Mailed check,1,0,45,Male,No,0,0,1,0,39.62908162292639,1,0,150.72098506600136,75.93859620810127,70,16,0,2,1865.6295239945634
34,Two year,79.51792033133282,1,0,Bank transfer,1,0,38,Male,Fiber optic,0,0,0,0,2703.6092912653157,0,0,70.1835653642209,60.43365643381314,-9,0,0,2,1641.1645134992837
64,Two year,68.82981953811127,1,1,Bank transfer,1,1,67,Male,Fiber optic,0,0,0,0,4405.108450439121,1,0,4.6273463385348546,74.10727191293171,50,20,0,2,4040.6945093521376
50,Two year,98.49240811951137,1,1,Credit card,1,1,76,Female,DSL,1,0,1,0,4924.620405975568,2,1,8.579084781144479,52.252802049834884,41,13,0,2,3993.2059994830834
70,Two year,75.88715109716844,1,1,Credit card,1,1,76,Female,No,0,0,1,0,5312.100576801791,0,0,15.295992246614924,63.18908691265803,0,1,0,2,3816.023131942396
57,Two year,61.79113802018673,1,1,Credit card,1,1,77,Female,Fiber optic,0,0,0,0,3522.0948671506435,0,1,33.043276099552386,53.98334030927479,30,4,0,2,3254.546753321332
22,Month-to-month,116.00004173748275,0,0,Electronic check,1,1,78,Male,Fiber optic,0,0,1,0,2552.0009182246204,8,5,8.384065141602361,29.57611302157045,2,72,1,1,2680.12488944829
34,Two year,85.78724697330671,0,1,Bank transfer,1,0,58,Male,Fiber optic,1,1,0,0,2916.766397092428,4,1,37.07975210965107,61.75966199340422,34,45,1,2,2939.818879746058
23,One year,60.87122004764789,0,1,Credit card,0,0,24,Male,Fiber optic,1,1,0,0,1400.0380610959014,5,0,96.47150057828915,41.50467782542376,16,36,0,2,2343.909128191382
2,Month-to-month,71.07888458804189,0,1,Mailed check,0,0,48,Female,DSL,0,1,0,0,142.15776917608378,3,0,0.15107367389281331,77.70582587393841,75,6,0,2,1304.803725452316
4,Month-to-month,54.858364035884286,1,0,Electronic check,0,0,39,Female,Fiber optic,0,0,1,1,219.43345614353714,0,1,25.738336633958983,78.88756537143374,43,10,0,2,796.2681434987596
59,Two year,97.4836411383518,1,1,Credit card,1,0,45,Female,DSL,0,1,0,0,5751.534827162756,1,0,51.084745285725916,45.25555820938728,96,10,0,2,4772.951507109244
65,Two year,89.8887835096815,1,1,Credit card,1,0,41,Female,Fiber optic,0,0,0,0,5842.770928129297,3,2,67.98733008612055,76.7075458543863,39,44,0,1,4982.988777354634
60,Two year,81.93528144782616,1,1,Credit card,1,0,50,Female,No,0,0,1,1,4916.1168868695695,2,0,29.22561841282179,43.92335960831637,43,2,0,2,3697.459750944177
19,Month-to-month,72.85898272651333,0,0,Electronic check,1,0,61,Male,Fiber optic,1,0,0,0,1384.3206718037534,6,3,18.761801152095526,22.82084080163887,-89,22,1,1,766.1972786679069
50,Two year,63.59248617131096,1,1,Bank transfer,1,0,61,Male,Fiber optic,0,0,0,0,3179.624308565548,2,2,42.22942010220898,64.24403223076672,0,4,0,2,2456.3441308564998
65,Two year,86.97215225636194,1,1,Bank transfer,1,0,58,Male,Fiber optic,0,1,1,0,5653.189896663526,3,0,146.61511899477307,62.631513807847995,20,4,0,2,3798.614964391605
51,Two year,62.29121004310493,1,1,Credit card,1,0,56,Male,DSL,1,1,0,1,3176.8517121983514,6,0,77.94309954773433,67.04010309383253,27,56,0,2,3308.5777609483293
36,Two year,93.52608734207698,1,1,Credit card,1,0,40,Female,Fiber optic,0,0,1,1,3366.939144314771,2,1,41.51160965852871,75.42217187237813,33,11,0,2,2696.2487326285764
14,One year,56.80858539528019,1,1,Mailed check,1,0,41,Female,DSL,0,0,1,1,795.3201955339226,3,0,42.22537949039038,40.44460299147188,7,10,0,2,1449.631480232424
45,Two year,89.23272114847235,1,1,Bank transfer,1,0,39,Male,Fiber optic,0,1,1,1,4015.4724516812557,2,0,210.6445432614244,61.51396774691623,8,1,0,2,2902.636371298418
3,One year,75.05888116086778,0,0,Electronic check,1,0,27,Male,Fiber optic,1,1,1,0,225.17664348260337,2,0,33.501921494257736,41.17672254646984,-11,8,0,2,940.7756422851689
25,Two year,70.88335236649107,0,1,Credit card,0,0,29,Female,DSL,0,0,0,1,1772.0838091622768,1,0,86.38698453605181,59.41304855069734,42,0,0,2,2107.7690684838067
13,One year,76.08263278741111,0,1,Bank transfer,0,0,34,Male,Fiber optic,1,0,1,1,989.0742262363444,3,3,70.94309943237968,55.14145032669668,47,9,0,2,2119.5380182135955
26,One year,56.30536926867271,1,0,Bank transfer,1,0,27,Female,Fiber optic,1,0,0,0,1463.9396009854906,1,0,8.084177167710324,64.49431864674614,60,5,0,2,2545.5749352609573
12,One year,50.4295592719193,1,0,Mailed check,0,0,39,Female,Fiber optic,0,1,0,0,605.1547112630317,1,1,168.1313557601214,77.06861196678821,83,3,0,2,2961.19538229619
5,Month-to-month,40.762191025047684,0,0,Mailed check,1,0,37,Female,DSL,0,1,1,1,203.81095512523842,2,0,62.36711869787149,56.136980707044216,35,15,0,2,1289.0400819753347
23,Month-to-month,85.34190653513092,0,0,Electronic check,1,0,23,Female,Fiber optic,0,0,0,1,1962.863850308011,4,7,22.957763631194585,21.45586768568141,20,14,1,0,3471.3196974784705
11,Month-to-month,59.38977025331861,0,1,Electronic check,1,0,64,Male,Fiber optic,1,1,1,0,653.2874727865047,3,1,42.03194139443635,78.54692534242719,51,30,1,2,1799.5630794490323
9,One year,37.02495048977587,0,0,Electronic check,1,0,36,Female,DSL,1,0,0,1,333.2245544079828,0,0,6.350396538336719,66.6112242872573,64,23,0,2,1685.3332743612816
35,One year,59.70428067813809,1,0,Bank transfer,0,0,26,Male,Fiber optic,0,0,0,0,2089.6498237348333,4,0,45.406039932256974,66.46509665768733,60,8,0,2,3469.65121997164
52,Two year,96.40538547128537,1,1,Bank transfer,1,0,60,Male,No,0,0,0,0,5013.080044506839,0,0,74.28821326244744,55.38731334310785,75,26,0,2,4395.42839901266
6,Month-to-month,56.86895952219275,1,0,Electronic check,0,0,37,Male,No,0,1,0,1,341.2137571331565,0,0,2.7085938270112937,59.54899968690903,21,17,0,2,1077.0165884882892
33,Two year,78.69086756749344,0,1,Mailed check,0,0,22,Male,DSL,1,0,1,1,2596.7986297272837,1,2,1.0406515156826377,50.693351896519225,33,42,0,1,3273.987181825035
1,Month-to-month,51.85740525225174,1,0,Electronic check,0,0,32,Male,DSL,0,0,0,0,51.85740525225174,1,2,35.37101366687553,56.75493235340156,23,11,0,2,1172.4485632438902
9,Month-to-month,73.56667961701413,0,0,Mailed check,0,1,78,Female,DSL,0,0,1,0,662.1001165531272,1,0,104.32400110453797,62.30422411858234,28,17,0,2,1551.9807171518999
48,Two year,75.0794216770512,1,1,Bank transfer,1,0,33,Female,Fiber optic,0,1,0,1,3603.812240498458,2,0,239.0726441583415,60.006134119259016,36,5,0,2,3179.973447153709
56,Two year,69.77359763145864,1,1,Bank transfer,1,0,30,Female,Fiber optic,1,1,0,0,3907.321467361684,1,1,28.13639462561047,61.99278457587184,72,24,0,2,3786.467133966144
19,Month-to-month,87.13702067944229,0,0,Electronic check,1,1,67,Female,DSL,0,1,1,1,1655.6033929094035,8,5,26.998945483803134,18.41067523058535,-5,11,1,1,1986.9202412736254
43,Two year,86.83772018970032,1,1,Bank transfer,1,0,56,Female,Fiber optic,0,0,0,0,3734.021968157114,1,1,38.65958682157225,73.9419846501614,68,2,0,2,3662.9999997745576
29,Two year,69.2835737809792,0,0,Mailed check,1,0,43,Female,Fiber optic,1,0,0,1,2009.2236396483968,1,1,66.53813521194974,58.84520330471471,7,8,0,2,1958.4838622596365
16,Two year,59.628497191290656,1,1,Mailed check,0,0,44,Female,Fiber optic,1,0,0,1,954.0559550606505,1,0,1.3219921687042657,62.990425004183,47,1,0,2,2281.341404696944
1,Month-to-month,64.50376770943988,0,1,Electronic check,0,0,58,Male,Fiber optic,1,1,1,0,64.50376770943988,1,0,67.73035897654539,70.16376334915353,30,7,0,2,1424.918457029055
31,One year,59.74025042954379,0,0,Bank transfer,0,1,69,Male,DSL,1,0,0,1,1851.9477633158576,2,0,33.84003311412831,78.73003978204417,30,3,0,2,3137.2293201967022
6,Month-to-month,75.71702213332418,0,0,Electronic check,1,0,27,Male,No,0,0,0,1,454.30213279994507,2,1,0.9232220929334937,43.29127540223522,-7,46,0,1,2070.7931758415834
1,One year,65.17641700907652,1,1,Electronic check,1,0,31,Male,No,0,1,0,0,65.17641700907652,6,1,75.67724950806887,63.09570922423042,40,26,0,2,1066.4509639542066
8,One year,74.59101057033064,0,1,Electronic check,0,0,37,Female,No,0,1,0,0,596.7280845626451,0,0,63.01653122088752,60.32202669157148,19,9,0,2,1318.17108120193
23,Two year,78.19938553910323,0,0,Credit card,1,0,18,Female,DSL,0,1,0,0,1798.5858673993744,0,0,128.83287220848504,70.01421086362674,10,5,0,2,1737.670490233883
7,Month-to-month,57.84091801391538,1,0,Electronic check,1,0,49,Male,No,0,0,0,0,404.88642609740765,1,0,86.0435284538936,55.202300924223046,41,13,1,2,1754.9030876784352
51,Two year,62.85121080220656,1,1,Credit card,1,0,47,Male,Fiber optic,1,0,0,0,3205.4117509125344,6,0,104.02166421717811,47.739765880681944,31,3,0,2,3148.754274319111
10,Month-to-month,33.899693320470455,1,0,Mailed check,1,0,58,Male,DSL,0,0,0,0,338.99693320470453,2,0,2.565835920434571,50.73946771723526,32,5,0,2,1128.749078323279
26,One year,63.761631544589115,0,1,Mailed check,0,0,45,Female,Fiber optic,0,0,0,0,1657.802420159317,3,2,191.0403615115734,47.25118246787683,41,67,0,2,3185.336090039801
64,Two year,67.11552496196094,1,1,Credit card,1,0,41,Female,DSL,1,0,1,0,4295.3935975655,3,0,60.7408581299964,42.84779814226323,21,5,0,2,3817.2018326883626
27,One year,62.98498895913778,0,1,Mailed check,1,0,61,Male,Fiber optic,1,0,0,1,1700.5947018967202,4,0,30.758023176861393,42.6815413421258,23,3,0,2,2191.54016870964
46,Two year,90.79778801006717,1,1,Credit card,1,0,51,Male,Fiber optic,1,0,1,0,4176.69824846309,3,2,4.475663432258516,63.99493325857727,28,12,0,1,4005.665907816741
35,One year,57.454609237220694,0,1,Mailed check,0,0,28,Female,No,0,0,1,0,2010.9113233027242,1,1,10.726002823801412,58.984203336199116,61,87,0,1,3589.583139175141
14,Month-to-month,72.97720690012481,0,0,Electronic check,1,1,68,Male,DSL,1,1,0,0,1021.6808966017473,6,1,7.5938554165945344,23.396280614744054,-24,22,1,1,1856.845698596437
58,Two year,72.34794973492781,1,1,Credit card,1,0,32,Female,DSL,1,0,0,1,4196.181084625813,0,0,7.428140655851244,57.68241902133255,46,11,0,2,4094.423764130852
7,Month-to-month,49.78724149236772,0,1,Mailed check,1,0,22,Male,Fiber optic,0,0,0,1,348.510690446574,2,0,58.79929075470996,50.67311848681192,26,17,0,2,1503.0000122395338
5,One year,79.13262057467847,0,0,Electronic check,1,0,23,Male,Fiber optic,0,0,0,0,395.66310287339235,3,1,2.019054464624016,53.93196656081102,21,10,1,1,2390.813273266366
2,Month-to-month,37.6874656051459,1,0,Electronic check,1,0,25,Female,Fiber optic,1,0,0,1,75.3749312102918,5,3,3.173410621789905,71.09957585745863,-33,4,1,1,789.6986109407034
54,Two year,80.29785464478968,1,1,Bank transfer,1,0,61,Female,DSL,0,1,1,0,4336.084150818643,6,0,91.62679284148469,79.49093173307912,100,7,0,2,4885.39258061291
10,Month-to-month,59.268771139547816,1,1,Electronic check,1,0,49,Female,DSL,1,1,1,1,592.6877113954781,0,0,48.175349197868925,43.07515328535534,43,9,0,2,2136.6998691845292
10,Month-to-month,73.44663510620445,0,0,Electronic check,1,0,30,Female,Fiber optic,0,1,0,0,734.4663510620445,6,5,9.426140623858334,16.312248035183934,3,63,1,0,2832.4336453690985
1,Month-to-month,44.92253305738802,0,0,Mailed check,1,1,66,Female,No,0,0,0,1,44.92253305738802,4,1,47.6032686619766,72.57414021487641,46,3,1,2,1592.375206476816
58,Two year,90.66354095886574,1,1,Credit card,1,0,23,Female,Fiber optic,0,0,0,0,5258.485375614213,1,0,8.846357279196985,64.83445584432397,41,19,0,2,4163.462816841982
13,Month-to-month,73.57694109451882,0,0,Electronic check,1,1,77,Female,DSL,0,0,0,1,956.5002342287446,6,6,18.624426872207888,18.08841193509656,-4,52,1,0,2119.555110450575
11,Month-to-month,117.41222678612343,0,0,Electronic check,1,1,79,Female,DSL,1,0,0,1,1291.5344946473576,7,3,17.43939396699121,15.862699553067994,39,92,1,1,3584.370134980588
36,Two year,86.52168018001969,1,1,Bank transfer,1,0,54,Male,No,0,1,0,1,3114.7804864807085,2,0,5.4418230424017455,55.37862779348476,22,32,0,2,2383.2179622987837
10,Month-to-month,31.891006827601764,1,1,Mailed check,1,0,46,Male,Fiber optic,0,0,1,0,318.9100682760176,1,0,36.978532837716635,66.5812984790249,59,3,0,2,1651.0212440560265
29,Two year,52.099107233176156,1,1,Bank transfer,0,0,42,Female,Fiber optic,0,0,0,0,1510.8741097621084,2,1,14.600988533839539,70.15839076988533,44,12,0,2,2348.1769775101297
36,Two year,85.77881108484135,1,1,Bank transfer,1,0,35,Female,Fiber optic,0,0,0,0,3088.0371990542885,3,1,13.701685266915426,73.2655809328979,48,2,0,2,3186.5613538234447
43,Two year,83.95233185533965,1,1,Bank transfer,1,0,49,Male,Fiber optic,0,1,0,1,3609.950269779605,1,0,11.173330132478267,57.247162620118516,-4,22,0,2,2496.2780353404687
9,Month-to-month,92.56338976856334,0,0,Electronic check,1,0,46,Male,No,0,0,1,0,833.07050791707,4,3,31.54786180266202,23.078083043913388,-17,6,1,1,1882.823520029765
5,Month-to-month,46.707151119193114,0,0,Electronic check,1,1,69,Female,DSL,0,0,0,1,233.53575559596555,7,1,202.4572512430192,58.024739492244194,39,12,1,2,1330.7341173328584
11,One year,54.95180864520407,0,0,Electronic check,1,0,28,Male,DSL,0,0,0,0,604.4698950972447,1,1,57.18547705167603,56.307189267381375,-16,4,0,2,1043.753022294101
53,Two year,84.55109675262796,1,1,Bank transfer,1,0,47,Female,DSL,1,0,0,0,4481.208127889282,1,0,5.207732056143571,46.32712263440275,42,20,0,2,3772.792826501139
14,Month-to-month,72.84739743492241,0,0,Electronic check,1,0,26,Female,DSL,0,1,1,0,1019.8635640889138,9,3,40.84403983872281,16.361802013208727,-44,17,1,1,1688.570678146618
6,Month-to-month,40.47033569749668,1,0,Electronic check,0,1,77,Female,Fiber optic,0,0,0,1,242.82201418498008,1,2,16.85544162043304,64.6716048668253,-8,8,1,1,1035.2909946964417
44,Two year,60.103360593799295,1,1,Bank transfer,1,0,33,Male,Fiber optic,0,0,0,0,2644.547866127169,4,1,42.519392958534134,43.22245577054694,48,0,0,2,3138.010604428993
70,Two year,64.79316008070586,1,1,Credit card,1,0,20,Male,Fiber optic,1,0,0,1,4535.52120564941,1,0,8.466213411033971,66.80362752869249,57,44,0,2,3982.0998445341647
50,Two year,72.01957542401729,1,1,Credit card,1,0,33,Male,DSL,0,0,0,0,3600.9787712008647,4,0,6.819052206898478,42.20819997218974,37,16,0,2,3630.4722006047305
2,Month-to-month,77.51056029327151,1,1,Electronic check,1,0,33,Male,DSL,0,1,1,1,155.02112058654302,2,0,68.12408812261434,42.02366471978771,30,0,0,2,2090.9906137366715
1,Month-to-month,52.747538842099985,0,1,Mailed check,1,1,76,Female,Fiber optic,0,0,1,0,52.747538842099985,7,0,186.68572347295256,69.9264141857019,26,22,0,2,911.829312401603
41,Two year,88.60154875402735,1,1,Credit card,1,0,19,Male,Fiber optic,0,0,0,0,3632.663498915121,1,0,24.488014469731507,77.08658264031595,49,25,0,2,3253.7689777487008
39,Two year,94.86390909152922,1,1,Bank transfer,1,1,76,Male,Fiber optic,1,1,1,0,3699.6924545696397,2,0,3.114020689105533,59.570011008128375,40,1,0,2,2667.431059328592
21,One year,77.24616289321784,0,0,Bank transfer,0,0,40,Female,No,0,0,0,1,1622.1694207575747,5,0,0.6029608498148943,46.27178046750476,52,5,0,2,2408.056536481138
3,One year,57.22306660745843,0,0,Electronic check,0,0,46,Female,No,0,1,0,1,171.66919982237528,2,1,65.81009149290668,62.44701445828932,29,57,0,2,550.3960247549755
64,Two year,79.1293609219229,1,1,Bank transfer,1,0,28,Female,DSL,1,0,0,0,5064.279099003065,1,0,44.83439595960443,72.93074191798947,17,0,0,2,3199.4640074798467
13,Two year,60.42517191499866,1,1,Bank transfer,0,0,28,Male,No,0,1,0,0,785.5272348949825,1,0,130.5399526576897,76.81239111019926,8,7,0,2,1547.4943019144407
1,Month-to-month,39.82206576113929,0,0,Mailed check,0,0,39,Female,Fiber optic,0,0,0,1,39.82206576113929,3,1,372.37841445917144,59.18921969481178,21,18,0,2,799.7866331568947
7,Month-to-month,88.4066794990569,0,0,Electronic check,1,1,76,Female,Fiber optic,1,0,1,1,618.8467564933983,12,1,0.532210981463429,24.01826460397282,19,76,1,1,2373.128314106567
9,Month-to-month,33.54580957192847,0,1,Mailed check,1,0,40,Male,Fiber optic,0,0,1,0,301.91228614735627,1,0,48.1451288143201,77.90231265595216,44,3,0,2,1871.425365176764
16,Month-to-month,114.53392978027354,0,0,Electronic check,1,0,58,Male,Fiber optic,0,0,1,0,1832.5428764843766,14,3,2.3558357840930517,18.154944906325333,-50,15,1,1,2078.2678615057166
49,Two year,70.6467205006215,1,1,Bank transfer,1,0,39,Male,Fiber optic,1,1,1,0,3461.6893045304532,2,1,123.2221730827043,40.62032065002001,50,3,0,2,3056.88579196473
70,Two year,74.67824316819203,1,1,Credit card,1,0,29,Male,No,1,0,0,1,5227.477021773442,1,0,16.935031367296112,53.24559933639781,84,2,0,2,4733.60985303706
10,Month-to-month,32.52537354161411,0,0,Electronic check,1,0,45,Female,DSL,1,0,0,1,325.25373541614107,2,1,9.749459635119479,40.93475528532758,55,1,0,2,1502.5618854449763
8,One year,60.4733881683311,0,0,Electronic check,0,0,29,Female,Fiber optic,0,0,0,0,483.7871053466488,0,2,57.580130285072045,42.64303807943548,19,27,0,1,2001.0007308120253
30,Two year,59.16824844650764,0,0,Credit card,0,0,50,Male,Fiber optic,1,0,1,1,1775.0474533952292,1,0,44.53992613549898,76.8041350914252,18,7,0,2,1954.4166026746605
1,Month-to-month,46.347105012734744,0,0,Electronic check,0,0,37,Female,DSL,0,0,0,0,46.347105012734744,3,0,76.03713940832452,61.59413376047076,46,6,0,2,1213.6854502897374
13,One year,84.71644526957044,1,0,Bank transfer,0,0,21,Male,DSL,0,1,1,1,1101.3137885044157,3,1,135.36268149607696,42.45190938858715,65,20,0,2,2093.622466473932
69,Two year,86.77561605837445,1,1,Bank transfer,1,0,29,Male,DSL,0,0,1,1,5987.517508027837,2,0,8.831281038240428,75.41239642627423,33,9,0,2,3626.2517006543744
12,Month-to-month,74.969138947543,0,0,Electronic check,1,0,50,Male,Fiber optic,0,0,1,1,899.629667370516,8,4,38.90937431357442,24.25586120985687,-32,76,1,1,2011.7434323572656
14,One year,79.19993243959881,1,0,Bank transfer,0,1,76,Female,No,0,0,0,0,1108.7990541543834,1,0,47.91794385017192,68.11626463574684,29,9,0,2,2156.839992046898
30,Two year,80.70701732149116,0,1,Bank transfer,1,0,56,Male,Fiber optic,0,0,1,1,2421.210519644735,1,0,31.17411203286383,44.91173269115692,48,2,0,2,2901.7780707774364
2,One year,45.18619258159129,0,1,Electronic check,1,0,30,Female,No,0,0,0,0,90.37238516318259,2,0,1.57579369166395,41.64363599090927,-29,7,0,2,300.7563615686173
11,Month-to-month,85.21022590675018,0,0,Electronic check,1,1,67,Female,Fiber optic,0,0,0,1,937.312484974252,10,4,5.413482905568579,6.963428029623939,0,97,1,0,3031.503303147051
7,Month-to-month,37.09221988084926,1,1,Mailed check,0,0,35,Female,Fiber optic,0,0,1,0,259.6455391659448,3,0,20.168665897473737,70.90101591136927,78,6,0,2,1791.5286407640508
60,Two year,81.70137474129007,1,1,Credit card,1,0,24,Female,DSL,0,0,1,0,4902.082484477404,3,0,12.247767153237112,45.38804073569916,47,2,0,2,3506.058149399858
65,Two year,79.1151379208897,1,1,Credit card,1,0,46,Female,DSL,0,1,1,1,5142.48396485783,3,0,55.661116024863745,60.41330553899137,53,3,0,2,3976.884633943158
71,Two year,82.32169300595868,1,1,Bank transfer,1,0,21,Female,Fiber optic,0,1,0,0,5844.840203423066,2,0,59.93055912316244,58.34925130772984,-1,0,0,2,3746.289867716365
69,Two year,75.71896901381164,1,1,Bank transfer,1,1,76,Female,Fiber optic,1,0,1,1,5224.608861953004,2,0,48.94807656268146,74.82414417403012,15,24,0,2,3959.6751332914905
3,Month-to-month,60.16110678289819,0,0,Mailed check,1,0,54,Male,Fiber optic,0,1,1,0,180.48332034869458,4,0,5.255016822958763,55.11748785522082,41,0,0,2,1853.974409365824
23,One year,66.3658168749615,1,0,Mailed check,1,0,20,Male,No,0,0,0,0,1526.4137881241145,1,0,2.894975844091337,75.70016654459857,36,1,0,2,1984.5974089060858
53,Two year,62.765311447464775,1,1,Bank transfer,1,0,30,Male,No,1,0,0,0,3326.561506715633,2,1,1.915164467475615,72.50016221592355,6,25,0,1,3478.3456808347496
41,Two year,94.88542800089905,1,1,Bank transfer,1,0,36,Male,Fiber optic,0,0,0,1,3890.302548036861,2,2,11.1152858301382,65.69147252191054,79,12,0,2,3865.7793074019655
33,One year,83.7303792259097,0,1,Mailed check,1,0,21,Male,No,0,0,0,0,2763.1025144550204,1,0,205.75874811075667,44.722776881246766,11,16,0,2,2345.6187121096395
27,Two year,82.50920197726343,1,1,Credit card,0,0,49,Female,No,0,0,0,1,2227.7484533861125,2,2,53.834893789042376,58.12005535821313,74,24,0,2,3267.1048625857725
28,One year,58.24659378524828,0,1,Credit card,1,0,32,Female,Fiber optic,0,0,1,1,1630.904625986952,1,1,65.64732229786021,59.63696444640809,43,1,0,2,1925.2970533994755
67,Two year,97.96284785259375,1,1,Credit card,1,0,32,Female,Fiber optic,1,0,1,0,6563.510806123782,2,0,225.66349963490197,69.80548015106528,19,24,0,2,3342.1416194042313
7,One year,34.84586635334974,1,0,Mailed check,1,0,27,Female,Fiber optic,1,1,0,0,243.92106447344818,1,0,40.5671872570844,69.42865112219594,51,16,0,2,1286.1880475327089
65,Two year,71.17470855738866,1,1,Bank transfer,1,0,41,Female,DSL,0,1,0,1,4626.356056230263,2,1,43.264349351507605,69.20788022316822,50,24,0,2,4355.486908139646
9,Month-to-month,32.926830004002504,1,0,Electronic check,1,0,32,Male,DSL,0,0,1,1,296.34147003602254,7,0,69.07647015913317,70.41851610262935,41,23,0,2,1636.6623580382645
46,Two year,98.2329793488301,1,1,Bank transfer,1,1,74,Female,DSL,1,1,1,0,4518.717050046184,3,1,111.72850988737014,52.64996212508101,40,0,0,2,2330.0605846386243
21,One year,58.76267287438398,1,1,Mailed check,0,0,31,Male,Fiber optic,0,0,0,1,1234.0161303620637,1,1,77.59912414616733,70.38291466997677,69,12,0,2,2490.225532180551
25,Two year,84.08591935408037,0,1,Bank transfer,0,0,30,Male,Fiber optic,1,0,1,0,2102.1479838520095,3,0,84.26136717640864,57.38008881453956,96,6,0,2,3232.4400926125136
15,One year,77.1411938174777,0,1,Mailed check,1,0,25,Male,DSL,0,0,0,0,1157.1179072621655,1,1,89.45188583698915,62.432484087476595,49,22,0,2,2211.768564937426
35,One year,78.59077433997038,1,1,Mailed check,0,0,19,Female,No,1,1,1,0,2750.6771018989634,2,0,21.93431954338655,53.970392673340356,100,0,0,2,3474.1181510667207
6,Month-to-month,41.504224592873754,1,0,Electronic check,0,0,26,Male,DSL,0,0,0,1,249.02534755724253,2,0,147.78049917524925,53.14713129332161,27,19,0,2,1125.4251280461046
27,One year,53.42601575661641,1,1,Credit card,1,0,23,Male,No,0,1,0,0,1442.502425428643,3,0,89.8792423251578,76.19749342512327,53,13,0,2,2664.7868601366654
47,Two year,67.51371410151097,1,1,Bank transfer,1,0,39,Female,Fiber optic,0,1,0,0,3173.1445627710154,2,0,21.021395134950176,69.10833683190805,61,24,0,2,3110.350339059488
50,Two year,86.35300280560281,1,1,Credit card,1,0,46,Female,DSL,1,0,0,1,4317.6501402801405,2,0,14.675213542142945,64.72402158379239,9,23,0,2,3334.7225079113728
15,Month-to-month,94.72931256013229,0,0,Electronic check,1,0,40,Male,No,0,0,0,0,1420.9396884019843,5,5,16.3924500307612,28.618605353222534,-33,8,1,0,2649.9079315781723
21,Month-to-month,72.73698179549685,0,0,Electronic check,1,0,49,Male,DSL,1,1,0,1,1527.4766177054337,8,1,10.538638837837446,26.909136946777977,-3,19,1,1,2863.630963600028
17,Month-to-month,103.47492882753473,0,0,Electronic check,1,0,48,Male,DSL,0,0,0,0,1759.0737900680904,6,5,21.221333172895037,8.796691669830723,-12,62,1,0,3396.0900982625853
60,Two year,99.69661601957881,1,1,Credit card,1,0,54,Female,No,0,0,0,0,5981.7969611747285,1,0,228.38025765316294,47.56286804580545,61,1,0,2,3641.43280853522
16,Month-to-month,78.47789971850678,0,0,Electronic check,1,0,33,Male,Fiber optic,0,1,0,1,1255.6463954961084,3,2,8.269036008754814,15.629756979706631,-23,18,1,1,2115.5068612136156
54,Two year,80.9233889832714,1,1,Credit card,1,0,55,Male,DSL,0,0,0,0,4369.863005096655,2,0,17.303103702305204,73.72403804793905,66,78,0,2,3915.5547338992374
2,One year,51.51582140211954,0,0,Electronic check,0,0,58,Female,No,0,0,0,1,103.03164280423908,2,2,18.480726521464824,75.07968636412664,39,9,0,1,2181.4599368421905
2,Month-to-month,40.34185553083042,0,0,Mailed check,1,1,74,Male,No,0,0,0,1,80.68371106166084,2,2,53.564796940632554,41.92391796745823,23,2,1,2,645.2453123990192
39,Two year,82.98349529271067,1,1,Credit card,1,0,20,Male,Fiber optic,0,1,0,1,3236.3563164157163,1,1,69.73448589166259,53.15171504510358,85,26,0,2,3774.1969398954716
16,Month-to-month,98.43639708240799,0,0,Electronic check,1,1,77,Female,Fiber optic,0,0,1,0,1574.9823533185279,13,1,9.979325278667236,27.132536378748302,33,38,1,2,2172.0372760435707
7,Month-to-month,73.7504349871985,0,0,Electronic check,0,0,53,Male,Fiber optic,0,1,0,0,516.2530449103895,2,1,213.17441349895523,74.22294572887225,43,0,0,2,2015.1131576950283
1,Month-to-month,30.417735208606928,1,1,Electronic check,1,0,58,Female,DSL,0,0,0,0,30.417735208606928,3,1,67.90610057043135,60.296832834438135,28,55,0,2,931.7648115533298
8,Month-to-month,42.10917227968839,1,1,Mailed check,0,0,21,Female,Fiber optic,0,0,1,1,336.8733782375071,0,0,112.14992060314162,67.97798127730016,13,36,0,2,909.4224418861343
8,One year,59.590395383166296,1,0,Electronic check,1,0,52,Male,No,0,0,1,0,476.72316306533037,1,0,42.34103407723476,60.8810012775854,39,8,0,2,1507.1237165946723
3,Month-to-month,65.71937810186462,0,0,Electronic check,0,0,41,Female,Fiber optic,0,0,1,1,197.15813430559388,1,0,19.42184229055002,46.441600983457434,46,3,1,2,1328.4448663598787
6,Month-to-month,69.51299519708469,0,0,Electronic check,0,0,33,Female,Fiber optic,1,1,0,0,417.0779711825081,1,0,120.23383395482794,45.62333325584539,21,6,0,2,1549.207375084807
27,Two year,89.33972823199099,0,0,Mailed check,1,0,24,Male,Fiber optic,1,0,1,0,2412.1726622637566,3,2,13.62866078330496,44.127299196880855,19,2,0,2,2619.716622658076
66,Two year,72.09789913157519,1,1,Credit card,1,0,21,Male,DSL,1,1,1,1,4758.461342683962,5,0,68.70455103359375,72.88865548395574,11,7,0,2,3863.51776953916
2,Month-to-month,74.8897903196013,0,1,Electronic check,1,0,50,Female,DSL,0,0,0,1,149.7795806392026,0,1,109.0835755463032,54.32829764587573,-1,14,1,2,1067.0715774531272
71,Two year,83.94855920400431,1,1,Credit card,1,1,74,Female,DSL,1,0,1,1,5960.347703484306,1,3,26.521920848296798,58.755494686913536,66,16,0,1,5041.037768804764
10,One year,55.178503720177744,0,0,Mailed check,0,0,26,Male,No,1,0,0,0,551.7850372017774,2,1,58.86116286119182,67.25042314577018,74,34,0,2,2302.5874628711836
10,Month-to-month,30.020077201266993,1,1,Electronic check,1,1,79,Female,Fiber optic,0,0,0,1,300.2007720126699,4,0,20.66924824396135,76.82138105126728,36,31,1,2,1334.421656712474
18,Two year,51.81640624334815,0,0,Mailed check,0,0,23,Male,No,0,0,1,1,932.6953123802666,3,0,13.43410106078921,55.269563129252326,100,48,1,2,2996.214938474096
50,Two year,93.1905248115058,1,1,Bank transfer,1,0,35,Female,No,0,0,0,1,4659.52624057529,3,1,93.35994247578697,75.54333769076729,25,1,0,2,3100.493415494562
1,Month-to-month,36.25444549182018,0,0,Mailed check,1,0,60,Male,DSL,1,0,1,0,36.25444549182018,4,1,21.028643799142262,53.90444495646612,-9,5,1,2,100.0
6,Month-to-month,95.8507361943358,0,0,Electronic check,1,0,22,Male,No,1,0,0,0,575.1044171660147,3,2,7.41854555079124,6.911949404972047,-80,51,1,1,1359.397632946393
39,Two year,62.584667193763444,1,1,Bank transfer,1,0,45,Male,No,1,1,1,0,2440.802020556774,2,0,65.65734391921403,49.26164251069971,30,6,0,2,2837.670934693244
20,Two year,52.34028605797746,1,1,Mailed check,1,0,40,Female,No,0,0,0,0,1046.8057211595492,4,0,19.610865557803283,48.491599403041,18,4,0,2,1296.7047457322387
46,Two year,96.25683855657746,1,1,Bank transfer,1,0,35,Male,DSL,0,1,0,1,4427.8145736025635,1,1,55.14053593449906,73.71530958183001,-7,2,0,2,2216.7088533524848
11,Month-to-month,33.080399264623466,0,0,Electronic check,0,0,48,Male,No,0,1,1,1,363.88439191085814,4,1,147.263442496568,45.08384880349952,22,10,0,2,1097.8673123824606
36,Two year,99.52262266611096,1,1,Credit card,1,0,45,Male,DSL,0,0,1,0,3582.8144159799945,1,1,18.511058274929276,41.54916429894207,42,24,0,2,2839.277326127137
47,Two year,93.76994809623274,1,1,Bank transfer,1,0,60,Male,Fiber optic,0,0,1,0,4407.187560522939,2,1,30.997064776867674,67.85732522199794,64,10,0,2,3893.2612126957033
9,Month-to-month,50.54803040179516,0,0,Mailed check,0,0,32,Male,No,1,0,1,0,454.9322736161564,0,0,6.411254998775359,41.37515480149024,70,6,0,2,1916.0583474327439
1,Month-to-month,71.26542012114912,0,0,Mailed check,1,1,71,Male,Fiber optic,0,0,1,0,71.26542012114912,3,0,19.510346807520747,73.0306646469455,40,15,0,2,1207.9054787563878
1,One year,72.62194428209366,0,0,Mailed check,1,0,30,Male,Fiber optic,1,0,0,1,72.62194428209366,2,0,8.836110100618125,44.33738030791157,61,10,0,2,1804.7553529406666
10,One year,49.88174928663765,0,0,Electronic check,1,1,77,Male,DSL,0,0,1,0,498.8174928663765,1,1,60.656250599363865,57.6349061160982,75,1,0,2,1720.4643788640572
40,Two year,85.81159350102868,1,1,Credit card,1,0,29,Male,No,0,1,0,0,3432.4637400411475,2,0,31.891604418877733,49.596491094062905,59,9,0,2,3529.9443263991834
16,Two year,88.19014715783828,0,1,Bank transfer,0,1,73,Female,Fiber optic,1,0,0,1,1411.0423545254125,1,1,97.40914801644993,42.356328086643124,13,6,0,2,1907.9899513931123
4,Month-to-month,71.8310105183829,0,1,Mailed check,1,0,28,Female,DSL,1,0,1,0,287.3240420735316,5,0,19.6432212427351,60.12335908348954,48,14,0,2,1045.544126111438
61,Two year,84.23021212556228,1,1,Bank transfer,1,0,24,Female,Fiber optic,1,0,1,0,5138.042939659299,1,0,49.678290743850646,78.33769756617134,25,2,0,2,2943.0800708118923
20,One year,80.91734161439022,0,0,Bank transfer,1,0,25,Male,Fiber optic,1,0,0,1,1618.3468322878045,0,0,84.34112358044757,72.04857525429573,70,12,0,2,3011.2051222980544
46,Two year,60.281168152544765,1,1,Credit card,1,1,75,Male,DSL,0,0,0,0,2772.933735017059,3,0,57.94241935662148,75.21745774056721,78,8,0,2,3781.494987919076
18,Month-to-month,108.08406779901591,0,0,Electronic check,1,0,47,Male,Fiber optic,1,0,1,1,1945.5132203822864,8,3,16.842752718158618,16.647150422710897,-23,62,1,1,2770.936606580617
11,Month-to-month,36.37040358477145,0,1,Mailed check,0,0,38,Male,Fiber optic,0,0,0,0,400.074439432486,3,0,30.988810465723137,72.83359864918023,24,4,0,2,992.0593863499124
2,Month-to-month,78.56099559427471,1,0,Mailed check,0,0,56,Female,Fiber optic,1,0,1,0,157.12199118854943,2,0,110.45021101361037,77.61674180215509,62,29,0,2,2324.339580821096
26,One year,75.41932062185953,0,0,Mailed check,0,0,27,Male,No,1,1,0,0,1960.9023361683476,1,0,24.34880051267665,49.35471358671643,29,23,0,2,2136.1627338442395
62,Two year,88.78615266442122,1,1,Credit card,1,0,37,Male,Fiber optic,0,1,1,0,5504.741465194116,3,0,101.94648432886143,65.5882744244038,45,11,0,2,3944.9192833163083
10,One year,67.82692917476533,0,0,Mailed check,1,0,38,Male,Fiber optic,1,0,0,0,678.2692917476533,4,0,12.1629454458989,67.2389348624624,30,19,0,2,1858.1821611754415
2,Month-to-month,47.76448216096594,0,0,Electronic check,0,0,24,Male,No,0,0,0,0,95.52896432193188,1,1,5.521923956143196,77.16180333418559,15,15,0,2,1234.1223085906745
2,Month-to-month,76.84746269543477,0,0,Electronic check,1,0,48,Male,Fiber optic,0,0,0,0,153.69492539086954,2,0,104.09981335177827,74.42516625278215,67,0,0,2,1455.248790802958
13,One year,59.45615835812458,1,1,Bank transfer,0,0,49,Male,Fiber optic,1,0,0,0,772.9300586556196,4,0,17.54849923400742,62.06075541922721,19,4,1,2,1104.2533199457303
64,Two year,88.99425997260067,1,1,Credit card,1,0,51,Female,DSL,0,0,1,0,5695.632638246443,2,1,14.875203232472547,54.94353275230466,57,4,0,2,3981.2618595631907
23,Month-to-month,115.11539867210493,0,0,Electronic check,1,0,44,Female,Fiber optic,0,1,0,0,2647.6541694584134,7,2,19.815018743334313,24.70615047918694,-34,60,1,1,2492.2403134464107
67,Two year,64.52439276306292,1,1,Bank transfer,1,0,38,Male,No,0,0,1,0,4323.134315125216,2,1,37.491097705567554,63.50004873311788,46,8,0,2,3536.0197493465766
13,Month-to-month,103.96793949608232,0,0,Electronic check,1,0,62,Male,DSL,0,0,0,1,1351.5832134490702,4,2,1.2672952965584403,17.18662481058022,4,93,1,1,2022.2879554119575
64,Two year,93.27452453005688,1,1,Credit card,1,0,21,Female,Fiber optic,0,1,0,0,5969.56956992364,4,0,0.3471194704065965,53.98691800528231,-4,14,0,1,4320.871633147594
55,Two year,81.22949421147344,1,1,Credit card,1,1,72,Female,Fiber optic,1,0,1,0,4467.622181631039,3,1,34.90092218854121,73.707413260608,-12,10,0,2,2480.175773589009
10,Month-to-month,52.42039205079664,1,0,Electronic check,0,0,21,Male,DSL,0,0,0,1,524.2039205079665,0,0,109.62551345430536,52.61926149000437,10,12,0,2,1464.015516760277
53,Two year,99.62184131080534,1,1,Bank transfer,1,0,29,Female,DSL,0,0,1,0,5279.957589472683,3,1,130.8754090700681,78.8356483534101,65,11,0,2,3994.597201099512
8,Month-to-month,119.66949393695342,0,0,Electronic check,1,0,50,Male,Fiber optic,0,1,1,0,957.3559514956273,5,1,4.191629932364165,5.83215580822685,17,40,1,1,2147.0480699802984
66,Two year,97.94333419405734,1,1,Bank transfer,1,0,23,Female,Fiber optic,0,0,1,1,6464.260056807785,1,0,47.33520129802165,51.057202717135475,34,25,0,2,3663.9829974462664
57,Two year,90.83122473055519,1,1,Bank transfer,1,0,42,Female,No,0,0,0,0,5177.379809641646,2,1,185.2995315332745,62.261824893914266,62,3,0,2,3757.910046941234
49,Two year,88.80032158652452,1,1,Bank transfer,1,0,49,Male,Fiber optic,0,0,0,1,4351.215757739701,4,0,119.83682393478668,70.61134349219301,67,0,0,2,3700.772642984605
12,Month-to-month,73.67223455028807,0,0,Electronic check,1,0,27,Female,DSL,0,1,0,0,884.0668146034568,7,3,13.330649343131766,8.112925615561535,-19,119,1,1,2247.5592908018302
7,Month-to-month,48.41477338278548,0,0,Mailed check,0,0,34,Female,DSL,0,0,1,0,338.9034136794983,4,0,214.41847473588237,73.81530348296931,29,20,0,2,1733.7720634155012
9,Month-to-month,58.034724068784,1,0,Mailed check,1,0,28,Male,Fiber optic,0,0,0,0,522.312516619056,3,0,6.880181820941275,77.91421421241743,22,5,1,2,1655.9807861550264
25,Two year,82.49475211495124,0,0,Bank transfer,0,0,46,Male,Fiber optic,0,1,1,1,2062.368802873781,3,0,16.15846611594429,66.30310315992705,25,20,1,2,2192.691970083953
43,Two year,66.47056845408439,1,1,Bank transfer,1,0,58,Female,No,0,0,1,0,2858.2344435256286,3,0,46.54842427613847,70.25962856595395,81,60,0,2,3587.497856553707
12,One year,55.301951164194975,0,0,Bank transfer,1,0,30,Male,Fiber optic,1,0,0,1,663.6234139703397,2,1,42.219382851193295,58.74751854864431,56,10,1,2,2322.557666182539
36,Two year,91.50852062110835,1,1,Bank transfer,1,0,34,Female,No,0,0,0,0,3294.3067423599005,2,1,41.00807650140855,65.42571600222267,68,0,0,2,3683.3969637421606
24,One year,55.16294661227318,1,1,Bank transfer,1,0,59,Male,DSL,0,0,1,0,1323.9107186945564,1,0,50.87885475742894,78.69902212051481,49,10,0,2,2525.0853164225723
9,Month-to-month,119.43282774570062,0,0,Electronic check,1,0,27,Female,DSL,0,0,0,0,1074.8954497113057,4,1,17.444043123378346,22.74154027962188,21,71,1,2,1674.819505753092
4,One year,33.93492883537547,0,0,Mailed check,1,0,22,Female,No,0,1,0,1,135.7397153415019,3,0,61.148559129799374,76.03609693534467,30,36,1,2,1367.8085114090595
24,Two year,57.715749747255096,1,1,Credit card,0,0,42,Male,Fiber optic,0,0,0,1,1385.1779939341222,1,1,25.196594763987516,62.350227019095726,6,9,0,2,1865.5089745461294
15,One year,65.96956678676716,0,1,Bank transfer,1,0,55,Male,Fiber optic,0,0,1,0,989.5435018015074,2,1,36.70326307955536,50.224569012411095,52,56,0,1,3028.9305314389085
37,Two year,76.90756453584758,1,1,Credit card,1,0,34,Female,DSL,1,0,0,1,2845.5798878263604,0,1,13.073269589222082,59.06605329844501,-32,3,0,1,2787.820380388945
1,Month-to-month,62.53032616260517,0,1,Electronic check,1,0,44,Female,No,0,0,1,1,62.53032616260517,2,0,12.971104821492176,60.61265446366305,-3,16,0,2,1000.7919437620109
11,Month-to-month,71.66356410179239,0,1,Mailed check,0,0,51,Female,Fiber optic,0,0,0,0,788.2992051197162,3,1,10.862058064248044,70.91057157788293,28,20,0,2,2072.589441809922
3,Month-to-month,79.0514744557538,1,1,Electronic check,0,0,56,Female,DSL,1,0,1,1,237.15442336726142,2,0,24.662358032955776,40.08990881489969,93,18,0,2,3319.633412335581
9,One year,63.8536856329224,1,0,Mailed check,0,0,38,Male,Fiber optic,1,1,0,1,574.6831706963015,1,0,62.97838658476945,58.24937995694978,-3,37,0,2,852.2546489767936
11,Month-to-month,45.81877036938414,0,0,Mailed check,1,0,60,Male,DSL,1,0,1,1,504.00647406322554,4,1,104.67217544429455,58.02047884742957,-14,6,0,2,619.4379476292206
9,Month-to-month,86.98259225084777,0,0,Electronic check,1,1,73,Female,Fiber optic,1,0,0,0,782.84333025763,7,6,20.215720019865916,29.031990923812675,-9,89,1,0,3153.023921110289
28,One year,87.00619273562174,1,1,Mailed check,0,1,70,Male,DSL,0,1,0,1,2436.1733965974086,2,1,17.92967571631457,53.51618109558838,36,1,0,2,2381.739302459387
6,Month-to-month,47.72119959936931,1,0,Electronic check,1,0,56,Female,Fiber optic,1,0,0,0,286.32719759621585,2,1,62.59137721032198,49.616290140383974,32,0,0,2,877.7627017841432
59,Two year,90.02918027997389,1,1,Bank transfer,1,0,60,Male,Fiber optic,1,0,0,0,5311.7216365184595,1,0,7.939228335013124,62.76270094419225,38,5,0,2,3701.0387500517613
29,One year,53.12485723158977,1,1,Bank transfer,1,0,55,Male,Fiber optic,0,1,0,0,1540.6208597161035,1,2,115.59697129449741,42.44355629761662,76,6,0,2,2750.5687577758126
44,Two year,66.15164598672125,1,1,Credit card,1,0,47,Male,Fiber optic,0,0,1,1,2910.672423415735,3,0,92.08390925367003,47.678821966940376,69,3,0,2,3615.791704502525
10,Month-to-month,51.5902550392956,0,0,Mailed check,1,0,23,Male,No,0,0,1,0,515.902550392956,2,0,12.084688785635866,63.181074743340645,70,33,0,2,2666.6958709898545
10,Month-to-month,73.37774217278435,0,0,Electronic check,1,0,59,Female,DSL,1,0,1,1,733.7774217278435,4,5,48.158114447302324,9.327396524672157,8,67,1,1,1961.2263073200181
10,Month-to-month,77.10534799162912,0,0,Electronic check,1,0,43,Female,Fiber optic,0,0,1,1,771.0534799162912,7,3,30.866497678605114,22.592843350328284,6,17,1,1,2214.4770532161797
17,Two year,61.1183262852394,1,1,Credit card,1,0,62,Male,Fiber optic,0,1,0,0,1039.0115468490699,1,0,9.698786351567087,68.12499451414908,64,4,0,2,2100.7794656072415
46,Two year,99.09808471961472,1,1,Credit card,1,1,76,Male,Fiber optic,0,0,0,1,4558.511897102277,2,0,59.77132292026287,56.25446075998302,99,15,0,2,4161.732375269837
10,Month-to-month,41.38162679096962,0,0,Mailed check,1,0,35,Male,Fiber optic,1,1,0,1,413.8162679096962,3,0,147.68864978858025,45.19208942935824,12,0,0,2,736.9228189433177
1,One year,59.85583100077517,1,0,Mailed check,1,0,49,Male,Fiber optic,1,0,0,1,59.85583100077517,1,0,132.74303624538268,58.28278769860125,36,15,0,2,1576.302146160761
29,Two year,78.96305687161613,1,1,Bank transfer,0,0,41,Female,DSL,0,1,1,0,2289.928649276868,2,2,17.826319830520557,64.21962729359149,54,71,0,1,3973.8103613272
17,Two year,78.97450826252873,0,1,Credit card,1,0,19,Female,DSL,0,1,0,1,1342.5666404629883,4,0,47.92975657494912,78.2219008103201,19,4,0,2,2082.233251569469
24,Two year,87.53319114306075,0,1,Mailed check,1,0,30,Female,DSL,0,1,0,0,2100.7965874334577,1,1,88.82355460100149,62.79996295610707,23,34,1,2,2370.682166044647
23,One year,78.0157431854119,0,1,Bank transfer,1,0,30,Male,Fiber optic,0,0,1,1,1794.362093264474,3,1,117.92442319846114,42.56534234304879,-2,22,0,2,1480.6726813503374
21,Month-to-month,80.50264600896526,0,0,Electronic check,1,0,43,Male,Fiber optic,0,1,0,1,1690.5555661882704,5,4,21.29090270579391,7.321341892117248,-4,45,1,0,3573.0212647663375
57,Two year,95.78571190310538,1,1,Bank transfer,1,0,52,Male,DSL,1,1,0,1,5459.785578477006,3,0,58.779121810782044,44.51732440960881,49,9,0,2,3538.3474112190593
48,Two year,75.03971559765246,1,1,Credit card,1,1,69,Female,No,0,0,0,0,3601.9063486873183,1,1,12.413269572816546,69.09181670085522,68,4,0,2,3625.6159878904273
21,One year,74.02230624242517,0,0,Bank transfer,0,0,31,Male,No,0,0,1,1,1554.4684310909286,0,0,74.47049031852794,56.717130370534164,-32,12,0,2,1163.3875754938115
19,Month-to-month,88.08454056501265,0,0,Electronic check,1,0,57,Female,DSL,1,1,0,0,1673.6062707352403,12,5,36.571939281339226,6.796957319749337,12,80,1,0,3839.3241251156983
10,Month-to-month,72.88827741862211,0,0,Mailed check,1,0,46,Female,DSL,0,0,0,0,728.8827741862211,2,0,24.9575191650185,41.52377431688785,-17,4,1,2,810.2594143661497
23,Month-to-month,76.81926964668384,0,0,Electronic check,1,1,76,Male,No,1,0,0,0,1766.8432018737283,5,2,8.640154219375983,7.3159662487370865,-33,16,1,1,2257.7329910249973
12,Month-to-month,92.07593482554326,0,0,Electronic check,1,0,40,Female,DSL,0,1,0,1,1104.9112179065191,4,2,66.73828693548523,19.550956745203187,-4,47,1,1,1936.683820057774
27,Two year,78.73625110793441,1,0,Bank transfer,0,0,43,Male,DSL,1,1,1,0,2125.878779914229,0,0,139.56442575211918,60.5709771941347,38,18,0,2,2864.828494559696
10,Month-to-month,38.533871765111684,1,0,Electronic check,0,0,44,Male,No,1,0,0,0,385.33871765111684,2,0,59.36057436129731,66.1738058439872,35,52,0,2,1015.8357628500394
12,Two year,78.01222369257904,1,1,Mailed check,0,0,29,Male,Fiber optic,0,0,0,1,936.1466843109486,1,0,40.70136886809212,68.02520471556207,48,32,0,2,1994.1004820085884
19,One year,85.8751296731979,0,1,Mailed check,0,1,72,Female,Fiber optic,1,0,1,0,1631.6274637907602,0,0,7.710245250978176,40.53074330641624,34,4,0,2,1772.3576499330607
6,Month-to-month,65.43828161728273,1,0,Electronic check,0,0,36,Male,Fiber optic,1,0,0,0,392.6296897036964,5,0,278.99576252150183,46.24652669571485,40,6,0,2,1351.400143256504
59,Two year,75.97474993578764,1,1,Bank transfer,1,0,64,Female,No,0,0,0,0,4482.510246211471,2,0,5.765585257913951,43.85615152434565,90,11,0,2,4349.4304809348205
7,Month-to-month,74.70456846289227,0,1,Mailed check,1,0,31,Female,DSL,1,0,0,0,522.9319792402459,4,0,13.721548037826944,71.33966683685193,49,9,1,2,1773.155542362096
20,Two year,55.85883040313268,1,1,Mailed check,1,0,31,Male,No,1,0,0,1,1117.1766080626535,2,0,50.342235965296375,72.79240384495635,27,19,0,2,2460.681109376219
22,One year,69.26821919376036,1,1,Credit card,0,0,27,Female,No,0,1,0,1,1523.9008222627278,2,0,75.69308471752444,61.65868543788976,2,1,0,2,1525.261417118375
22,Month-to-month,81.41600868984713,0,0,Electronic check,1,0,31,Female,Fiber optic,0,0,0,1,1791.152191176637,7,4,1.1906871258898237,18.715963935350683,-1,21,1,1,2850.2352906616647
35,One year,74.65835740665185,1,0,Credit card,0,0,44,Male,No,0,0,1,1,2613.0425092328146,2,0,30.5299514926315,45.61781171870006,18,2,0,2,2384.007493076237
56,Two year,70.72556080382054,1,1,Credit card,1,0,33,Male,Fiber optic,1,1,0,0,3960.6314050139504,2,0,42.3842840212936,46.013161573757465,12,7,0,2,3370.7433110132715
29,Two year,74.50644988607996,0,0,Mailed check,1,1,74,Male,DSL,1,0,0,0,2160.687046696319,2,1,0.3327877407943966,64.6154378648815,38,35,0,1,3709.8662904676885
9,Month-to-month,49.406654050112465,0,0,Mailed check,0,0,24,Male,No,0,0,1,0,444.6598864510122,2,0,12.178871347041634,56.26053775579086,87,22,0,2,2757.5294967038053
14,Month-to-month,107.64742998315553,0,0,Electronic check,1,0,40,Female,Fiber optic,0,0,0,0,1507.0640197641774,12,3,35.85324889249542,11.448136536707455,15,267,1,0,4348.806014521177
35,One year,80.04281915392042,1,1,Credit card,0,0,61,Male,DSL,1,1,1,0,2801.4986703872146,3,0,21.81796801551497,49.42578850220349,11,23,1,2,2412.7572226932116
21,Month-to-month,114.35709993470718,0,0,Electronic check,1,0,27,Female,DSL,0,0,1,1,2401.499098628851,2,3,11.465453323906946,28.685688371385247,-13,29,1,1,2379.887347177299
65,Two year,92.80050516477425,1,1,Credit card,1,0,56,Male,DSL,1,1,0,0,6032.032835710326,4,0,199.92059070863343,77.79349609962532,26,33,0,2,4255.4970623897625
60,Two year,81.54782669372156,1,1,Credit card,1,0,32,Female,Fiber optic,1,1,1,0,4892.869601623293,1,0,1.8921766994533853,61.199384474602766,29,43,0,2,4125.620053751551
7,Month-to-month,49.8123673408203,1,0,Electronic check,1,0,55,Male,DSL,0,0,1,1,348.6865713857421,1,0,93.03737882010304,50.89422635439949,11,3,0,2,784.3909365583198
69,Two year,72.24549363518372,1,1,Bank transfer,1,0,28,Male,Fiber optic,1,0,0,0,4984.939060827677,3,0,128.30584330922554,47.29751828085985,50,22,0,2,4320.215285543089
3,Month-to-month,66.7976780257589,0,0,Mailed check,1,0,36,Female,Fiber optic,1,0,0,0,200.3930340772767,1,1,248.78851195772856,77.37877995888967,48,17,0,2,1345.7101385836181
3,Month-to-month,65.78313260361557,0,0,Electronic check,0,1,65,Male,Fiber optic,1,0,0,1,197.3493978108467,2,2,15.766935320054309,48.7990880901132,29,10,0,1,2475.230723683273
6,Month-to-month,77.00899173646206,1,0,Mailed check,0,0,22,Female,Fiber optic,1,0,0,0,462.0539504187724,1,0,4.458722355838625,74.90934892707688,84,1,0,2,2079.872815151194
4,One year,73.13853887296128,0,0,Electronic check,0,0,60,Male,No,0,1,0,1,292.5541554918451,0,0,26.20020226434545,61.360660644824655,9,30,0,2,1220.0480443883364
3,Month-to-month,55.63749498969648,0,0,Electronic check,0,0,52,Female,DSL,0,0,0,0,166.91248496908943,1,1,38.40240686632161,77.04153499838321,30,19,0,2,2105.209737259107
57,Two year,77.70867867118108,1,1,Bank transfer,1,0,43,Male,Fiber optic,0,1,0,0,4429.394684257321,0,2,20.560969902483446,50.84474794447756,39,8,0,2,3946.6940841452433
70,Two year,62.378862754691234,1,1,Bank transfer,1,0,39,Male,No,0,1,1,1,4366.520392828386,1,0,15.570297045891389,52.79949319148743,35,7,0,2,4104.239225103434
12,Month-to-month,118.33074961321071,0,0,Electronic check,1,1,79,Male,Fiber optic,0,0,0,1,1419.9689953585284,6,5,9.287592209813853,20.428208404664517,3,40,1,0,3301.0511913992323
59,Two year,85.60672895312663,1,1,Bank transfer,1,1,72,Male,DSL,0,0,1,0,5050.797008234472,1,4,20.85984117369314,56.63423521889,1,4,0,1,3783.783644746515
1,One year,32.37078180700425,0,1,Electronic check,0,0,37,Male,Fiber optic,1,1,1,0,32.37078180700425,1,0,98.94394807816579,48.820948419322676,25,3,0,2,652.3673757044471
43,Two year,66.02085966653654,1,1,Bank transfer,1,0,25,Female,Fiber optic,1,0,1,0,2838.896965661071,4,0,96.91569671492948,76.60886250731704,-7,10,0,2,2995.7650523494713
53,Two year,91.27161319380117,1,1,Credit card,1,0,21,Male,No,0,0,1,0,4837.3954992714625,2,0,6.437378554343002,78.61554255075743,32,6,0,2,3055.4678942182136
11,One year,53.2291382219623,0,0,Mailed check,0,1,72,Male,No,0,0,0,1,585.5205204415853,2,1,310.8727272516716,40.07228139370602,62,2,0,2,1953.7925064674082
9,Month-to-month,102.71966824152874,0,0,Electronic check,1,1,69,Female,DSL,0,0,1,1,924.4770141737587,3,5,0.4734588307277049,27.15294800858032,-69,19,1,0,2142.939126697216
7,Month-to-month,78.88991692826244,0,0,Electronic check,1,0,30,Male,DSL,0,0,0,0,552.2294184978371,6,7,16.102094872001928,8.197805153734254,-58,33,1,0,1206.9322953829355
21,Month-to-month,71.65938151125007,0,0,Electronic check,1,0,40,Female,DSL,0,0,0,1,1504.8470117362515,5,3,18.916685124340905,23.74869597798739,2,75,1,1,2624.846594811563
12,Month-to-month,111.90879603428692,0,0,Electronic check,1,0,51,Female,No,0,0,1,0,1342.905552411443,11,4,68.7052640315251,19.67264622436256,-23,75,1,1,2124.7170467370897
17,Month-to-month,98.88289980330035,0,0,Electronic check,1,1,75,Female,Fiber optic,0,1,1,0,1681.009296656106,7,2,49.493436962753215,20.779903927648377,23,0,1,2,2233.1154744236483
10,Month-to-month,93.58835755749118,0,0,Electronic check,1,1,68,Female,Fiber optic,0,0,0,1,935.8835755749118,10,3,7.092350243964373,12.185491220159854,14,172,1,0,3203.105750393255
9,Month-to-month,40.475961215626604,0,0,Mailed check,0,0,48,Female,DSL,0,0,1,0,364.28365094063946,2,0,109.5982326566512,44.72090436883782,28,6,1,2,1626.9202360975023
17,Two year,60.94665016407306,0,1,Credit card,1,0,29,Male,Fiber optic,0,1,0,0,1036.0930527892422,0,0,64.01567557161695,73.8696537935269,50,7,0,2,2017.4175425240082
16,Month-to-month,99.85753522415737,0,0,Electronic check,1,0,32,Male,Fiber optic,0,0,1,0,1597.720563586518,6,3,18.11791154831671,17.184301524507916,-4,16,1,1,2246.2769453051897
69,Two year,90.38445714799187,1,1,Bank transfer,1,0,22,Female,Fiber optic,0,0,1,0,6236.527543211439,2,1,89.23249810881967,56.61727662897744,44,13,0,2,4216.17833576526
61,Two year,70.21226098913728,1,1,Bank transfer,1,0,25,Female,DSL,0,0,1,1,4282.947920337374,1,0,10.086138685221716,74.80398888064077,66,0,0,2,4436.070513351874
3,Month-to-month,55.7463754430336,0,0,Mailed check,1,1,69,Female,DSL,1,0,0,1,167.2391263291008,1,1,68.32979989719288,57.7398365599182,100,11,0,2,2699.911381120959
67,Two year,67.61299451276271,1,1,Bank transfer,1,0,21,Male,Fiber optic,0,0,1,1,4530.070632355101,2,1,34.391468998116636,40.38006448872926,70,9,0,2,4281.449856964288
68,Two year,86.85819739578574,1,1,Credit card,1,0,61,Male,No,0,1,0,1,5906.35742291343,3,0,86.00915319453681,49.62321779564661,41,8,0,2,4077.9461393612
5,One year,53.42306185435433,0,1,Electronic check,1,0,31,Male,Fiber optic,0,0,1,0,267.11530927177165,3,0,19.799107326462064,69.93809624638286,25,20,1,2,1686.3075895156792
28,One year,83.34788867976104,0,1,Bank transfer,0,0,22,Female,No,0,0,0,1,2333.7408830333093,3,0,45.59381795761206,46.56602323945821,56,0,0,2,2267.302537372672
1,Month-to-month,32.01626198604754,0,0,Mailed check,1,0,30,Female,Fiber optic,0,1,0,0,32.01626198604754,5,0,12.783864395085342,51.307376642116594,3,10,0,2,560.0433359439747
66,Two year,88.30753305322474,1,1,Bank transfer,1,0,44,Female,Fiber optic,1,0,0,1,5828.297181512833,1,1,20.577332712206267,61.510155235552304,79,11,0,2,4659.16594486669
19,Month-to-month,81.66271609112742,0,0,Electronic check,1,1,73,Female,Fiber optic,0,0,0,1,1551.591605731421,8,0,67.43474286082102,17.65941769246004,-15,21,1,2,1489.1497871157821
61,Two year,81.00959030080641,1,1,Bank transfer,1,0,38,Male,DSL,0,1,0,0,4941.5850083491905,2,0,106.90128982500764,41.7435720303494,47,6,0,2,4497.467287184868
6,Month-to-month,64.89952357488963,1,0,Electronic check,0,0,29,Male,No,0,0,1,0,389.39714144933777,2,0,72.58371675888941,78.30699577597794,21,8,1,2,978.8180731743234
16,One year,59.98087430344609,0,0,Credit card,0,0,63,Male,Fiber optic,0,0,1,0,959.6939888551375,1,0,6.295344898733003,78.66558266676716,-16,7,0,2,1009.9017330802708
5,Month-to-month,54.00674698191866,0,0,Electronic check,0,0,21,Female,No,0,0,0,0,270.0337349095933,1,0,80.53350624315,55.61520797714867,26,11,0,2,1247.3232664334569
19,Month-to-month,115.16705068533973,0,0,Electronic check,1,0,32,Male,DSL,1,1,1,1,2188.1739630214547,8,3,11.274796060892305,24.599216777280123,10,55,1,1,2872.9669650000587
1,Month-to-month,52.22399889888955,0,0,Electronic check,0,0,51,Male,DSL,1,1,0,0,52.22399889888955,0,0,185.16924773312485,41.79577361444433,69,19,0,2,1713.3825841893881
50,Two year,73.61520370666699,1,1,Bank transfer,1,0,20,Male,Fiber optic,0,1,1,0,3680.7601853333495,3,1,11.729341233865881,64.1026338281114,90,4,0,2,3925.8542871355876
40,Two year,64.8814020849758,1,1,Bank transfer,1,0,56,Female,Fiber optic,1,0,1,1,2595.256083399032,2,0,27.493921661092752,78.31791682619283,43,34,0,2,2976.6868235741094
41,Two year,75.02689007526905,1,1,Credit card,1,0,19,Male,DSL,0,0,1,0,3076.1024930860312,3,1,85.85967154308486,65.20657159118721,88,46,0,2,3466.5865908427945
55,Two year,86.86233774452148,1,1,Bank transfer,1,0,24,Female,DSL,0,1,1,0,4777.428575948681,3,0,94.98425853375747,69.97123955270817,53,6,0,2,3431.25214019954
11,Month-to-month,54.639067293247784,1,0,Electronic check,1,0,42,Male,No,0,0,0,0,601.0297402257256,2,1,176.86355191435246,65.62594008526867,9,20,0,2,1188.8730251768254
71,Two year,85.84384700020252,1,1,Credit card,1,0,21,Female,DSL,0,0,0,1,6094.913137014379,3,0,125.63651706855535,72.21484856799569,74,0,0,2,4246.065804186481
37,Two year,87.66472222277278,1,1,Credit card,1,0,48,Male,DSL,0,1,1,0,3243.594722242593,2,1,49.73174296626316,47.38787162245282,58,37,0,2,3284.4374531259896
65,Two year,96.29520658851388,1,1,Bank transfer,1,0,44,Female,DSL,0,1,0,0,6259.188428253402,1,0,137.2646477702815,59.324288030553944,64,3,0,2,4533.746264342864
12,Two year,61.66341494048781,0,0,Bank transfer,1,0,22,Female,Fiber optic,0,0,0,1,739.9609792858537,1,0,88.55540438665945,75.70130476265984,13,2,0,2,1832.4457353506655
16,One year,52.88106662921345,0,1,Credit card,0,0,61,Male,Fiber optic,0,0,0,0,846.0970660674152,4,0,92.23084026235634,75.03961983100507,-15,5,0,2,877.8380844117596
54,Two year,82.31280767716805,1,1,Bank transfer,1,1,78,Female,DSL,0,0,0,0,4444.891614567075,3,0,1.3645504027335482,64.0277130536572,34,2,0,2,2843.1446899691027
8,One year,36.71012131631751,0,0,Electronic check,0,0,63,Male,Fiber optic,0,0,0,0,293.6809705305401,0,2,103.04770293164091,50.089524083912096,44,2,0,2,1814.2225871350424
4,Month-to-month,45.65910253518176,0,0,Mailed check,1,1,68,Female,Fiber optic,1,0,0,1,182.63641014072704,2,0,40.21452222324677,63.96954709400987,24,11,1,2,1436.1789854360118
9,Month-to-month,30.89789318750755,1,0,Mailed check,1,0,28,Male,DSL,0,0,0,1,278.0810386875679,1,1,66.87310277830146,69.6342037472059,93,4,0,2,1934.9688443240336
6,One year,66.3789661067472,0,0,Mailed check,0,0,19,Female,Fiber optic,0,0,1,0,398.27379664048317,3,0,15.906625994059207,53.46226976754118,48,4,0,2,1984.0415114776793
10,Month-to-month,43.125430213327206,1,1,Mailed check,1,0,58,Female,DSL,0,0,0,0,431.25430213327206,3,0,1.0755299362035033,61.32991866120609,-5,2,0,2,1334.4343604788232
56,Two year,71.41161353429266,1,1,Credit card,1,0,30,Male,DSL,0,1,0,0,3999.0503579203887,1,2,160.64327528796863,58.80057423886248,100,33,0,2,4566.448184058394
28,One year,50.2253311352553,1,0,Mailed check,0,1,70,Female,DSL,1,1,0,0,1406.3092717871484,1,0,19.8930818659534,67.11907419522109,15,8,0,2,2159.6600038554666
22,Month-to-month,81.53173228307067,0,0,Electronic check,1,1,70,Male,No,1,0,1,0,1793.6981102275547,12,4,29.063316960302462,14.547625193434145,-45,0,1,1,1756.4395249890813
44,Two year,93.88777756134327,1,1,Credit card,1,0,29,Female,Fiber optic,1,0,1,0,4131.062212699104,5,0,15.557226684799943,78.05493874024117,86,30,0,2,3958.7676667819005
13,Two year,78.51012008239726,0,1,Credit card,0,0,21,Male,Fiber optic,0,0,1,0,1020.6315610711645,2,3,21.738278379211657,74.26967042935672,11,1,0,1,2224.3449601906314
22,Two year,73.88248083771549,0,1,Credit card,0,0,21,Female,Fiber optic,0,1,1,0,1625.4145784297407,1,0,64.66259100640507,56.92792810358681,-19,19,0,2,1297.4688111096777
23,One year,74.76606206297309,1,1,Bank transfer,1,0,34,Female,Fiber optic,1,1,1,0,1719.6194274483812,1,2,23.28727655494245,41.51855789232461,53,4,0,2,2936.8729041987567
8,Month-to-month,82.42746553755899,0,0,Electronic check,1,1,77,Female,DSL,0,0,1,0,659.4197243004719,7,5,6.770545803284799,5.144604949819841,-24,128,1,0,2232.147974646269
3,Month-to-month,70.62068288119502,0,1,Mailed check,0,1,73,Male,DSL,0,0,0,0,211.86204864358507,5,1,11.353796475948727,68.33941343703721,31,31,1,2,1083.168005394192
36,Two year,99.78594566239991,1,1,Credit card,1,0,43,Female,Fiber optic,0,0,0,1,3592.2940438463966,1,0,13.143605099610264,46.827461384598564,40,4,0,2,2802.6043160723266
18,Month-to-month,111.49590154934793,0,0,Electronic check,1,0,28,Female,Fiber optic,1,0,0,0,2006.926227888263,6,0,15.047594948248872,15.153382983354534,-44,11,1,1,2058.8272802852953
7,Month-to-month,77.02686505514738,0,0,Electronic check,1,1,71,Female,Fiber optic,0,1,0,1,539.1880553860317,3,0,23.319913709757056,58.56970371905973,93,46,0,2,2880.7140776054866
25,One year,83.74769613752267,1,0,Bank transfer,0,0,59,Male,DSL,0,1,1,1,2093.692403438067,2,0,103.87668559581046,57.50772473804719,30,19,0,2,1972.914869186367
11,Month-to-month,85.25545951060411,0,0,Electronic check,1,0,29,Male,DSL,0,0,0,0,937.8100546166452,8,2,0.6856713919320232,26.978907635405164,34,43,1,1,3199.144697889222
50,Two year,69.76589161689498,1,1,Bank transfer,1,0,45,Male,No,1,0,1,0,3488.294580844749,1,0,79.05709768365307,42.80078370320636,33,29,0,2,3355.049928584349
24,Two year,85.98340865848382,1,1,Mailed check,0,0,28,Male,Fiber optic,0,0,1,0,2063.601807803612,0,0,99.97899689004298,74.037168369456,50,0,0,2,2211.1736559876745
9,Month-to-month,71.45199511046097,0,0,Electronic check,1,0,33,Male,No,0,0,0,0,643.0679559941487,6,1,10.622320984463647,23.853781647654742,6,38,1,2,1584.9788258853725
13,One year,86.79576723275858,1,1,Credit card,1,0,24,Male,DSL,0,0,0,0,1128.3449740258616,1,0,76.83899424353432,58.81259582202613,25,25,0,2,1978.2212850600954
43,Two year,74.37002991664983,1,1,Credit card,1,0,32,Female,Fiber optic,0,0,0,0,3197.9112864159424,0,1,11.736770111091783,66.69670194083878,49,20,0,2,3398.2102748213038
59,Two year,67.20041749890893,1,1,Credit card,1,0,23,Female,No,0,0,0,1,3964.824632435627,1,0,32.92050013075836,49.83533954508792,87,18,0,2,4194.148690849263
44,Two year,73.47362007444413,1,1,Bank transfer,1,0,43,Male,DSL,0,1,1,1,3232.8392832755417,3,0,14.402672514295265,70.6575280988092,100,25,0,2,4217.984383560452
45,Two year,75.45843364636589,1,1,Bank transfer,1,0,33,Female,No,1,0,0,0,3395.629514086465,2,2,71.32375626319744,60.9649508030881,43,14,0,2,2953.651415155666
24,Two year,74.87296345223099,1,1,Bank transfer,1,1,68,Male,Fiber optic,0,0,0,0,1796.951122853544,2,0,72.92837933833573,60.44186073989408,40,5,0,2,2929.850055804167
52,Two year,99.88312628326648,1,1,Bank transfer,1,0,43,Male,Fiber optic,0,0,1,0,5193.922566729857,4,2,24.30647695832779,74.72131090033385,45,8,0,2,3272.1633338139277
2,One year,72.83649732529487,1,0,Electronic check,0,0,47,Male,Fiber optic,1,0,1,1,145.67299465058974,6,1,101.94384028333945,71.65847964991552,90,13,0,2,1880.7543013681634
7,Month-to-month,38.78361489842923,0,0,Mailed check,1,0,59,Female,Fiber optic,1,0,1,1,271.4853042890046,4,0,4.468302488245985,72.34827281846643,20,8,0,2,1067.25280856555
11,Month-to-month,106.55379408672744,0,0,Electronic check,1,1,66,Female,Fiber optic,0,0,0,1,1172.0917349540018,9,3,2.2608355435862166,7.30297341226535,-42,66,1,0,2912.0325503733307
16,Month-to-month,72.27389756530185,0,0,Electronic check,1,0,50,Female,Fiber optic,0,0,0,0,1156.3823610448296,12,2,2.3157109974527237,13.01038370812954,27,72,1,1,2582.192322991553
27,Two year,64.76119025530392,0,0,Credit card,0,0,28,Female,Fiber optic,0,1,1,0,1748.5521368932057,2,0,59.344088382621116,64.25583598006777,26,2,0,2,2656.4562662291924
11,Month-to-month,31.194209565957138,0,0,Mailed check,0,0,30,Female,Fiber optic,0,0,0,1,343.13630522552853,2,0,1.499716080134737,74.5328142288592,-2,31,0,2,714.0618485711012
2,Month-to-month,61.963144159068136,0,1,Electronic check,1,0,62,Male,DSL,0,0,1,1,123.92628831813627,3,0,7.834563564743772,42.37542788146009,1,41,0,2,611.4964415994882
42,Two year,66.37149780971221,1,1,Bank transfer,1,0,27,Female,Fiber optic,1,0,0,0,2787.602908007913,0,0,46.18414438250545,74.41817394713998,100,6,0,2,4209.242178897329
10,One year,49.71705731753322,0,0,Electronic check,1,0,45,Female,DSL,0,1,0,0,497.17057317533215,3,2,24.21395276175466,49.32044895998041,83,5,1,2,1888.3822345296007
6,Month-to-month,39.92714294341008,1,0,Electronic check,1,0,37,Female,No,0,0,0,0,239.5628576604605,2,0,27.731582163793686,69.60661649480052,10,18,0,2,766.5521341567919
6,Month-to-month,94.37826816394625,0,0,Electronic check,1,0,39,Female,Fiber optic,0,0,1,0,566.2696089836775,7,2,14.164740320705903,28.0969787671121,26,33,1,1,2435.4026256291904
60,Two year,94.74206025281154,1,1,Credit card,1,0,56,Female,Fiber optic,0,0,0,0,5684.523615168692,0,0,40.02435330974929,69.84966491243999,16,1,0,2,3549.9452225831883
37,Two year,94.65754670110582,1,1,Credit card,1,0,51,Male,Fiber optic,0,0,0,0,3502.329227940915,2,0,93.25962428315435,46.016321242569816,45,4,0,2,3043.317069948828
3,One year,55.4269445748854,0,0,Mailed check,1,0,61,Male,DSL,1,1,0,0,166.2808337246562,2,0,75.6383404487074,65.40584038947584,93,19,0,2,1831.0776966868966
4,Month-to-month,65.14332220250506,0,0,Electronic check,1,0,63,Male,No,0,0,0,0,260.57328881002024,0,2,461.48198826843145,40.13156216281689,30,5,0,2,1325.5892643235381
67,Two year,92.95112360404661,1,1,Credit card,1,0,55,Male,Fiber optic,0,0,1,0,6227.725281471123,3,0,218.36652811237417,47.2045456832469,-2,11,0,2,3616.429281740688
22,Month-to-month,111.00139111327125,0,0,Electronic check,1,1,79,Male,Fiber optic,0,0,0,1,2442.0306044919676,5,4,4.08758247656993,5.799721432070205,-57,243,1,0,2581.176901711208
23,Month-to-month,106.91084000681599,0,0,Electronic check,1,0,56,Male,Fiber optic,0,0,0,1,2458.9493201567675,6,2,6.247244565831464,28.937262056506103,-17,1,0,1,2803.606307335557
26,Two year,68.28101121923757,0,0,Credit card,0,0,53,Female,DSL,1,0,0,1,1775.3062917001769,1,0,32.1247225291326,41.09507695119961,26,10,0,2,2244.902176460954
55,Two year,81.08904723359201,1,1,Bank transfer,1,0,42,Male,No,0,0,0,0,4459.897597847561,5,0,2.1331328609137454,60.44603642998601,85,3,0,2,4407.011812096101
13,Month-to-month,90.45380172830477,0,0,Electronic check,1,0,61,Female,No,0,0,1,0,1175.899422467962,12,4,12.708585654052811,22.278829648506296,-4,46,1,0,2889.5757676856288
7,Month-to-month,99.45300767626456,0,0,Electronic check,1,0,56,Male,DSL,0,0,0,1,696.171053733852,8,3,63.919593317831016,7.434399327574702,-26,56,1,1,1458.2505323693867
8,Month-to-month,90.93025928359575,0,0,Electronic check,1,1,70,Male,Fiber optic,0,0,1,0,727.442074268766,5,4,20.817706673197076,6.397876675572538,-4,13,1,1,1529.8040515938878
6,Month-to-month,58.41595755389628,0,0,Mailed check,1,0,47,Male,No,0,1,0,1,350.49574532337766,2,0,54.122235091508415,48.622925767570685,64,37,0,2,2360.791393813187
54,Two year,75.45395639393261,1,1,Bank transfer,1,0,21,Male,No,1,0,1,1,4074.5136452723614,2,0,171.27681515224526,51.077560442832734,56,13,0,2,3889.422898328661
7,One year,59.91530378480094,0,0,Mailed check,0,0,20,Female,Fiber optic,0,0,0,1,419.4071264936066,0,1,75.61171275895077,74.45742243500779,27,5,0,2,1399.5347604903782
25,Two year,67.48096304394691,1,1,Credit card,1,0,41,Male,DSL,1,0,0,1,1687.0240760986728,3,0,213.84571082669385,71.96126945871377,-14,24,0,2,1338.5340710666185
68,Two year,85.58422244710727,1,1,Credit card,1,0,61,Female,No,0,1,1,0,5819.727126403294,1,0,60.20139731576691,44.954004890715915,12,3,0,2,3989.206909418225
17,One year,75.54842327051497,0,0,Bank transfer,0,0,28,Male,Fiber optic,0,0,0,1,1284.3231955987546,2,2,36.96878379444613,55.797522547380744,46,5,0,2,1779.1071239161286
3,Month-to-month,57.48111505530174,0,0,Electronic check,1,0,55,Female,Fiber optic,0,0,0,1,172.4433451659052,3,1,43.708073633499005,48.81305510213422,18,17,0,2,1278.3257005311582
33,One year,52.68262514165502,0,0,Credit card,0,0,43,Female,Fiber optic,0,0,0,1,1738.5266296746158,2,1,41.261165381008304,78.28037392087182,19,11,0,2,2012.3872165422176
56,Two year,97.89580998345787,1,1,Bank transfer,1,0,21,Female,No,0,0,0,0,5482.1653590736405,1,0,134.94506741281413,67.32992373119522,65,26,0,2,4083.5812507481187
7,Month-to-month,91.62416879363299,0,0,Electronic check,1,0,42,Female,No,0,0,1,0,641.3691815554309,10,2,22.268490154442908,24.99260156545392,-27,161,0,1,1507.7573048736037
6,One year,31.04547561676175,0,0,Mailed check,0,0,62,Male,DSL,0,0,0,0,186.2728537005705,1,0,113.27298537958329,59.04773843540028,56,10,0,2,1219.2460376184426
2,Month-to-month,63.42733475569927,1,1,Mailed check,0,0,55,Male,Fiber optic,1,0,1,1,126.85466951139854,4,0,84.69526714991424,46.85367883773101,75,5,0,2,2759.9279326784126
39,Two year,66.09318357858142,1,1,Bank transfer,1,0,29,Male,Fiber optic,0,0,1,0,2577.6341595646754,1,1,113.9136678481657,48.60327406362586,87,43,0,2,3496.3508856180215
12,Two year,67.97747101232181,0,0,Bank transfer,1,0,48,Male,Fiber optic,0,0,1,1,815.7296521478618,2,0,11.477044987649,47.393264398484696,50,8,1,2,2258.741323981597
10,Month-to-month,40.30368899685876,0,1,Electronic check,1,0,58,Female,Fiber optic,0,0,1,1,403.0368899685876,4,0,93.9595128050839,56.71996073257049,40,22,0,2,1354.1644348615387
21,One year,54.01277996773118,1,1,Mailed check,0,0,45,Female,DSL,0,1,1,0,1134.2683793223548,3,0,7.895581169073197,68.57511074740918,100,23,0,2,2755.0229306712085
18,Month-to-month,118.95766198757443,0,0,Electronic check,1,0,46,Male,No,0,0,0,0,2141.23791577634,12,2,0.9780191425544372,26.84686856766754,-5,78,1,1,2711.1076987594192
12,One year,84.61483206004232,1,1,Credit card,0,0,64,Female,Fiber optic,1,0,0,0,1015.3779847205078,1,0,202.28258815056418,56.91093400399022,-4,64,0,2,1267.2569996487814
65,Two year,80.04611996728039,1,1,Credit card,1,0,50,Female,DSL,1,0,0,0,5202.997797873225,2,1,45.30584250388037,77.62500916212609,55,13,0,2,4404.154368922006
32,Two year,88.05622062840634,1,1,Credit card,1,0,59,Male,DSL,0,0,1,0,2817.7990601090028,2,0,11.776559144999375,56.20967940505106,30,5,0,2,2500.083207291184
9,Month-to-month,103.98379337453198,0,0,Electronic check,1,0,23,Female,Fiber optic,0,1,0,1,935.8541403707878,4,4,18.851164713286273,25.27386897067338,-49,27,1,1,1625.479425729429
11,One year,76.59563662987279,1,0,Mailed check,1,0,52,Male,DSL,0,0,0,1,842.5520029286006,2,1,25.625120360863885,64.30758169671131,79,1,0,2,2326.28353143143
22,Month-to-month,102.69718360899631,0,0,Electronic check,1,0,63,Female,No,0,0,0,0,2259.3380393979187,9,2,16.56925114390733,17.486101845108852,-41,29,1,1,1885.2521307283166
22,Month-to-month,88.75881991565512,0,0,Electronic check,1,1,72,Male,DSL,0,0,0,0,1952.6940381444128,7,1,0.19760256538245452,17.606232351076628,-5,52,1,1,2256.4531035494742
47,Two year,63.628868089397244,1,1,Credit card,1,0,26,Female,No,0,0,0,0,2990.5568002016703,0,0,29.805465883781647,44.3149436506649,84,21,0,2,3707.2742147992726
8,One year,51.70244342390903,0,0,Electronic check,0,0,20,Male,DSL,0,0,0,0,413.61954739127225,6,0,6.471788962197737,71.03403320436962,58,0,0,2,2105.762628248876
37,Two year,83.94769609276389,1,1,Bank transfer,1,0,58,Male,Fiber optic,0,0,1,0,3106.064755432264,0,0,51.43173207877298,56.99992503733112,75,6,0,2,3486.4932589234822
21,One year,85.63031868035966,0,1,Mailed check,0,1,71,Female,Fiber optic,0,0,0,1,1798.236692287553,1,0,9.545092911359895,49.37903262187523,11,0,0,2,2599.29653279345
9,Month-to-month,79.83432170634308,0,0,Electronic check,1,0,54,Male,DSL,0,1,0,1,718.5088953570877,11,3,9.63503274035179,22.59331076603846,-28,40,1,1,1381.7759946116366
10,Month-to-month,111.84517226583274,0,0,Electronic check,1,0,30,Female,DSL,0,1,0,1,1118.4517226583275,10,2,27.052335975175016,21.04870272062219,-74,2,1,1,1533.2724257690552
41,Two year,72.39999748687157,1,1,Bank transfer,1,0,47,Male,No,0,0,0,0,2968.399896961734,5,0,14.8966736863251,67.42699800236264,100,3,0,2,3816.9063426976027
60,Two year,76.05224096878848,1,1,Bank transfer,1,0,51,Male,DSL,1,1,0,1,4563.134458127309,2,0,17.367492681858792,50.94784064132817,36,3,0,2,3608.6387645377936
10,Month-to-month,106.6940486636871,0,0,Electronic check,1,0,32,Male,No,0,0,0,0,1066.940486636871,7,5,9.75347446296105,22.27501476614997,-13,45,1,0,3105.091363684725
7,Month-to-month,58.42361010784098,1,1,Mailed check,1,1,77,Female,Fiber optic,1,0,1,0,408.96527075488683,2,0,6.198327252780067,65.62499218110742,42,25,0,2,1687.280400580895
17,One year,73.83464214114386,1,0,Credit card,1,1,73,Female,Fiber optic,0,1,1,0,1255.1889163994456,1,1,33.19357957168186,72.1438698387722,12,6,0,2,2007.1244904466262
55,Two year,64.51726570744046,1,1,Bank transfer,1,0,64,Male,Fiber optic,0,0,0,0,3548.4496139092253,2,0,44.551056631937776,60.49888936887376,-8,6,0,2,2619.489490204571
27,One year,83.16605612620613,0,1,Credit card,0,0,60,Male,Fiber optic,1,0,0,1,2245.4835154075654,4,0,16.336115355741853,61.76522837440788,39,0,0,2,2746.9970185560715
27,One year,54.26251534964207,1,0,Credit card,1,0,34,Male,DSL,0,0,1,0,1465.087914440336,6,0,9.988942053669835,62.641698630652584,84,0,0,2,3312.29196329632
45,Two year,65.96951111800705,1,1,Credit card,1,0,62,Female,Fiber optic,0,0,0,0,2968.628000310317,1,0,127.53126719361674,48.88016391660316,27,2,0,2,3365.8801358766605
8,Month-to-month,75.48124931650011,0,0,Electronic check,1,0,24,Male,No,0,1,0,1,603.8499945320009,10,1,1.1738600527700132,27.3318889790077,-86,198,1,0,1533.393060344066
46,Two year,80.1937952757207,1,1,Bank transfer,1,0,42,Male,DSL,0,0,1,0,3688.9145826831523,1,0,21.00202337012897,50.49042749201607,46,22,0,2,3340.5836855323664
52,Two year,70.8627505900416,1,1,Credit card,1,0,19,Female,Fiber optic,0,0,0,1,3684.8630306821633,3,2,63.48548890843182,64.54075965182174,28,2,0,2,3435.4661191198957
9,Month-to-month,63.18671803469692,0,1,Mailed check,1,0,55,Female,Fiber optic,0,0,0,1,568.6804623122723,1,0,3.258700916776395,58.27545498054043,-6,6,0,2,947.6531933276233
60,Two year,91.24681695147677,1,1,Credit card,1,1,75,Male,DSL,0,0,0,0,5474.809017088606,0,0,1.904967499681631,56.13151555526159,69,32,0,2,3658.698672497822
71,Two year,82.08277458613512,1,1,Bank transfer,1,0,24,Female,No,1,1,1,0,5827.876995615593,6,0,46.42269424870217,57.92856416099944,23,0,0,2,3802.5382763554776
65,Two year,65.11952834134345,1,1,Bank transfer,1,0,56,Male,DSL,1,0,0,1,4232.769342187325,0,1,29.578732604703823,49.64767137575414,33,14,0,2,4076.824960662732
7,One year,76.87751687036692,0,0,Mailed check,1,0,62,Male,Fiber optic,0,1,1,1,538.1426180925685,1,0,46.1221535041051,76.53247438156521,13,3,0,2,1743.4434580558777
33,Two year,60.48375588719814,1,1,Credit card,1,0,61,Female,No,0,0,0,0,1995.9639442775388,4,1,20.12159999496226,70.76828150783285,90,1,0,2,3944.469974903879
9,Month-to-month,72.42667253648345,0,0,Electronic check,1,1,78,Female,Fiber optic,0,0,0,0,651.8400528283511,5,3,7.764560608017293,11.618464221221304,-35,76,1,0,2114.001645837628
5,Month-to-month,48.18627605678421,0,0,Mailed check,0,0,24,Male,Fiber optic,0,0,0,0,240.93138028392104,3,1,11.072973696461531,67.05366872777357,-13,49,1,1,1198.754723176585
15,One year,70.87719811215041,0,0,Mailed check,0,0,49,Female,Fiber optic,0,1,0,0,1063.1579716822562,1,0,51.82450243372294,70.86950909981196,58,33,0,2,2387.7459737051117
30,One year,80.76245893524684,0,0,Credit card,1,0,41,Male,Fiber optic,1,0,1,0,2422.8737680574054,1,1,31.360913367694007,73.22360177504372,17,40,0,2,2008.2363943821115
6,Month-to-month,72.99272451675608,0,0,Electronic check,1,0,22,Male,Fiber optic,0,0,0,0,437.9563471005365,1,1,221.27634066452035,63.44338594299059,17,23,0,2,1948.0918470814722
9,Month-to-month,41.8003965161856,0,1,Mailed check,0,0,51,Male,Fiber optic,0,0,1,0,376.20356864567043,2,0,2.8033498817764917,71.49360198780451,47,9,0,2,1984.2257069052941
17,One year,82.86353445943254,0,1,Credit card,0,0,62,Male,Fiber optic,1,0,1,0,1408.6800858103531,2,0,12.22892133917617,79.26052426840319,56,2,0,2,2037.3708231255905
11,Month-to-month,54.43024629389924,0,1,Mailed check,1,0,43,Female,No,0,1,0,1,598.7327092328916,3,0,12.993234669095473,74.85811772973128,28,4,0,2,1857.5109361517043
16,Two year,54.7462337883756,1,0,Mailed check,0,0,53,Female,DSL,0,0,0,1,875.9397406140096,2,2,15.962581178171465,68.64777035221685,26,2,0,2,1930.3511111420064
14,Two year,86.9928640772468,1,1,Mailed check,1,0,24,Male,Fiber optic,0,0,1,0,1217.900097081455,4,1,50.0972492205984,52.132501623689045,-12,34,0,2,1150.3727490925917
2,Month-to-month,41.34185511627476,1,0,Electronic check,0,0,25,Male,Fiber optic,0,0,1,0,82.68371023254952,2,1,112.37970150913145,79.10608219423787,77,13,0,2,1857.6435412497133
63,Two year,64.92890616688665,1,1,Credit card,1,0,45,Female,DSL,1,0,1,1,4090.521088513859,3,1,94.23900236418781,40.20270248532154,32,26,0,2,3804.3668536677114
47,Two year,84.12257224682065,1,1,Credit card,1,0,34,Female,Fiber optic,0,1,1,0,3953.7608956005706,1,0,1.8677251555118848,70.94083974739303,99,20,0,2,4103.484347447786
16,One year,79.50444646928531,0,0,Bank transfer,0,0,55,Female,Fiber optic,1,0,0,1,1272.071143508565,0,1,20.583148711722167,44.1433133028221,77,33,0,2,2230.1995209619995
40,Two year,87.91025104293718,1,1,Bank transfer,1,0,19,Female,DSL,0,1,0,0,3516.410041717487,0,0,106.88157876365212,74.52606627683453,23,6,0,2,3347.6884163141453
10,Month-to-month,44.407606788870154,1,1,Mailed check,1,0,39,Female,Fiber optic,1,0,0,0,444.0760678887016,1,1,35.519099278409776,41.56435395486397,14,16,1,2,1343.6654792825263
2,One year,43.91085935344111,0,1,Mailed check,0,1,75,Male,No,1,0,1,1,87.82171870688222,1,1,57.96739809410228,79.97912694799928,64,48,1,2,2051.2008434491913
5,Month-to-month,31.106722551474853,0,0,Electronic check,0,0,64,Female,Fiber optic,0,1,0,0,155.53361275737427,3,0,10.033637791917611,42.14464393624411,36,23,0,2,1464.8051280073125
7,Month-to-month,107.3075251913394,0,0,Electronic check,1,1,65,Male,Fiber optic,0,0,0,0,751.1526763393757,8,5,9.514555575092905,7.532128579178625,51,89,1,1,2971.3201912232944
9,Month-to-month,62.70115388293802,0,0,Mailed check,1,0,52,Female,Fiber optic,0,1,0,0,564.3103849464422,3,0,80.19392397310139,47.27554607033575,-3,25,0,2,514.6186163516121
17,One year,57.721446488572845,0,0,Bank transfer,1,1,73,Male,Fiber optic,0,1,0,0,981.2645903057384,1,1,202.84414489293323,68.91150814783443,100,2,0,2,2732.889070607475
9,Month-to-month,93.49449540207198,0,0,Electronic check,1,0,43,Female,DSL,0,0,1,1,841.4504586186478,5,0,7.033744568637048,29.608975453310975,-9,129,1,1,2452.6334757291897
7,Month-to-month,78.65226747570806,0,0,Electronic check,0,0,57,Female,No,0,0,1,1,550.5658723299564,1,0,73.19757591355068,49.917916049997174,21,2,0,2,1669.0890374035962
57,Two year,83.964823401613,1,1,Bank transfer,1,0,30,Female,Fiber optic,1,0,0,0,4785.994933891941,0,0,69.8604736168721,58.47394586982927,20,27,0,2,3703.5467951215855
55,Two year,75.80823705239881,1,1,Bank transfer,1,0,20,Male,DSL,0,1,0,1,4169.4530378819345,1,1,62.240923102497916,64.19584373362127,48,36,0,2,3676.0575135477998
53,Two year,99.81921962817029,1,1,Bank transfer,1,0,52,Male,DSL,0,1,1,1,5290.418640293025,3,0,27.019835357396165,42.38080833817237,70,19,0,2,4020.147291011905
11,One year,31.929578096906692,0,0,Electronic check,0,0,50,Male,Fiber optic,1,0,0,1,351.22535906597363,3,2,22.835578852034054,46.77982191020159,52,4,1,1,2421.1939086139582
2,One year,52.456170696512544,1,1,Electronic check,0,0,43,Female,Fiber optic,0,0,0,0,104.91234139302509,3,0,0.3928934413762911,60.11335314524362,-5,10,0,2,220.53833816087905
18,Two year,59.08882776399642,0,1,Mailed check,1,0,26,Female,DSL,0,0,1,0,1063.5988997519355,2,1,2.3354623827980676,56.20091573247296,79,29,0,2,2752.276600264435
45,Two year,64.19232259990288,1,1,Credit card,1,0,20,Female,Fiber optic,0,0,0,1,2888.65451699563,3,0,7.412620349311643,60.49233369365518,36,1,0,2,3492.881747896599
6,Month-to-month,50.64196988794532,0,0,Mailed check,1,1,66,Female,No,1,0,0,1,303.85181932767193,2,0,34.70464396072215,46.116000616363685,55,2,0,2,2075.1593869999924
60,Two year,94.04697043411083,1,1,Credit card,1,0,58,Male,DSL,1,1,1,0,5642.81822604665,1,0,83.41687051584782,79.51859745197439,37,31,0,2,3885.7493164819984
7,Month-to-month,46.22191143175331,0,0,Mailed check,0,0,42,Female,No,0,1,0,0,323.5533800222732,2,0,20.869664484473955,61.93454090133404,-1,8,0,2,1295.666685256262
3,Month-to-month,61.07322113283923,1,0,Electronic check,0,0,44,Female,Fiber optic,0,1,0,0,183.2196633985177,2,0,55.20042734084089,56.23188979218925,47,3,0,2,1883.687759483983
68,Two year,91.21599104589097,1,1,Credit card,1,0,20,Male,Fiber optic,1,1,0,0,6202.687391120586,5,1,74.1040877945619,73.33123441016367,33,3,0,2,4183.165700706472
60,Two year,76.64485712284369,1,1,Credit card,1,0,25,Male,DSL,1,1,1,0,4598.691427370622,2,0,27.55165561241633,71.17647857041771,14,3,0,2,3412.455486555218
16,Month-to-month,89.599055645348,0,0,Electronic check,1,0,29,Male,No,1,0,1,0,1433.584890325568,6,2,14.010310695426806,12.050314982575657,-13,15,1,1,2182.3413413578505
5,Month-to-month,71.96039765197295,1,0,Electronic check,0,0,36,Male,Fiber optic,1,0,1,0,359.80198825986474,3,0,93.31364854605313,51.91668244840088,56,4,1,2,1588.9413664429621
68,Two year,86.67466642203686,1,1,Credit card,1,0,37,Male,DSL,1,0,0,1,5893.877316698507,2,0,27.75900904164759,49.794654162843344,51,9,0,2,4202.422523190536
7,Month-to-month,48.889841195470574,0,1,Electronic check,0,0,27,Female,DSL,1,0,0,0,342.228888368294,2,1,10.604970374589904,52.24905552677019,43,23,1,2,1469.7032660408495
56,Two year,79.97335339914473,1,1,Bank transfer,1,0,23,Male,Fiber optic,1,1,1,1,4478.507790352105,1,1,4.7896312495221025,60.49548232045308,20,50,0,1,4137.924699246573
15,Two year,63.09382165596067,0,0,Mailed check,1,0,23,Male,DSL,1,0,0,0,946.40732483941,2,1,74.82534607910485,41.35398046469473,54,37,0,2,2015.540365649251
51,Two year,88.36054897148128,1,1,Bank transfer,1,0,47,Female,DSL,0,0,1,0,4506.387997545546,0,0,20.05450151342234,68.40580697552303,67,1,0,2,4251.626819084342
54,Two year,83.83002912755828,1,1,Bank transfer,1,0,37,Male,Fiber optic,1,0,0,0,4526.821572888147,3,2,3.949681796176365,63.639494493973615,57,18,1,1,4137.304280884689
59,Two year,60.80105423703298,1,1,Bank transfer,1,0,62,Female,DSL,0,0,1,1,3587.2621999849457,6,0,43.32862317374249,53.73001490283758,3,43,0,2,2948.663942381272
4,Month-to-month,52.03774717206589,1,0,Electronic check,0,0,38,Male,No,1,0,0,0,208.15098868826357,1,0,40.4058226890746,77.69189512949552,31,3,0,2,1673.353875785924
55,Two year,69.30582154250723,1,1,Bank transfer,1,0,46,Male,No,0,0,0,1,3811.8201848378976,4,0,20.060516838017655,64.09658439962031,43,6,0,2,3794.497684159639
16,Month-to-month,82.18585660837631,0,0,Electronic check,1,0,57,Female,Fiber optic,1,0,1,1,1314.973705734021,11,4,8.507132122420094,9.250519794772622,47,8,1,1,2785.024990668314
18,One year,53.52371402847547,1,0,Bank transfer,1,0,27,Male,Fiber optic,0,0,0,0,963.4268525125584,0,0,113.10292518249325,52.56926080585986,6,11,0,2,1089.5129309494744
3,Month-to-month,51.01676945977495,1,1,Electronic check,1,0,60,Female,No,1,1,1,0,153.05030837932486,2,0,82.7187317510732,47.339228233183334,19,7,0,2,732.9543902244526
8,Month-to-month,64.66047711094339,0,0,Mailed check,1,0,25,Female,DSL,0,0,0,1,517.2838168875471,3,0,14.527465539849675,40.58518366370595,93,13,0,2,2199.8228761672012
33,Two year,77.64708578309691,1,1,Credit card,0,0,59,Male,Fiber optic,1,0,1,1,2562.353830842198,3,0,55.516431813184795,40.714402790423286,46,10,0,2,2580.274193085706
12,Month-to-month,115.47385541839454,0,0,Electronic check,1,0,31,Male,DSL,0,0,0,0,1385.6862650207345,8,2,0.011993721327110497,26.20259915416199,84,131,1,1,3828.9427851069145
3,One year,59.03984149267379,1,0,Electronic check,0,0,27,Male,No,0,0,1,1,177.11952447802136,3,0,31.415179891511983,55.729948002814794,35,1,1,2,959.054102036057
34,One year,68.66454491208503,1,0,Bank transfer,0,0,43,Male,DSL,0,0,0,0,2334.5945270108914,1,1,2.0773494218197195,52.62372978736529,5,50,1,2,1985.611889286879
6,Month-to-month,36.451820444471245,1,1,Electronic check,0,0,40,Male,Fiber optic,0,0,0,0,218.71092266682746,5,0,66.60096109890158,62.04990403038812,23,6,1,2,1026.7646313498346
8,Month-to-month,36.40940364052309,1,0,Electronic check,1,1,66,Male,DSL,0,0,0,0,291.2752291241847,1,0,5.262208614770001,47.10235073342108,20,5,0,2,963.3956006033457
55,Two year,84.78938285732357,1,1,Credit card,1,1,66,Male,DSL,0,1,1,0,4663.416057152796,6,1,25.710092158256774,65.4850891601351,59,3,0,2,3621.589282286563
60,Two year,68.6436181274123,1,1,Bank transfer,1,0,24,Female,Fiber optic,0,1,0,0,4118.617087644738,1,0,16.034354380684366,78.99553278717838,41,18,0,2,3825.760234991944
3,One year,49.24793613187786,0,0,Electronic check,0,0,56,Male,Fiber optic,0,0,1,1,147.74380839563358,0,0,58.38620603432035,41.963596794560345,99,20,0,2,2054.5990691379466
6,Month-to-month,44.096477587578036,1,1,Electronic check,0,0,53,Female,Fiber optic,0,0,0,1,264.57886552546825,4,0,108.5924706843966,76.0348449481036,82,16,0,2,1683.016277772269
70,Two year,85.5194082317319,1,1,Bank transfer,1,0,22,Female,Fiber optic,0,0,1,1,5986.358576221233,6,1,18.363862219577946,58.53000797757852,54,20,1,2,4623.908430118915
30,Two year,84.6305091958731,1,1,Mailed check,1,0,64,Female,Fiber optic,1,0,1,0,2538.915275876193,2,0,33.845593616905404,65.78542124418895,90,17,0,2,4267.786446217805
37,Two year,87.03390985857345,1,1,Credit card,1,0,21,Female,DSL,1,1,0,0,3220.254664767218,1,0,61.35990663477314,75.60545141108189,44,59,0,2,2959.298754456018
63,Two year,99.53101084000525,1,1,Bank transfer,1,1,74,Female,DSL,0,1,0,1,6270.453682920331,4,0,224.88242731030587,79.0116186726528,-30,4,0,2,2785.3833245314904
26,One year,70.30153300368302,0,0,Bank transfer,0,0,38,Male,DSL,0,0,1,0,1827.8398580957585,2,0,101.33731358731097,79.92456660938387,49,28,0,2,2294.0022111026365
7,One year,38.93144383771497,0,0,Mailed check,1,0,55,Female,Fiber optic,1,0,1,1,272.5201068640048,3,0,48.756233303336046,69.87112571964033,59,8,1,2,1160.9895044262769
3,Month-to-month,55.394870800169045,1,1,Mailed check,0,0,61,Female,DSL,0,1,0,0,166.18461240050715,3,1,12.376898394886497,68.2253589188214,70,9,0,2,2258.807606606097
36,Two year,77.54153954149743,1,1,Credit card,1,0,27,Male,No,1,1,1,0,2791.4954234939073,2,1,54.68706926610361,75.54598459581774,78,0,0,2,3782.0538667605615
1,One year,34.23243767923145,0,0,Mailed check,1,0,40,Female,DSL,0,0,1,1,34.23243767923145,0,2,19.894796153055925,48.87812913917472,100,9,0,2,1624.9081205837465
31,One year,61.52580994446113,0,1,Credit card,0,0,29,Male,No,0,0,0,0,1907.300108278295,4,2,8.283126027841199,77.96636649940697,21,12,0,2,2275.8127516217746
67,Two year,60.536105057286626,1,1,Credit card,1,0,64,Male,Fiber optic,0,1,0,0,4055.919038838204,3,0,26.764337384108575,74.78290802341026,18,10,0,2,3636.956631363797
1,Month-to-month,77.54706759329171,0,0,Mailed check,1,0,63,Female,Fiber optic,0,0,1,0,77.54706759329171,3,1,25.64725299865,77.80542718894863,64,13,1,2,1563.9591132587857
25,Two year,81.68423117659833,0,0,Credit card,0,0,52,Male,Fiber optic,0,0,1,1,2042.1057794149583,1,1,359.65284063957546,76.09617860945836,1,5,0,2,1618.92693924757
10,Month-to-month,30.03947555466094,1,1,Electronic check,0,1,74,Male,DSL,0,1,0,1,300.3947555466094,3,1,103.55916736074875,62.684512774686766,42,13,0,2,1570.590698900882
6,One year,72.51588540787995,0,1,Mailed check,0,0,61,Male,Fiber optic,1,1,0,1,435.0953124472797,1,0,1.1118551451719585,71.85348807076979,84,4,0,2,2222.7079876305693
1,Month-to-month,52.166016038634936,0,0,Electronic check,0,0,45,Female,Fiber optic,1,0,0,0,52.166016038634936,3,0,41.24501774364369,54.80050374247277,4,14,0,2,1424.098273145802
5,One year,62.68282382028102,0,0,Electronic check,1,0,36,Female,Fiber optic,0,0,0,1,313.4141191014051,0,0,12.252299151814382,79.42295761790736,23,15,0,2,1481.9778484180451
10,Month-to-month,39.865698528802994,1,0,Electronic check,0,0,30,Male,Fiber optic,0,0,1,1,398.65698528802994,3,0,15.93977179909128,59.70533062956651,52,48,0,2,1643.715572227992
69,Two year,85.17195224042945,1,1,Credit card,1,0,34,Male,DSL,1,0,0,0,5876.864704589632,2,0,131.7746649367184,43.28644601264872,4,0,0,2,3492.9330231393587
10,One year,79.77418053666099,1,1,Electronic check,0,1,66,Female,Fiber optic,0,0,1,0,797.7418053666099,2,0,131.30353337567314,47.272568008374705,72,5,0,2,2849.6535330743454
14,Two year,56.045359993955756,1,1,Bank transfer,1,0,27,Male,Fiber optic,0,1,0,1,784.6350399153806,1,0,11.45005388078121,50.0897144781121,77,29,0,2,2391.320682014736
10,Month-to-month,33.979407368602125,0,0,Electronic check,0,0,62,Male,DSL,0,0,0,0,339.79407368602125,0,3,72.03615882976285,49.07182256974404,61,9,0,2,1604.9126787040716
6,Month-to-month,66.55514915017811,0,1,Electronic check,0,0,44,Female,DSL,0,0,1,1,399.33089490106863,0,0,41.82696843871256,69.54975493339002,54,39,0,2,1551.4318142494005
31,One year,66.6596164947628,0,0,Bank transfer,0,0,48,Male,DSL,1,0,0,0,2066.448111337647,3,0,47.003825347110094,47.76727242248073,48,17,0,2,2504.9004399421774
28,Two year,77.44944112463273,1,1,Credit card,0,0,61,Male,Fiber optic,1,0,0,1,2168.5843514897165,3,1,66.42880699563783,70.98252084585673,43,14,0,2,2862.4829284606335
26,Two year,79.79002772207619,1,1,Mailed check,1,0,37,Female,Fiber optic,0,0,1,0,2074.540720773981,2,0,31.854628587767106,63.319268683624045,54,11,1,2,2810.5229333753323
6,Month-to-month,83.6898995700956,0,0,Electronic check,1,0,28,Female,No,1,0,0,0,502.13939742057363,10,1,7.796492760833241,5.91062812791865,-3,154,1,1,2433.93868269877
17,Two year,79.2847920164252,1,0,Mailed check,1,0,29,Female,Fiber optic,0,1,0,0,1347.8414642792284,4,0,269.30800559534117,77.59283088251541,95,16,0,2,2839.9623306519106
29,One year,59.64892500437587,0,0,Bank transfer,0,0,34,Female,DSL,0,0,0,0,1729.8188251269003,0,0,27.391890764231686,53.779776528685,76,5,0,2,3751.204685522125
12,Month-to-month,114.0174097925995,0,0,Electronic check,1,0,26,Female,Fiber optic,1,0,1,0,1368.208917511194,13,2,35.09611233526388,28.185101086728384,-51,32,1,1,1883.6240917158607
30,One year,67.73029365437338,0,1,Credit card,0,0,45,Female,Fiber optic,1,1,0,0,2031.9088096312016,6,0,84.04028496577905,53.28306864091449,53,17,1,2,3378.0951256251465
17,Month-to-month,82.85409109256841,0,0,Electronic check,1,0,58,Male,Fiber optic,0,1,0,0,1408.519548573663,9,2,17.562540444874976,5.343126314305964,-56,27,1,1,1072.2591431986932
27,One year,58.616876144291254,1,0,Bank transfer,0,0,18,Male,Fiber optic,1,0,1,0,1582.655655895864,3,1,325.00796588224347,78.35857624480856,46,25,0,2,1934.401078618657
67,Two year,65.32580016712387,1,1,Bank transfer,1,0,37,Female,No,0,0,0,0,4376.828611197299,3,0,191.23740388831243,47.942549865217046,43,64,0,2,3940.1782940738913
25,Two year,52.86991856902855,0,1,Credit card,1,0,24,Female,No,1,0,0,0,1321.7479642257138,3,1,9.1324159920379,68.66914249964034,-17,0,0,1,2363.2764631860387
10,Month-to-month,54.03240141562045,0,0,Electronic check,1,0,52,Female,No,0,0,0,0,540.3240141562045,4,1,30.549250489701272,49.16185165269509,66,9,0,2,1788.849586954705
41,Two year,73.28397461572546,1,1,Credit card,1,0,36,Male,Fiber optic,0,1,1,1,3004.6429592447435,0,1,73.91348836646651,57.55048795879842,44,3,0,2,2913.513315962431
6,Month-to-month,57.11932800952194,0,0,Electronic check,0,0,48,Male,Fiber optic,0,1,0,0,342.7159680571316,1,2,17.56009664670294,62.64396015948107,82,6,1,2,2113.6592155653466
6,Month-to-month,81.29891923275918,0,0,Electronic check,1,0,30,Male,Fiber optic,1,1,1,1,487.79351539655505,11,3,6.583417831383232,14.62946627373293,45,23,0,1,2919.0582667466124
65,Two year,61.2219782837352,1,1,Credit card,1,0,54,Male,Fiber optic,0,0,0,0,3979.4285884427877,2,0,103.3034138175834,60.99553113866526,52,14,0,2,4162.281827514938
8,Month-to-month,100.78948994900622,0,0,Electronic check,1,0,23,Female,No,1,0,1,1,806.3159195920498,5,3,28.180436400355244,22.69546544965911,-3,309,1,0,2717.8770319280065
47,Two year,91.37683432013671,1,1,Credit card,1,0,19,Female,Fiber optic,0,0,0,0,4294.711213046426,4,1,15.121576126127373,52.25525217315138,20,19,1,2,2999.555918482534
16,Month-to-month,77.95837672399072,0,0,Electronic check,1,0,20,Male,Fiber optic,0,1,1,0,1247.3340275838516,4,6,38.031671926625144,20.197946748850978,-27,2,1,1,1676.5402946398872
9,One year,73.96021687926913,0,1,Mailed check,0,0,35,Female,Fiber optic,0,1,0,1,665.6419519134222,2,0,128.4536508410265,56.0286335506037,49,2,0,2,1951.9663364306148
40,Two year,98.53387331281596,1,1,Credit card,1,0,40,Female,Fiber optic,0,1,0,1,3941.3549325126382,1,1,9.685728184678354,74.77340953840758,-16,14,0,1,3935.980983933955
33,Two year,73.36076719471384,0,1,Mailed check,1,1,65,Female,DSL,0,0,0,0,2420.905317425557,2,0,122.30880271535148,79.00509066328883,44,38,0,2,2852.414410262956
9,Month-to-month,100.98320758098544,0,0,Electronic check,1,0,24,Male,Fiber optic,0,1,0,1,908.8488682288689,9,3,14.707290959475614,11.479347438846558,9,49,1,1,2982.8385026070646
68,Two year,91.32066549266932,1,1,Credit card,1,0,28,Female,Fiber optic,1,0,1,1,6209.805253501514,4,1,23.660399151919766,69.46601047352779,-16,9,0,2,3041.325053095738
8,Month-to-month,98.45232874468371,0,0,Electronic check,1,1,77,Female,Fiber optic,0,1,1,0,787.6186299574697,8,3,3.1657841542627985,28.201058297577976,-47,122,1,0,2695.1986738492683
6,Month-to-month,106.01621386632007,0,0,Electronic check,1,0,51,Female,No,0,1,0,1,636.0972831979204,6,3,3.2773217996332153,9.347703688192272,-15,51,1,0,3396.1242230474318
8,Month-to-month,119.26723593436553,0,0,Electronic check,1,0,30,Male,DSL,0,1,0,1,954.1378874749242,9,1,0.9558353095489379,16.401321635971712,-41,38,1,1,1931.5890438197246
22,Month-to-month,95.71357477212756,0,0,Electronic check,1,0,61,Female,DSL,1,0,1,0,2105.6986449868064,7,4,1.4286204590116767,14.284820601226503,-55,350,1,0,2591.5216261180462
29,Two year,68.94034350964259,1,1,Mailed check,1,0,39,Female,Fiber optic,0,0,0,0,1999.269961779635,3,0,92.75306130291315,68.21898918420742,-33,26,1,2,1611.2594119176276
19,Month-to-month,96.74090824715721,0,0,Electronic check,1,0,23,Female,Fiber optic,0,0,1,0,1838.077256695987,10,3,1.775351708042672,21.44309861517436,38,6,1,1,3106.5842970591607
16,Two year,62.94189433186603,1,0,Mailed check,0,0,48,Female,DSL,0,0,1,0,1007.0703093098565,2,2,0.05673287969216992,43.3751809712937,15,11,0,1,2836.1548162321055
15,Month-to-month,102.57001793504584,0,0,Electronic check,1,0,25,Female,DSL,0,0,0,1,1538.5502690256876,6,3,30.34470524310093,6.774107525037808,-36,7,1,1,2266.095237851049
10,Month-to-month,51.54915314236292,1,0,Mailed check,1,0,23,Female,Fiber optic,0,0,1,0,515.4915314236292,0,2,18.25858595675693,43.90219354895166,50,7,1,2,2033.9718741228066
19,One year,87.53687408395079,0,0,Credit card,0,0,23,Male,Fiber optic,0,0,1,0,1663.200607595065,4,1,4.155545380678428,60.5619591574233,-20,47,1,1,2481.2515268716384
64,Two year,98.43122205947907,1,1,Bank transfer,1,0,55,Female,Fiber optic,1,0,0,1,6299.59821180666,1,0,109.17564913510246,59.518606277042196,15,21,0,2,3519.5304589898174
2,Month-to-month,62.745356157392955,1,0,Electronic check,1,0,52,Female,Fiber optic,0,1,1,1,125.49071231478591,2,2,43.51104425172794,72.28074866363349,29,1,0,2,628.7527248553425
30,One year,65.10516320560578,0,0,Mailed check,0,0,30,Female,No,0,1,0,0,1953.1548961681733,4,1,129.7052558545363,72.65109734555386,14,16,0,2,2165.6265151575476
34,One year,67.76258949577007,1,1,Mailed check,0,0,45,Male,Fiber optic,1,1,0,1,2303.9280428561824,2,0,32.09182494025618,76.35466362559421,67,24,0,2,2891.861017176106
57,Two year,70.69010519174381,1,1,Bank transfer,1,0,29,Female,Fiber optic,0,0,1,0,4029.335995929397,4,1,9.106963982583604,65.39102534145115,64,14,0,2,3983.327150219873
27,One year,58.80987761725487,1,1,Bank transfer,0,0,35,Male,Fiber optic,0,0,0,1,1587.8666956658815,2,0,21.99992004705096,76.88102621745219,62,20,0,2,3307.86485478955
19,Two year,50.608661187639086,0,1,Credit card,0,0,49,Female,DSL,1,0,0,0,961.5645625651426,2,0,60.7506048114892,42.57213497780657,17,3,0,2,1770.2438873791693
7,Month-to-month,116.68082596151837,0,0,Electronic check,1,0,26,Female,Fiber optic,1,0,0,0,816.7657817306285,10,2,23.07683383641735,7.442145305380885,-64,49,1,1,1463.8478397854758
9,One year,49.576854980081464,0,0,Mailed check,1,0,57,Female,No,1,0,0,1,446.1916948207332,2,0,49.08501187826051,64.31464895832357,-4,3,0,2,705.8631707976742
10,One year,56.4904528535027,0,0,Electronic check,1,0,28,Male,DSL,0,0,1,0,564.904528535027,1,0,179.8341020266263,58.68288782302048,39,21,0,2,2016.888255450885
45,Two year,81.0201848787456,1,1,Credit card,1,0,19,Female,DSL,0,1,1,0,3645.908319543552,0,1,81.954778763123,47.154544112154376,-9,14,0,2,2747.323579860912
12,One year,72.94423144495212,1,0,Mailed check,1,0,22,Male,Fiber optic,0,0,0,1,875.3307773394255,3,0,23.770955149453926,46.01590338748992,56,27,0,2,2317.7467349905487
63,Two year,93.66893446978705,1,1,Bank transfer,1,0,35,Female,Fiber optic,1,1,0,0,5901.142871596584,0,0,89.81700928202001,57.25905164226554,28,25,0,2,3659.736528514988
6,Month-to-month,99.30552679490675,0,0,Electronic check,1,0,42,Female,DSL,0,0,1,1,595.8331607694405,9,2,15.329860465288235,6.7381448776349115,-72,35,1,1,1308.5644696679426
6,One year,37.52477490362928,0,1,Electronic check,0,0,61,Female,DSL,0,1,0,0,225.14864942177567,2,0,95.51575276390903,60.93364769500664,18,22,1,2,843.1201403062939
43,Two year,77.42021817592638,1,1,Credit card,1,0,22,Male,DSL,0,0,0,1,3329.069381564834,5,0,252.73450473802387,77.32273906658654,18,46,0,2,3019.775113210752
1,Month-to-month,65.19683335172577,0,1,Mailed check,0,0,38,Male,DSL,0,0,0,0,65.19683335172577,0,1,51.15103548949561,75.37869373553545,93,11,0,2,2124.557984194537
3,Month-to-month,55.51963606743533,0,0,Electronic check,1,0,44,Female,Fiber optic,0,0,0,0,166.558908202306,0,0,41.218682624854516,50.36943664018984,72,26,0,2,1519.6583225802478
3,One year,72.12320534177876,1,0,Electronic check,1,0,62,Female,Fiber optic,0,0,0,1,216.36961602533626,2,0,11.195790901226175,55.68167124972326,65,11,1,2,1728.8043811192292
32,One year,63.58705354182675,0,1,Bank transfer,0,0,27,Male,DSL,1,0,0,1,2034.785713338456,2,1,13.62584838086034,48.85591800365828,55,8,0,2,3448.2556635235733
60,Two year,67.65041671658346,1,1,Bank transfer,1,0,33,Male,Fiber optic,1,0,0,0,4059.025002995008,1,1,40.819287301199815,40.41210227545254,31,29,0,2,3666.4490680735566
9,One year,31.560678016937377,1,0,Mailed check,1,0,48,Male,Fiber optic,1,0,0,0,284.0461021524364,4,0,15.21083158949766,43.03610989732234,36,8,0,2,1717.7783538653493
25,One year,74.81371445268863,1,1,Credit card,1,0,18,Female,Fiber optic,1,0,1,0,1870.3428613172157,5,1,53.667237701311244,73.70639805462318,72,21,0,2,2518.231508865505
4,Month-to-month,47.548781196304574,1,0,Electronic check,0,0,40,Male,No,1,0,0,1,190.1951247852183,3,0,64.58825493294283,69.89500198837499,82,2,0,2,1545.5509041712382
33,One year,89.93007160745023,1,0,Credit card,1,0,44,Male,DSL,0,1,0,0,2967.6923630458577,1,0,25.159539843004527,47.383116709752144,67,21,0,2,3571.612908243683
51,Two year,67.11065551404992,1,1,Credit card,1,0,59,Female,Fiber optic,0,1,0,0,3422.643431216546,2,0,293.7093559076168,70.33051757919304,8,8,0,2,2425.8994646836086
8,Month-to-month,70.42430060417215,0,0,Electronic check,1,1,66,Male,Fiber optic,0,1,1,0,563.3944048333772,4,2,7.1705410197672625,22.73385724721891,-63,1,1,1,556.8480210989646
18,Two year,74.04388245490037,0,0,Mailed check,0,0,37,Male,Fiber optic,1,0,1,0,1332.7898841882065,1,1,40.68160867834098,69.28358135760622,-43,8,0,2,1069.7122097416918
14,One year,82.91801280088865,1,1,Credit card,1,0,21,Female,DSL,0,0,0,1,1160.8521792124411,4,0,16.493895635228995,60.78518750578282,60,28,0,2,2580.8801775953925
18,Month-to-month,115.88978130553399,0,0,Electronic check,1,1,65,Female,Fiber optic,0,1,0,1,2086.016063499612,6,4,18.965427042078232,12.738420119423626,-19,11,1,1,2728.991878270051
4,Month-to-month,73.5098345246121,1,0,Electronic check,1,0,57,Female,DSL,0,0,1,1,294.0393380984484,0,2,25.50404581764789,73.71257608886523,34,3,0,1,2363.671813006377
3,Month-to-month,41.96055440171094,0,0,Electronic check,0,0,54,Male,DSL,0,1,0,1,125.88166320513281,4,1,111.77046653809377,46.681913129916325,27,17,0,2,953.4308154782898
8,Month-to-month,70.17708884132139,0,0,Mailed check,0,0,42,Male,No,1,0,0,1,561.4167107305711,2,0,7.63166142361716,69.54021738690211,26,12,0,2,1641.468306582298
5,Month-to-month,61.90463628982262,1,0,Mailed check,1,0,43,Male,Fiber optic,0,0,1,1,309.5231814491131,3,0,49.72369363285809,50.075270115399846,12,2,0,2,1600.4543217034534
1,Month-to-month,51.77945790063545,0,0,Electronic check,0,0,61,Female,DSL,0,0,0,1,51.77945790063545,2,1,7.541770091446785,66.43443158751941,20,43,0,1,1446.2341844202142
62,Two year,65.09815837691475,1,1,Bank transfer,1,1,71,Male,Fiber optic,0,0,0,0,4036.0858193687145,1,0,198.43661702400317,64.67185836416337,81,0,0,2,4384.473661973243
14,Month-to-month,70.48331333450912,0,0,Electronic check,1,0,27,Male,No,0,0,0,0,986.7663866831276,8,2,31.541153304885164,25.36980251409267,32,11,1,2,2492.1929014359375
23,Month-to-month,79.7887555706568,0,0,Electronic check,1,0,54,Female,Fiber optic,0,0,1,0,1835.1413781251065,8,2,15.483749210150663,10.842151428432116,-31,58,1,1,1822.7670017162673
41,Two year,84.59912961364529,1,1,Credit card,1,1,66,Female,DSL,0,1,1,0,3468.564314159457,1,0,91.1918457090548,51.38094774602341,23,28,0,2,3247.9101957042144
53,Two year,83.65627037689953,1,1,Credit card,1,0,23,Male,Fiber optic,0,1,0,0,4433.782329975675,1,0,48.87987707615652,48.745253896298905,52,0,0,2,3269.9957974925046
58,Two year,64.03764799910086,1,1,Bank transfer,1,0,51,Male,DSL,0,1,1,1,3714.1835839478495,1,0,189.25084548541153,49.91565550463897,29,13,0,2,3542.6280954415097
23,One year,54.3145735377697,1,0,Bank transfer,0,0,58,Female,No,0,0,1,1,1249.235191368703,2,0,125.63145200580054,41.707513424786164,66,16,0,2,2079.3504570775717
24,Two year,81.61969424993322,1,0,Mailed check,0,0,31,Male,DSL,0,1,1,0,1958.8726619983972,3,0,14.784874251869821,48.55933257851731,-1,6,0,2,2416.2495327862252
39,Two year,95.3483867864301,1,1,Credit card,1,0,50,Female,Fiber optic,0,0,1,0,3718.587084670774,3,0,54.68690617836782,44.94870278000381,31,19,0,2,3401.760140917788
8,Month-to-month,70.05857516476624,0,0,Electronic check,0,0,25,Female,DSL,1,0,1,1,560.4686013181299,1,0,33.59313987221775,66.31928356795893,35,32,0,2,1983.6131014669513
70,Two year,99.22067288004425,1,1,Bank transfer,1,0,31,Male,Fiber optic,1,0,0,1,6945.4471016030975,3,1,39.54329569095159,57.898081197941636,80,37,0,2,5009.566096150727
60,Two year,96.90492232351158,1,1,Bank transfer,1,0,51,Male,Fiber optic,1,1,0,0,5814.295339410695,0,0,18.13705994883246,42.72990383203615,46,1,0,2,4041.104578108903
22,Two year,82.03547081916719,0,0,Mailed check,1,0,45,Female,DSL,1,0,0,0,1804.7803580216782,2,0,61.51216423759128,60.25163047189193,82,20,0,2,3141.205771994724
16,One year,55.05963837281017,0,1,Credit card,0,0,40,Female,DSL,1,0,1,0,880.9542139649627,1,0,86.32680055183154,46.46088826761869,19,0,0,2,1868.095048807174
13,Month-to-month,94.55692678479134,0,0,Electronic check,1,0,57,Male,DSL,1,1,1,0,1229.2400482022874,10,5,27.277196900722274,25.870604593420733,-8,72,1,1,2672.1628458386517
39,Two year,77.64288633003135,1,1,Bank transfer,1,0,44,Female,No,0,0,1,0,3028.0725668712225,1,0,32.12419707778857,61.75657906505739,48,2,0,2,2631.1016054358506
66,Two year,60.52118271028335,1,1,Bank transfer,1,0,33,Female,DSL,0,0,1,1,3994.398058878701,2,0,149.38530543849308,77.18429196469687,47,22,0,2,4323.696964793968
13,One year,89.97197903853993,0,1,Mailed check,1,0,30,Female,Fiber optic,1,0,0,1,1169.6357275010191,2,0,17.68536042887022,77.96021617760923,39,6,0,2,2141.6660357743995
4,Month-to-month,36.34680288370882,1,1,Electronic check,0,0,24,Female,Fiber optic,1,0,1,1,145.38721153483527,3,1,14.20562051648786,58.996896518392525,46,9,1,2,598.364993880569
14,Month-to-month,88.80825552155389,0,0,Electronic check,1,0,47,Female,Fiber optic,0,0,1,1,1243.3155773017545,7,2,11.552513747616036,20.850729366368583,-72,31,1,1,1545.8021543988712
71,Two year,98.91105291568343,1,1,Credit card,1,0,43,Female,DSL,0,0,0,1,7022.684757013523,2,1,43.94372133572841,64.15636147663977,-22,0,0,2,3247.5975625748524
37,Two year,74.26683896567059,1,1,Bank transfer,1,0,51,Female,Fiber optic,0,0,1,0,2747.8730417298116,4,0,14.335425326790322,60.81203004331802,63,4,0,2,3128.411558260726
6,One year,38.7393357522579,0,0,Mailed check,1,1,70,Female,No,0,0,0,1,232.4360145135474,1,1,32.0009732854977,47.65549692714104,41,4,0,2,1110.3828429538805
59,Two year,65.02966047226596,1,1,Bank transfer,1,1,75,Male,Fiber optic,1,0,0,1,3836.7499678636914,3,0,9.150328735164912,41.3467672477947,37,30,0,2,3531.406636651072
21,One year,56.953839912926114,0,1,Mailed check,0,0,32,Male,DSL,0,0,1,0,1196.0306381714483,1,1,22.869557400282478,70.11707336394076,39,11,0,2,1677.4350826642767
14,Month-to-month,105.29533346633292,0,0,Electronic check,1,0,64,Male,DSL,1,0,1,1,1474.1346685286608,2,2,18.40428340472416,23.363121395114277,-70,0,1,1,1308.0494851684434
10,Month-to-month,39.73969013219634,0,0,Electronic check,0,0,18,Female,No,0,1,0,0,397.39690132196336,0,0,7.5063166943768955,55.17779725010206,34,19,0,2,902.1884722537254
8,One year,52.36662133330939,1,0,Electronic check,1,0,18,Female,No,0,0,0,0,418.9329706664751,1,1,54.43280923908137,46.15854780606773,25,14,0,2,1107.7076944173562
38,Two year,96.0553238656774,1,1,Credit card,1,0,23,Male,DSL,0,0,0,1,3650.102306895741,2,0,16.5694892296698,75.93068897664145,5,2,0,2,1946.2403318215788
18,Month-to-month,108.5364307653283,0,0,Electronic check,1,0,46,Female,Fiber optic,1,1,0,1,1953.6557537759095,8,5,7.741033809656324,18.32479921421225,0,213,1,0,3556.583522440828
3,One year,30.117373693372656,1,1,Electronic check,0,0,64,Male,DSL,0,1,0,1,90.35212108011797,1,0,13.338540855002865,71.31077345562323,-23,7,0,1,886.3430507638001
41,Two year,60.71782714273967,1,1,Bank transfer,1,0,64,Female,Fiber optic,0,0,0,1,2489.4309128523264,1,0,65.8846352203255,79.19381731050305,100,2,0,2,4131.092858479718
12,Two year,56.60951560841604,1,0,Mailed check,0,0,45,Male,Fiber optic,0,0,0,0,679.3141873009924,2,0,13.901194250905748,49.69895945529555,95,4,0,2,2608.2783839409053
6,One year,45.27067492713757,1,0,Electronic check,1,1,75,Female,Fiber optic,1,0,0,1,271.6240495628254,1,0,30.893718979169503,66.55474069818862,57,17,0,2,1818.0515174537873
10,One year,65.45903518972023,1,0,Electronic check,1,0,22,Female,Fiber optic,0,1,0,1,654.5903518972023,0,0,22.27939141899875,69.27726542779273,67,4,0,2,2538.566972789336
4,Month-to-month,56.390605414781035,1,0,Electronic check,1,0,61,Male,Fiber optic,1,0,1,0,225.56242165912414,1,0,90.72583058733521,52.92445114022827,98,7,0,2,2288.93562633127
5,Month-to-month,51.97326871792211,0,0,Mailed check,0,1,66,Female,Fiber optic,0,0,1,1,259.86634358961055,2,0,45.064929580708245,58.20465195565177,26,4,0,2,1431.7934378673403
13,One year,80.9212759482287,1,1,Mailed check,0,1,72,Male,Fiber optic,1,1,0,0,1051.976587326973,1,2,7.0965937127121625,73.51475316660124,-17,37,0,1,1822.3063903603695
35,One year,52.546533329640305,1,0,Mailed check,1,0,34,Male,DSL,0,0,1,1,1839.1286665374107,2,0,36.691375819608666,69.42085666077577,21,2,0,2,2777.2752338598066
20,Month-to-month,107.95454806980135,0,0,Electronic check,1,0,40,Female,DSL,1,0,1,0,2159.090961396027,9,3,1.1405972657590582,10.544141927803317,-27,92,1,1,2142.900293713843
52,Two year,81.79310630180747,1,1,Credit card,1,1,67,Female,Fiber optic,0,0,0,1,4253.241527693988,2,1,79.37583755304904,66.36817982103337,-12,14,0,2,2296.4315545289355
18,Month-to-month,93.16644507731365,0,0,Electronic check,1,1,74,Female,Fiber optic,1,0,0,0,1676.9960113916459,11,2,56.36088753797946,7.605269508906333,-15,63,1,1,1995.495980651644
17,One year,89.88940286350348,1,1,Credit card,0,0,23,Male,No,0,0,0,0,1528.119848679559,1,0,59.57984395617469,72.66862805326429,13,16,0,2,1767.5005800592896
26,One year,85.73371811216765,1,1,Credit card,0,0,32,Male,DSL,0,0,0,0,2229.076670916359,3,0,53.54348377228036,67.15773195676695,72,9,0,2,3317.5833478563436
14,One year,62.77201281307029,0,1,Credit card,0,0,31,Male,Fiber optic,0,0,1,0,878.808179382984,0,0,15.175380630495116,51.499457644398966,55,8,0,2,2550.93977521314
57,Two year,95.93046509170824,1,1,Bank transfer,1,0,41,Male,Fiber optic,0,0,1,1,5468.03651022737,1,1,129.5650100625966,77.95661373746606,71,9,0,2,4603.660249092226
39,Two year,91.7357605722139,1,1,Bank transfer,1,1,73,Male,No,1,0,1,1,3577.694662316342,4,0,6.375298044612144,62.61188198137582,30,19,0,2,2181.7121796625606
21,Two year,51.05177762673547,1,0,Credit card,1,0,40,Male,No,0,0,1,1,1072.087330161445,2,1,18.073513642906097,73.83404315155344,73,17,0,2,2001.5607041297967
2,One year,43.26425445430262,0,0,Electronic check,1,0,38,Female,No,1,0,1,0,86.52850890860525,4,0,110.23527185343116,65.90317337445855,14,3,0,2,486.8008520188682
23,One year,67.03268586046806,1,1,Bank transfer,1,0,52,Male,Fiber optic,0,0,0,0,1541.7517747907655,1,0,174.84548018506607,64.64415412420982,69,10,0,2,3453.2158794310476
41,Two year,67.1349033722932,1,1,Credit card,1,0,44,Female,Fiber optic,0,0,0,0,2752.531038264021,1,0,17.60646008686533,70.45376421719509,98,32,0,2,3926.59485401353
2,One year,67.53951155898939,1,0,Electronic check,0,0,22,Male,DSL,0,0,0,0,135.07902311797878,3,0,24.242638376157473,64.178020809887,-19,5,1,2,898.1008339128175
43,Two year,68.9880470789072,1,1,Bank transfer,1,0,27,Female,No,0,0,0,1,2966.4860243930098,0,1,82.90436546293049,58.602969387781116,-1,47,0,2,2322.320484298517
57,Two year,97.14641148059532,1,1,Credit card,1,0,63,Male,Fiber optic,0,0,1,0,5537.345454393933,2,1,36.03088887413656,43.4020784678285,21,24,0,2,3527.5691888008337
20,Month-to-month,75.79024446737039,0,0,Electronic check,1,0,62,Female,DSL,0,0,1,0,1515.8048893474077,6,3,7.636186562214716,21.29273967943796,-43,12,1,1,1800.5813692666286
23,One year,78.36547966237703,0,1,Mailed check,1,0,56,Female,Fiber optic,1,0,1,0,1802.4060322346716,4,0,35.465567656732034,40.490233626343866,78,5,0,2,2887.943801353727
11,Month-to-month,116.96092474388425,0,0,Electronic check,1,0,51,Female,Fiber optic,0,1,1,1,1286.5701721827268,7,2,4.575066083511991,11.401501118061162,-18,83,1,1,2147.413698682626
22,One year,63.12316871588666,1,0,Credit card,0,1,65,Female,DSL,1,0,1,1,1388.7097117495066,1,1,157.1229796323789,67.69234717312231,27,11,0,2,1591.9410162278316
11,Month-to-month,36.0079629367811,0,0,Mailed check,1,0,51,Female,Fiber optic,1,1,0,0,396.0875923045921,4,2,24.66811923841643,72.58469488944641,53,37,0,1,2261.5134409779216
63,Two year,90.60763458223138,1,1,Credit card,1,1,72,Female,No,0,0,0,0,5708.280978680577,4,0,44.39935689516794,43.36209937004398,-12,14,0,2,3069.296692936896
51,Two year,67.8861650629151,1,1,Credit card,1,0,35,Female,Fiber optic,0,1,0,1,3462.19441820867,3,0,0.7609159329347587,76.8657154422232,21,19,0,1,3544.479081402423
20,Month-to-month,83.46729395305522,0,0,Electronic check,1,1,69,Female,No,0,0,0,1,1669.3458790611044,13,5,0.7080385342933643,6.314250755215241,-11,137,1,0,3388.165289096075
32,One year,50.705393162093856,0,0,Mailed check,0,0,45,Male,Fiber optic,0,0,0,0,1622.5725811870034,3,1,112.40095510294302,69.89803881528587,41,16,0,2,3201.0598988349307
19,One year,60.771380792348374,0,1,Mailed check,1,0,60,Female,Fiber optic,1,0,0,0,1154.6562350546192,0,0,93.05961823244519,70.08526069595425,33,1,0,2,1929.7064168577335
10,Month-to-month,69.67687011144154,0,1,Mailed check,1,0,31,Male,DSL,0,0,1,1,696.7687011144154,5,0,16.37793904335605,47.123543687561956,17,15,1,2,685.0451461037959
7,Month-to-month,65.27483259673119,0,1,Electronic check,1,0,51,Female,Fiber optic,0,0,0,0,456.9238281771183,1,2,15.101198733563518,50.44795192294579,53,10,0,2,1281.3139260882058
6,Month-to-month,52.7830410776546,0,1,Electronic check,1,1,65,Female,Fiber optic,0,0,0,0,316.6982464659276,1,2,198.03823788618402,60.45155574527604,-2,83,0,2,194.37079384939727
30,One year,51.28961479986218,0,1,Bank transfer,1,0,50,Female,Fiber optic,1,0,1,0,1538.6884439958653,1,0,285.1509785926203,79.5776795721044,40,2,0,2,2036.75251402704
9,Month-to-month,54.9809205999381,0,0,Mailed check,0,0,58,Male,No,0,0,0,0,494.8282853994429,4,0,5.229443516916753,59.56599689495945,35,1,1,2,1565.863092247212
38,Two year,74.93850384576695,1,1,Credit card,1,0,43,Male,Fiber optic,1,0,0,0,2847.663146139144,5,1,0.7921182718101578,72.72365573577844,92,61,0,2,3725.9767495112033
7,Month-to-month,55.85604440566652,1,0,Electronic check,1,0,32,Female,DSL,1,0,1,0,390.99231083966566,1,0,13.454846977025241,49.497327085924184,43,11,0,2,1274.607618141853
50,Two year,84.07421534648034,1,1,Credit card,1,0,18,Female,DSL,0,1,0,1,4203.710767324017,3,1,8.869038461222834,66.37082090851153,67,10,0,2,3593.6431888515513
67,Two year,71.0287941238221,1,1,Credit card,1,0,18,Male,Fiber optic,0,0,1,0,4758.92920629608,4,1,41.5480291547366,76.78149129136446,100,12,1,2,4462.7813104270235
25,One year,63.038061758177406,1,1,Bank transfer,0,0,35,Male,DSL,0,0,1,0,1575.9515439544352,1,0,5.2464120276956265,61.37749658482793,36,26,0,2,2556.647006980794
21,Month-to-month,115.93618746669152,0,0,Electronic check,1,0,52,Female,Fiber optic,0,0,0,0,2434.659936800522,9,4,10.99178528036929,7.679894570057178,-71,5,1,0,2637.9529590377206
22,Two year,81.11569903332617,1,0,Credit card,0,1,76,Male,No,0,1,0,1,1784.5453787331758,4,1,98.57183016729547,53.53667471067449,75,24,0,2,2982.2784334302564
46,Two year,95.8685715936049,1,1,Bank transfer,1,0,32,Male,Fiber optic,0,0,0,1,4409.954293305826,2,0,110.96650386103882,45.10571168196259,-4,10,0,2,2534.407203081136
5,Month-to-month,65.3321260874467,0,0,Electronic check,1,0,30,Female,Fiber optic,1,1,1,0,326.66063043723346,3,0,0.19485026549172435,71.12802689884322,53,1,0,2,2452.793123772621
52,Two year,97.21275539351295,1,1,Credit card,1,0,54,Female,Fiber optic,0,0,1,1,5055.063280462673,1,0,66.28371819412745,47.794158350525535,31,12,0,2,3653.1758569245235
54,Two year,65.65112197102023,1,1,Credit card,1,0,21,Male,No,0,0,0,0,3545.1605864350927,1,1,53.22270902837968,64.49405374530781,89,29,0,2,3856.080362281623
12,Month-to-month,73.83018081568551,0,0,Electronic check,1,0,50,Male,Fiber optic,0,1,0,1,885.9621697882261,8,3,10.99351641213212,26.023343223736894,-29,69,1,0,2290.377272400999
44,Two year,68.55828154752948,1,1,Credit card,1,0,30,Male,DSL,1,0,0,1,3016.5643880912967,2,0,76.01789297627766,68.10501142628789,27,9,0,2,2765.6331777688224
60,Two year,79.17417760551407,1,1,Credit card,1,0,30,Male,Fiber optic,0,0,0,1,4750.450656330844,1,1,14.303693014331683,54.10129403458987,95,13,0,2,4249.957011834693
11,Month-to-month,91.90611735404316,0,0,Electronic check,1,1,75,Female,Fiber optic,0,0,1,0,1010.9672908944748,4,3,13.771176090207906,10.015022389407036,-55,50,1,1,1896.196038786512
26,One year,53.9324584094895,1,0,Credit card,1,0,40,Male,Fiber optic,0,0,1,0,1402.243918646727,0,0,40.463956630005534,44.08590287909474,-34,5,0,2,1252.7783939954722
37,Two year,99.79431892237287,1,1,Bank transfer,1,0,35,Male,DSL,0,0,0,1,3692.389800127796,3,1,44.813495101297995,64.62877050315105,100,0,0,2,4094.1739618423067
40,Two year,70.21653938740877,1,1,Bank transfer,1,1,73,Female,No,0,0,0,0,2808.661575496351,2,2,92.31594439413904,45.47376795668975,12,6,0,2,2608.3113662356927
57,Two year,90.33700071476444,1,1,Bank transfer,1,0,37,Female,Fiber optic,0,0,1,1,5149.2090407415735,0,1,25.45578267624307,48.732664929322645,100,0,0,2,4165.926623273044
21,Two year,86.9581963929972,0,1,Bank transfer,0,0,22,Female,DSL,1,0,0,1,1826.1221242529411,4,0,24.0059692813248,46.72993401893563,49,2,0,2,2618.43316196588
59,Two year,89.19441235393913,1,1,Credit card,1,0,58,Female,No,1,0,0,0,5262.4703288824085,3,1,48.711257022775555,77.1045174973778,54,9,0,2,3184.247388335076
31,Two year,56.44439620743333,0,1,Bank transfer,0,0,36,Female,No,0,0,0,1,1749.7762824304332,1,1,41.431138233917636,43.31807212640776,41,3,0,2,2720.208217665591
15,Month-to-month,113.0351016271075,0,0,Electronic check,1,0,46,Female,No,0,1,0,1,1695.5265244066125,6,5,33.790703845900964,14.981667899968214,-41,21,1,1,1783.1803998455825
4,Month-to-month,43.87133674004896,0,0,Electronic check,1,0,43,Male,No,0,0,1,0,175.48534696019584,3,0,4.892476389488072,58.685751050555155,21,11,0,2,1106.9126152832537
57,Two year,69.28159315604424,1,1,Bank transfer,1,1,75,Female,DSL,0,1,0,1,3949.0508098945215,2,0,23.04200970954015,76.43026814530052,32,22,0,2,4109.6894587055085
48,Two year,94.53603067428007,1,1,Bank transfer,1,0,43,Male,DSL,0,1,1,0,4537.729472365443,5,0,69.0172171605271,48.02448585260567,15,7,0,2,3061.458031925094
22,Month-to-month,94.56338142450004,0,0,Electronic check,1,1,78,Female,Fiber optic,1,1,1,0,2080.394391339001,11,4,10.91084295864707,21.792800035699386,-21,63,0,1,2470.0135733430075
2,Month-to-month,71.89206904527592,0,0,Electronic check,1,0,39,Male,Fiber optic,1,0,0,0,143.78413809055183,2,3,85.73336758536504,41.699746803271324,28,1,0,1,1881.8299048169977
19,One year,59.141005908269776,0,0,Bank transfer,0,0,60,Female,Fiber optic,0,0,0,1,1123.6791122571258,2,0,212.65848688600767,46.77529503266,29,36,0,2,1561.096805615366
15,Two year,87.2132573278582,0,0,Bank transfer,1,1,70,Male,Fiber optic,1,0,0,1,1308.198859917873,2,0,96.91967919443736,59.16780289998847,-1,3,0,2,1527.8977740976072
6,One year,67.53345071408275,0,0,Mailed check,1,0,63,Female,Fiber optic,0,1,1,0,405.2007042844965,3,0,58.48713131148347,45.9641592368992,68,21,0,2,2157.7909534728883
54,Two year,79.01626431400295,1,1,Credit card,1,0,23,Male,No,0,0,1,1,4266.87827295616,1,0,38.976985420110424,74.51599681871997,26,14,0,2,2955.887533004018
19,Month-to-month,114.63280976677402,0,0,Electronic check,1,1,66,Male,Fiber optic,0,0,1,1,2178.0233855687065,6,3,8.693416852041825,20.419671564156197,48,107,1,1,3467.4637952642793
17,Two year,63.528660687300224,0,1,Credit card,1,0,43,Female,Fiber optic,0,1,0,1,1079.9872316841038,2,0,77.59136538510616,51.88603920962157,40,8,0,2,2199.612886556028
56,Two year,91.48506410406416,1,1,Bank transfer,1,0,29,Female,Fiber optic,0,1,1,1,5123.163589827594,0,0,3.5027752327393396,57.26476686998758,46,20,0,2,3861.2055526552367
12,Two year,54.61734559934037,1,0,Credit card,0,0,58,Female,Fiber optic,0,0,1,0,655.4081471920845,3,0,21.995526715899192,62.50383234650275,40,1,0,2,2076.8399022347535
24,One year,85.80588635886912,0,1,Bank transfer,1,0,46,Male,No,0,0,1,0,2059.341272612859,3,0,50.70122146500056,77.79129345807002,66,21,0,2,2790.318399205844
11,Month-to-month,108.65693364426387,0,0,Electronic check,1,0,43,Male,DSL,0,0,1,1,1195.2262700869026,13,3,30.148048340120468,15.294718684510377,-4,18,1,1,2166.237921949122
14,Two year,67.60530818470679,1,1,Mailed check,0,1,73,Male,Fiber optic,0,1,1,0,946.474314585895,3,0,65.72176951571744,66.60891971352159,49,6,0,2,2088.5017663810027
33,One year,55.037696654100905,0,0,Credit card,1,0,44,Male,Fiber optic,0,0,0,1,1816.24398958533,4,0,2.1034880580607456,58.77638187184034,53,7,0,2,2984.2164635928275
11,Month-to-month,35.75054684140489,0,1,Mailed check,1,0,19,Female,Fiber optic,0,1,0,1,393.2560152554538,2,0,67.9212536583992,62.59068015990641,69,15,0,2,2267.1119939360115
16,One year,80.5317421023579,0,1,Bank transfer,0,0,34,Male,No,0,0,0,0,1288.5078736377263,2,0,36.2896417094967,54.85647387304825,77,8,0,2,3116.698440291546
64,Two year,70.8458974600074,1,1,Credit card,1,0,40,Male,No,1,1,0,1,4534.137437440473,5,2,13.697865592442984,64.9711510829961,24,45,0,1,4098.257679677457
12,One year,62.60714782063556,0,1,Credit card,0,0,35,Female,DSL,0,0,1,1,751.2857738476267,1,0,78.61355247182242,57.54936229378318,15,7,0,2,1080.8810011013813
32,One year,60.57380470906785,1,0,Credit card,1,0,54,Male,Fiber optic,1,0,0,0,1938.3617506901712,6,0,18.92895585701886,74.48999534499978,-11,1,0,2,1537.0723630913317
10,Month-to-month,106.78487526531269,0,0,Electronic check,1,0,60,Male,DSL,1,0,1,1,1067.848752653127,7,3,0.4895880552209791,28.895345475522937,-12,51,1,1,2141.935132491024
21,Month-to-month,110.12741516972898,0,0,Electronic check,1,1,75,Female,DSL,0,0,0,1,2312.6757185643087,6,3,12.237306121983355,8.197922938762337,-40,96,1,0,3241.256785677913
13,One year,70.30923856048952,1,0,Credit card,0,0,27,Male,Fiber optic,0,1,1,0,914.0201012863638,6,1,170.17408347211426,64.06182184066043,1,16,0,2,952.7279204697918
10,Month-to-month,109.56707620098183,0,0,Electronic check,1,1,66,Female,DSL,0,0,0,1,1095.6707620098182,5,4,49.72212523343309,25.01970697893045,-18,71,1,1,2145.167781451666
12,Month-to-month,116.9598716412881,0,0,Electronic check,1,1,79,Male,No,0,1,1,0,1403.5184596954573,14,4,24.102377021150193,29.83028461333305,7,120,1,0,3966.8942016713186
45,Two year,96.28799286242489,1,1,Bank transfer,1,0,40,Female,Fiber optic,1,0,0,1,4332.95967880912,1,0,33.85191729360105,63.30460387520155,47,21,0,2,3556.0004428840334
21,Two year,85.0881337637602,1,1,Bank transfer,0,1,68,Male,Fiber optic,0,0,1,0,1786.8508090389641,0,0,7.646916460917904,55.7296210083728,27,38,1,2,2240.6093179380546
27,Two year,79.05883728721773,1,1,Bank transfer,1,0,25,Female,DSL,0,0,0,0,2134.5886067548786,1,0,31.16991503958873,52.001999310648316,39,72,0,1,3350.9050504655893
7,Month-to-month,32.39788662184938,1,0,Electronic check,0,0,59,Female,DSL,0,1,1,0,226.78520635294566,2,2,127.13295273170512,62.38949938128537,61,24,0,2,1457.9819250570495
10,Month-to-month,39.85530194118261,1,0,Mailed check,1,1,73,Female,Fiber optic,0,0,0,1,398.5530194118261,3,0,28.887169121957417,68.04479627467323,22,3,0,2,1644.8336478067154
22,Two year,86.98578850329656,0,0,Bank transfer,0,0,21,Female,Fiber optic,0,0,1,0,1913.6873470725243,1,0,53.92772221351704,42.048255376708006,48,0,1,2,2855.15688943707
17,Month-to-month,85.17421042757803,0,0,Electronic check,1,0,37,Female,DSL,0,1,0,0,1447.9615772688267,6,1,5.478162273164617,5.116333882808978,-10,5,1,2,1952.0847704617815
1,Month-to-month,79.17986498693871,0,0,Mailed check,1,0,25,Female,No,1,0,0,0,79.17986498693871,4,1,45.869290393367045,54.28959402995418,0,53,1,1,1973.9086980737616
27,Two year,50.70525635736099,0,0,Credit card,0,0,51,Male,Fiber optic,0,0,0,0,1369.0419216487467,3,1,53.00629584849683,52.20968297772751,27,30,0,2,2066.4722242232
15,Month-to-month,107.89231464662356,0,0,Electronic check,1,0,61,Female,DSL,1,1,0,0,1618.3847196993534,10,2,1.3094771230762894,18.060170776949715,-53,177,1,0,2644.5910888676594
15,Two year,66.70420989209588,1,0,Mailed check,1,0,53,Female,No,0,0,1,0,1000.5631483814382,1,0,79.99823960158953,55.52990910226714,24,7,0,2,1941.305191442615
64,Two year,82.32560998375452,1,1,Bank transfer,1,0,57,Male,DSL,0,0,0,1,5268.839038960289,1,1,76.8744591523714,49.0158902567554,-13,5,0,2,3206.7589531168687
4,One year,55.910915781796376,0,0,Electronic check,1,0,31,Female,Fiber optic,0,0,1,1,223.6436631271855,0,1,24.15738014777525,56.645582200108535,49,3,1,2,1384.9425382060892
5,Month-to-month,67.337165389908,1,1,Mailed check,1,0,24,Male,Fiber optic,0,0,1,0,336.68582694954,1,1,32.244030631565415,72.8541657733596,80,0,0,2,2056.859814405091
20,Two year,76.24058318366025,1,1,Mailed check,1,0,34,Female,Fiber optic,1,0,1,0,1524.811663673205,1,2,22.458216609262042,70.91654843688478,24,36,0,2,1796.3585835594677
15,Two year,51.15647293066229,1,1,Bank transfer,1,0,61,Female,DSL,1,1,0,0,767.3470939599343,1,0,0.41506869091883025,51.54918816353459,52,4,1,2,2072.1069954979275
67,Two year,89.52276493354069,1,1,Bank transfer,1,0,58,Male,Fiber optic,1,0,0,1,5998.025250547226,2,0,2.5335388383737865,60.65473679345217,48,9,0,2,4157.004043744707
44,Two year,71.70060364282968,1,1,Credit card,1,1,68,Female,Fiber optic,0,0,0,1,3154.826560284506,1,1,187.57284238491133,40.93716216101217,20,0,0,2,2609.6398563872144
7,Month-to-month,79.34172031472914,0,0,Electronic check,1,0,63,Female,Fiber optic,0,1,1,0,555.392042203104,4,0,46.96859864198057,11.989949410903243,-10,52,0,2,952.903315706853
21,Month-to-month,101.22002437360815,0,0,Electronic check,1,1,77,Male,Fiber optic,0,1,0,0,2125.620511845771,6,3,29.254666033270205,19.67825738620381,19,25,1,1,2716.762233075696
11,Month-to-month,30.151043567808063,0,0,Mailed check,0,0,47,Male,DSL,0,1,1,0,331.6614792458887,3,0,40.634129936615565,73.33135771635133,-8,49,1,1,1125.8109132349282
30,One year,78.40090926000738,1,1,Bank transfer,1,0,56,Male,Fiber optic,0,0,0,0,2352.0272778002213,2,1,37.87977878058103,50.43719078527531,32,13,0,2,2463.4604031927233
12,Two year,83.32917055951222,0,0,Mailed check,0,0,29,Male,Fiber optic,0,0,1,0,999.9500467141467,3,2,5.8997183371955835,66.12639839207006,38,11,0,1,2800.1752261536653
17,Month-to-month,75.56082875011077,0,0,Electronic check,1,0,46,Male,Fiber optic,0,0,1,0,1284.5340887518832,8,2,6.296761891211439,20.627970498707878,-46,9,1,1,1204.326136334839
53,Two year,63.74689682823641,1,1,Bank transfer,1,0,57,Female,Fiber optic,0,0,0,0,3378.5855318965296,3,1,41.02928180930417,42.48276676812103,20,46,0,1,3985.8686483502865
64,Two year,79.2653938613945,1,1,Credit card,1,0,25,Female,DSL,0,0,0,0,5072.985207129248,2,0,1.3867992250977585,53.601502766856164,25,25,0,2,4020.6328732693623
12,Month-to-month,119.9729533593201,0,0,Electronic check,1,0,37,Female,DSL,0,1,0,0,1439.6754403118412,9,4,31.826989504154078,9.165560642501292,-14,188,1,0,3111.65422238144
27,One year,81.8797049591629,1,1,Mailed check,1,0,36,Female,No,0,0,0,0,2210.752033897398,2,1,151.80345699589586,68.37504841622832,58,11,0,2,2358.8551631682885
16,Month-to-month,104.14807967710324,0,0,Electronic check,1,1,79,Female,Fiber optic,0,0,0,0,1666.3692748336518,9,1,3.8912374465589092,20.64833487240454,-12,66,0,1,2154.6914357488786
42,Two year,68.19924838107266,1,1,Credit card,1,0,42,Female,Fiber optic,0,0,1,0,2864.368432005052,3,0,11.72406306217683,43.239082691057845,49,29,0,2,3231.306720825714
3,Month-to-month,38.124920773722074,0,1,Electronic check,0,0,53,Male,Fiber optic,0,0,0,0,114.37476232116623,2,0,263.2828459568677,41.56367837196672,36,13,0,2,1172.6539518281436
38,Two year,70.32693016764676,1,1,Bank transfer,1,0,49,Female,No,1,0,0,0,2672.423346370577,4,1,9.046442350021804,40.61727185425271,0,24,0,2,1938.6362210304346
41,Two year,70.75872126381543,1,1,Credit card,1,1,68,Male,Fiber optic,0,0,0,1,2901.1075718164325,1,3,8.202713630425068,53.00698656268416,69,36,0,1,4497.4293305949495
18,Month-to-month,77.85912358041867,0,0,Electronic check,1,0,56,Female,No,0,0,0,0,1401.464224447536,8,0,22.953333074343725,15.740808765659091,-1,100,1,1,2404.0366163271697
68,Two year,79.19588326368293,1,1,Bank transfer,1,0,27,Male,DSL,1,1,1,0,5385.320061930439,0,1,54.446263590231865,69.84107438159641,68,53,0,2,4717.01345773616
31,One year,68.6964200102986,0,1,Bank transfer,0,0,20,Female,Fiber optic,1,0,0,1,2129.5890203192566,3,0,38.484070466110104,67.47937171094384,39,9,0,2,2275.550500944899
11,One year,45.834217800846304,0,1,Electronic check,1,0,59,Female,Fiber optic,1,0,0,0,504.1763958093093,1,1,68.64820002065107,46.747066957433645,100,24,0,2,2617.6240670834463
20,Month-to-month,78.88099097276012,0,0,Electronic check,1,0,18,Female,Fiber optic,1,0,1,1,1577.6198194552023,6,5,4.731170914303024,20.547181666545114,-26,14,1,0,2297.3986703703285
13,One year,54.325983920530504,1,1,Mailed check,1,1,67,Male,DSL,1,1,0,0,706.2377909668966,0,0,139.4973834301471,78.65392950153978,88,12,0,2,2293.1431619268496
3,Month-to-month,50.304106627988546,0,1,Electronic check,1,0,64,Female,No,0,0,1,0,150.91231988396564,1,0,88.7680053488829,59.11614480874178,11,3,0,2,1274.711841800634
70,Two year,69.73911873619468,1,1,Credit card,1,0,27,Male,DSL,1,0,1,0,4881.738311533628,2,0,109.43710948217499,41.53891305047034,46,51,0,2,4398.775250398524
13,Two year,67.94963003390025,1,1,Credit card,1,0,63,Female,No,0,0,0,1,883.3451904407033,4,2,70.36240048351844,42.83567848858302,37,9,0,2,2073.7103781270907
6,Month-to-month,46.6345089846335,1,0,Electronic check,0,0,18,Male,No,1,0,0,0,279.807053907801,0,0,104.54003812531386,43.716640360398,90,26,0,2,2091.7503506196026
35,Two year,81.84148619454248,0,0,Mailed check,0,0,63,Male,Fiber optic,0,0,1,0,2864.452016808987,4,1,78.45737552123296,73.57051864023596,55,18,1,2,2914.954154687613
23,Month-to-month,100.51244891449025,0,0,Electronic check,1,1,66,Female,No,0,0,1,0,2311.7863250332757,10,6,7.9314707789106995,14.810529673212345,-14,3,1,0,3868.177250702388
19,Month-to-month,89.68317070278204,0,0,Electronic check,1,1,76,Female,Fiber optic,1,0,1,0,1703.9802433528587,10,3,11.11087441859552,21.92236005949291,-9,30,0,1,2155.7640257445705
5,Month-to-month,43.735251640357184,1,0,Electronic check,1,0,50,Female,DSL,0,0,0,0,218.6762582017859,2,2,11.195736047995876,41.66293781091565,60,0,0,2,1274.3961637862678
19,Month-to-month,75.71473405711917,0,0,Electronic check,1,0,29,Female,Fiber optic,1,0,0,0,1438.5799470852644,9,7,13.278997854274234,12.74724746115826,-19,30,1,0,2449.8094679697538
62,Two year,62.740216265079184,1,1,Bank transfer,1,0,59,Male,DSL,1,0,0,0,3889.8934084349094,0,1,13.072483910069527,50.28055117288875,91,2,0,2,4527.383589895975
55,Two year,75.54611194519389,1,1,Bank transfer,1,0,33,Female,DSL,1,0,0,0,4155.036156985664,3,0,37.539733854784686,52.937755956554675,39,1,0,2,3849.7452856199325
44,Two year,73.13524911540324,1,1,Credit card,1,0,55,Male,Fiber optic,0,0,0,0,3217.9509610777427,1,0,161.6800064281421,72.15267849638832,16,1,0,2,2533.6709332136843
53,Two year,81.87853005485553,1,1,Credit card,1,0,61,Female,Fiber optic,0,0,1,1,4339.562092907343,0,0,8.129673889052512,65.69197503575485,19,17,0,2,3731.830181745686
20,Month-to-month,88.54617125545325,0,0,Electronic check,1,0,54,Male,Fiber optic,0,0,0,1,1770.923425109065,6,2,13.174265225373336,11.422305503994703,-23,60,1,1,1504.1661107395985
10,Month-to-month,52.86152098097722,1,1,Electronic check,0,0,60,Female,DSL,1,0,1,0,528.6152098097722,5,0,21.08287612331164,73.32746950202454,38,4,0,2,1521.698246333164
64,Two year,78.67128308924751,1,1,Bank transfer,1,0,26,Female,Fiber optic,0,0,1,1,5034.962117711841,1,0,61.7516987100499,45.6533871858534,43,43,0,2,4087.663403529446
21,Month-to-month,72.36749886634198,0,0,Electronic check,1,0,21,Female,DSL,0,0,0,0,1519.7174761931815,7,2,27.52814274449335,14.233379818827755,-20,18,1,1,2195.156012753606
1,Month-to-month,47.74228617153291,1,1,Mailed check,0,0,35,Male,Fiber optic,0,1,0,1,47.74228617153291,1,0,308.2563996440026,49.823319638022596,53,0,0,2,1233.1417076961939
21,Month-to-month,73.56263426606824,0,0,Electronic check,1,1,75,Male,Fiber optic,1,0,0,0,1544.8153195874331,9,4,11.968654408227389,7.792461646239897,-10,2,1,1,2084.9748019218155
63,Two year,86.30241251112092,1,1,Credit card,1,1,73,Male,DSL,0,1,0,1,5437.051988200618,4,1,86.89739696565005,68.83473802408163,-17,23,0,2,2701.9012262630745
20,Two year,82.69177046354619,1,0,Mailed check,0,0,21,Male,DSL,0,1,0,0,1653.8354092709237,2,0,89.01632921113588,57.40097877365351,93,14,0,2,2513.226974667875
1,One year,43.10175022534373,0,0,Electronic check,0,0,55,Female,Fiber optic,0,1,1,0,43.10175022534373,4,0,84.17206172384532,48.87280792204442,-23,21,0,2,100.0
65,Two year,77.89872565289832,1,1,Bank transfer,1,0,29,Female,DSL,1,1,0,1,5063.417167438391,1,0,8.141185464173038,46.54064729717526,43,13,0,2,3419.0188784768698
1,Month-to-month,54.31860504125738,0,1,Mailed check,1,1,71,Female,Fiber optic,0,0,1,0,54.31860504125738,4,1,52.44998631545739,47.78941323480085,22,11,0,2,919.0245876540121
43,Two year,76.53665797181046,1,1,Credit card,1,0,43,Female,No,0,0,0,1,3291.0762927878495,1,1,87.92005056653691,62.371328322042324,-9,18,0,2,2493.50476366107
7,One year,75.99354670652714,0,0,Electronic check,0,0,33,Male,Fiber optic,0,0,1,0,531.95482694569,4,0,47.58885687007357,57.45360062924756,22,12,0,2,1807.524091727547
11,Month-to-month,82.37338647506687,0,0,Electronic check,1,0,21,Female,No,0,1,0,1,906.1072512257356,10,5,15.279017531127607,9.770653100019137,-14,98,1,0,3459.7220536058453
31,One year,69.98762411544482,0,1,Credit card,1,0,46,Female,DSL,0,0,0,0,2169.6163475787894,3,0,20.349760672405488,55.09001428333722,62,66,0,2,3043.595112541485
31,Two year,57.60615451650442,0,1,Mailed check,0,0,39,Female,Fiber optic,1,0,0,1,1785.790790011637,2,0,2.5671766262306086,67.86247064537204,28,1,0,2,2685.876005513529
4,Month-to-month,56.68084656546054,1,1,Mailed check,0,0,36,Male,DSL,0,1,1,0,226.72338626184217,3,1,64.56490058457199,60.78849510760902,100,3,0,2,2771.1907364272042
69,Two year,77.40721597021427,1,1,Credit card,1,0,42,Female,Fiber optic,1,1,1,1,5341.097901944784,2,2,52.00234441568868,58.44644310408726,24,2,0,2,4074.0345484460845
32,One year,85.35970200289634,1,0,Credit card,1,0,33,Male,No,1,0,1,0,2731.510464092683,2,0,95.55674576865691,66.5162402360703,51,20,0,2,3053.0339432004635
68,Two year,95.19450709444641,1,1,Bank transfer,1,0,33,Male,DSL,1,1,0,0,6473.226482422356,4,1,49.00197810574607,47.35500019926484,44,65,0,2,3938.912620287145
23,One year,87.26310612074306,1,1,Credit card,0,0,23,Male,Fiber optic,0,1,0,1,2007.0514407770904,0,0,18.732882089012456,70.37035992975491,67,33,0,2,3080.9093597093715
10,Month-to-month,78.07498396185736,0,0,Electronic check,1,1,76,Male,DSL,0,0,1,1,780.7498396185736,0,0,5.862041460323823,67.08702200696247,67,0,0,2,2382.4579439763143
10,Month-to-month,39.81171408439278,1,0,Electronic check,1,0,53,Female,Fiber optic,0,0,0,0,398.1171408439278,3,0,118.24716216033508,55.266342065951825,18,24,0,2,885.6934023884749
25,Two year,52.891449302012674,0,1,Credit card,0,0,21,Female,Fiber optic,0,0,0,1,1322.2862325503168,2,1,23.907756471010533,59.960976040349465,28,18,0,2,2166.3590238851007
2,Month-to-month,54.30287709513405,1,1,Electronic check,0,0,24,Female,Fiber optic,1,0,1,0,108.6057541902681,1,2,35.19707849472754,54.47030274591282,53,10,0,2,1882.5013103119563
58,Two year,80.01781236522966,1,1,Credit card,1,0,61,Male,DSL,0,1,1,0,4641.03311718332,1,1,66.35310196825188,59.0417870384064,45,2,0,2,3354.8602202061647
3,Month-to-month,47.49477318236993,1,0,Mailed check,1,0,50,Female,DSL,0,0,0,1,142.4843195471098,2,0,59.03251804396529,64.19676466174681,20,15,0,2,280.5846970672328
23,Two year,66.57201647323976,0,1,Bank transfer,0,1,69,Female,Fiber optic,1,0,0,1,1531.1563788845144,0,0,32.68629339840728,62.182671070048286,5,0,0,2,1611.9187277341475
44,Two year,81.8152448487321,1,1,Bank transfer,1,0,44,Female,DSL,0,0,0,0,3599.8707733442125,2,1,61.66154454714507,64.76732767305198,32,16,0,2,3615.6191368930067
3,One year,77.9617717661911,0,1,Electronic check,1,0,33,Male,Fiber optic,1,1,0,1,233.88531529857332,1,0,20.050942068475035,61.22186170054585,31,6,0,2,1430.3489103368402
33,Two year,52.771705978665686,1,1,Bank transfer,0,0,62,Male,DSL,1,0,0,0,1741.4662972959677,4,0,176.03853034683908,42.09502790065214,8,4,0,2,2108.844596504257
52,Two year,60.049467190376376,1,1,Bank transfer,1,1,72,Female,Fiber optic,0,1,0,1,3122.5722938995714,3,0,53.577109601343075,57.91861846979795,21,7,0,2,2993.044972760797
56,Two year,98.83064825899132,1,1,Bank transfer,1,0,63,Male,DSL,1,0,0,0,5534.5163025035135,2,0,215.8639036388859,73.75990318161769,91,12,0,2,4287.1148482138515
7,One year,33.48229338741328,1,0,Mailed check,0,0,22,Female,Fiber optic,0,0,1,1,234.37605371189295,4,0,86.12080143635677,79.84110533320256,10,11,0,2,910.4202161946329
29,One year,76.00654130070575,0,1,Mailed check,0,0,52,Male,No,1,0,0,0,2204.189697720467,1,0,27.089401244644748,63.8100879415901,17,7,0,2,2390.0844403180286
18,Month-to-month,98.17891713882744,0,0,Electronic check,1,0,46,Female,Fiber optic,0,0,1,1,1767.220508498894,9,7,5.07337494021627,21.199307866862238,-45,10,1,0,3346.686936282198
31,One year,64.34315488427647,0,0,Credit card,0,0,47,Female,DSL,0,0,0,1,1994.6378014125708,2,0,33.31060632812406,46.98661658374215,71,38,0,2,3061.644213683824
23,Month-to-month,74.3739802875464,0,0,Electronic check,1,1,74,Male,DSL,0,0,0,0,1710.6015466135673,9,1,4.941840063166828,20.63355449751524,-61,4,1,1,1390.9748431719324
58,Two year,69.5542664160771,1,1,Credit card,1,0,64,Female,Fiber optic,0,1,1,0,4034.1474521324717,3,0,39.04649833624969,62.7107235962461,72,6,0,2,3969.7251459121253
19,One year,70.88973006267537,1,0,Credit card,0,0,52,Female,Fiber optic,0,1,0,0,1346.904871190832,2,0,36.080153724592094,49.216842824737384,25,6,1,2,2211.459063520045
27,One year,67.68332068757397,1,0,Mailed check,0,1,76,Female,Fiber optic,0,1,1,0,1827.4496585644972,1,0,87.45419406624744,74.00258336914482,51,8,0,2,2625.4816867423087
8,One year,74.83732749538723,0,0,Mailed check,1,0,33,Female,Fiber optic,1,0,1,0,598.6986199630978,1,0,3.167873211944075,55.67446024891862,49,115,0,1,2423.0654283378535
27,Two year,65.41696712346577,0,0,Credit card,1,0,18,Male,Fiber optic,1,0,1,0,1766.2581123335758,0,0,69.43083066988765,79.43511329571977,39,2,0,2,2276.7356230370315
12,Month-to-month,71.14607865748185,0,0,Electronic check,1,0,56,Female,Fiber optic,0,0,0,0,853.7529438897823,6,4,11.128363616429644,29.409293983723504,-35,36,1,1,2085.8911972573737
24,Two year,84.85808258475373,1,1,Credit card,0,0,57,Male,No,0,0,0,0,2036.5939820340895,2,0,74.8354075691317,69.83036788254488,89,43,0,2,3836.4261499980257
19,One year,73.73374628753886,1,0,Mailed check,1,0,53,Female,Fiber optic,0,0,1,0,1400.9411794632383,1,0,6.05693895497158,68.48819374391468,-18,4,0,2,1389.0595980840267
67,Two year,94.5152201164965,1,1,Bank transfer,1,0,41,Female,No,0,1,1,0,6332.519747805265,0,0,8.895014059428263,40.84735449858598,15,6,0,2,2967.521090255424
14,Month-to-month,114.83756823065323,0,0,Electronic check,1,0,23,Male,DSL,0,0,0,1,1607.7259552291453,7,2,7.619001605759569,24.893829885168454,-12,33,1,1,2185.1635909067745
14,Month-to-month,73.49720050693156,0,0,Electronic check,1,0,54,Female,Fiber optic,1,0,0,1,1028.9608070970419,7,2,22.331261638274498,15.06988279719581,-25,7,1,1,1692.4437258813823
13,Two year,78.88590074971187,1,0,Mailed check,1,1,73,Male,No,0,1,1,1,1025.5167097462543,6,0,15.961291948346652,79.66496798077449,69,13,1,2,2368.0854385622215
28,Two year,75.26759148906251,0,1,Bank transfer,0,0,43,Male,Fiber optic,0,0,0,0,2107.4925616937503,0,0,39.321124724387396,59.622071271086526,21,2,0,2,2202.9477176080554
63,Two year,71.8691056441636,1,1,Bank transfer,1,0,46,Male,Fiber optic,0,0,1,0,4527.753655582306,1,1,6.373651910689589,68.17776662808802,22,3,0,1,4169.914297889321
2,Month-to-month,56.25704258848148,0,0,Electronic check,1,0,63,Female,DSL,1,0,0,1,112.51408517696296,2,0,27.707455426473356,73.15369043987742,14,8,0,2,933.9459792774957
27,One year,74.99199688290993,0,0,Credit card,0,0,49,Female,Fiber optic,1,0,1,1,2024.7839158385682,5,0,26.629299215913388,79.19922473233743,-1,17,0,2,1799.4048463855243
12,Month-to-month,86.72230934391624,0,0,Electronic check,1,0,30,Male,Fiber optic,0,0,0,0,1040.667712126995,11,5,18.528744563090825,18.900586822577026,-33,103,1,0,2699.2838459553736
9,Month-to-month,78.79289406580962,0,0,Electronic check,1,1,68,Male,DSL,0,0,1,0,709.1360465922866,10,3,0.3027043089802886,5.535193676550391,-25,148,1,0,2049.328350332249
23,Month-to-month,101.59910464916531,0,0,Electronic check,1,0,45,Male,Fiber optic,0,1,0,1,2336.779406930802,11,2,4.010819939535211,29.833864817879796,-16,42,1,1,2332.176693577658
25,Two year,72.15023345351594,1,0,Bank transfer,1,0,25,Female,No,1,1,0,0,1803.7558363378985,3,1,63.13951201695237,76.23024044364107,83,22,0,2,3454.9640355162323
47,Two year,93.1756650783405,1,1,Bank transfer,1,0,28,Female,DSL,0,0,1,1,4379.256258682003,0,0,8.360540447835396,52.86427974329026,93,10,0,2,4178.524453005507
60,Two year,85.78364698969375,1,1,Bank transfer,1,0,42,Male,No,0,0,0,1,5147.018819381625,4,2,53.54848569209347,57.017130436732174,14,1,0,2,2763.936354971439
41,Two year,86.78410464535847,1,1,Bank transfer,1,0,19,Female,Fiber optic,0,0,1,1,3558.1482904596974,8,1,14.741995415359664,75.70353753676908,21,12,0,2,2380.9524000906636
16,Two year,70.39001646455068,0,1,Bank transfer,0,1,66,Male,DSL,0,0,0,1,1126.240263432811,4,0,54.279408832351734,64.070563719407,77,11,0,2,2659.8862357641415
63,Two year,91.47001340617749,1,1,Bank transfer,1,0,25,Female,Fiber optic,0,0,0,1,5762.610844589181,4,0,68.90958860666527,79.81673878752906,81,5,0,2,4131.095791587521
34,One year,78.34373230488012,0,0,Credit card,1,0,32,Male,DSL,0,1,0,0,2663.686898365924,0,0,107.36155291415535,72.40405806680312,89,40,0,2,3930.777294523987
6,Month-to-month,36.51619733511641,0,1,Electronic check,1,0,20,Male,No,0,0,0,0,219.09718401069847,2,0,5.242710756808342,71.4394880527036,40,7,1,2,1363.4209403756654
65,Two year,77.83163658308916,1,1,Bank transfer,1,0,58,Male,Fiber optic,0,0,0,0,5059.056377900795,1,0,62.676492158636606,51.10539503139805,78,7,0,2,4583.164335804244
21,Month-to-month,82.90219470183577,0,0,Electronic check,1,0,26,Female,DSL,1,0,0,1,1740.9460887385512,5,5,6.0566027828657525,22.105483366494585,33,4,1,1,3047.821677423712
10,Month-to-month,33.91691088810033,0,1,Mailed check,1,0,22,Female,DSL,0,1,0,1,339.16910888100335,1,0,56.83154707083813,70.46597084235295,62,6,0,2,2004.076730768928
26,One year,86.48121025805497,0,1,Mailed check,1,1,74,Female,DSL,0,1,0,1,2248.5114667094294,0,1,93.0131802781321,75.27859071472,62,26,0,2,3012.028789353054
22,Month-to-month,94.78306720175442,0,0,Electronic check,1,1,74,Male,Fiber optic,0,0,0,1,2085.2274784385972,8,3,24.359132859244564,26.465533567444403,-5,21,1,1,2675.421014112499
41,Two year,77.80984449139153,1,1,Bank transfer,1,0,30,Female,Fiber optic,1,0,1,1,3190.203624147053,0,1,0.9411690439240177,65.06670259991043,74,71,0,2,3513.5219180172912
12,Month-to-month,99.84819828582215,0,0,Electronic check,1,0,59,Male,DSL,1,0,1,0,1198.1783794298658,11,5,42.404796782520805,19.33349779590371,19,67,1,1,3079.1283971109197
66,Two year,83.71247966613691,1,1,Bank transfer,1,0,23,Male,Fiber optic,0,0,0,0,5525.023657965036,4,0,18.358741515944196,72.62699298657427,69,18,0,2,4243.042027753878
47,Two year,84.78797760797663,1,1,Bank transfer,1,1,75,Male,Fiber optic,0,0,0,0,3985.0349475749017,1,2,44.405409159287615,57.13316164086756,39,60,0,1,4564.944184374663
25,One year,69.89017263793886,1,0,Credit card,1,0,56,Female,Fiber optic,0,1,0,0,1747.2543159484715,2,1,31.300693336971932,78.84731269324831,14,1,1,2,1239.2630959945916
1,Month-to-month,40.00771056246834,0,0,Mailed check,1,0,26,Female,DSL,1,1,0,1,40.00771056246834,3,0,59.31727456590408,47.11992719709756,35,37,0,2,1344.3295555354048
13,Month-to-month,70.29708779221772,0,0,Electronic check,1,0,27,Female,DSL,1,1,1,1,913.8621412988305,13,1,1.392943144667949,21.251050000140722,-66,24,1,1,1380.2983334969767
58,Two year,96.7493884242551,1,1,Credit card,1,0,41,Female,DSL,0,0,0,0,5611.464528606796,1,0,11.975794523980067,74.89997352834084,33,8,0,2,3706.7534809095027
17,Two year,52.524208994347134,1,0,Mailed check,0,0,34,Female,Fiber optic,1,1,0,0,892.9115529039013,3,0,39.78202401942612,58.16820185986309,30,0,0,2,1297.2853549097836
16,Month-to-month,84.26318309707665,0,0,Electronic check,1,1,75,Female,No,0,0,0,1,1348.2109295532264,5,2,14.700375278217518,12.4299807954811,27,73,1,1,3028.1636356658705
14,One year,79.80606614107143,0,0,Bank transfer,1,0,40,Male,DSL,0,0,0,0,1117.284925975,1,0,33.78944556879108,45.418937752929466,55,6,0,2,2162.8628719486833
14,One year,64.44362315981171,0,1,Bank transfer,1,0,59,Male,Fiber optic,0,0,0,0,902.2107242373639,2,1,44.19503511009624,76.0526144647122,56,3,0,2,2509.3547682521657
9,Month-to-month,54.61080916437334,0,0,Electronic check,0,0,22,Female,Fiber optic,1,1,1,0,491.4972824793601,3,1,74.46196942366929,45.244845387862455,31,1,0,2,1808.107155714949
17,One year,71.75160759719489,0,0,Bank transfer,0,0,45,Male,No,0,1,0,0,1219.777329152313,5,2,148.85087222104517,60.17096604434691,70,2,0,2,2633.374404820495
7,Month-to-month,33.662280205369505,1,0,Mailed check,1,0,46,Male,Fiber optic,1,0,0,1,235.63596143758653,2,0,106.47679065406186,67.84945057498739,71,9,0,2,1551.771274484873
50,Two year,89.3446332016925,1,1,Bank transfer,1,0,63,Female,DSL,0,0,1,1,4467.231660084625,3,1,14.913909465007183,46.96414836559816,100,1,0,2,4420.700771101227
9,Month-to-month,48.69693568018873,1,1,Electronic check,1,0,39,Female,Fiber optic,1,1,1,1,438.2724211216986,3,0,5.340821746791495,42.2576198622061,-1,5,1,2,1042.432927162982
16,Two year,66.53965165974721,1,0,Credit card,1,0,43,Female,DSL,1,0,0,0,1064.6344265559553,1,0,165.87665055967184,76.27929760581964,30,8,0,2,1209.6381802788314
1,Month-to-month,32.1923426248315,1,0,Electronic check,1,0,53,Female,DSL,0,1,1,0,32.1923426248315,3,1,9.997728363484295,40.1973117144071,53,22,1,2,1235.5843939084166
9,Month-to-month,34.73694573896721,1,1,Mailed check,0,0,64,Female,Fiber optic,0,1,1,0,312.6325116507049,1,0,13.876136121262439,69.76634940169109,76,21,0,2,1865.1707080235929
6,Month-to-month,78.40362514548391,0,0,Electronic check,0,0,30,Male,No,1,0,1,0,470.4217508729035,2,0,55.54103578108677,48.08060996003554,100,19,0,2,2826.4561718998507
39,Two year,76.0475165615593,1,1,Credit card,1,0,55,Male,Fiber optic,0,0,1,0,2965.8531459008127,2,1,72.18084446212174,74.67645324300818,15,4,0,2,2380.1786133449596
37,Two year,95.9538955272099,1,1,Bank transfer,1,0,62,Female,Fiber optic,0,0,1,0,3550.294134506766,2,1,44.98279525202769,53.982688072277604,25,2,0,2,3324.6976483454264
12,Two year,53.30990015559485,0,1,Bank transfer,0,0,40,Female,Fiber optic,0,1,1,0,639.7188018671383,2,1,74.30930703700052,75.49375325874644,-9,1,0,2,930.9256614148773
64,Two year,68.77095847695503,1,1,Bank transfer,1,0,41,Male,Fiber optic,0,0,1,1,4401.341342525122,2,1,137.37195005357358,58.44020241580466,8,9,0,2,3219.2432451668064
58,Two year,96.27771235339335,1,1,Credit card,1,0,22,Female,Fiber optic,0,0,0,0,5584.107316496815,1,2,19.2370332009122,58.19525689000573,76,72,0,1,4550.6870023119145
6,One year,32.45804145775241,0,0,Electronic check,1,1,69,Female,No,0,0,1,0,194.74824874651443,1,1,5.357672898844059,73.79248274173904,43,12,1,2,1474.5922135219764
37,Two year,80.96636682904649,1,1,Credit card,1,1,77,Female,Fiber optic,0,0,1,0,2995.75557267472,1,0,76.80512488455552,73.64899186394874,72,49,0,2,3795.201692760969
29,One year,80.12345577765316,0,0,Bank transfer,1,0,54,Male,No,1,0,1,0,2323.5802175519416,1,0,37.72775628920809,46.54336896401634,94,33,0,2,3528.7134121693357
57,Two year,95.83258389487528,1,1,Credit card,1,0,45,Female,No,0,0,0,1,5462.457282007891,2,1,28.085752220314514,74.331730271378,64,2,0,2,4175.8590396001855
45,Two year,91.84962382251418,1,1,Bank transfer,1,1,76,Male,DSL,0,1,0,1,4133.233072013138,5,0,10.194379990624546,69.66862747481962,49,39,0,2,3755.827650032213
9,Month-to-month,84.42291752090642,0,0,Electronic check,1,0,41,Female,Fiber optic,0,0,0,0,759.8062576881578,10,5,15.679737004365373,21.116082364536766,-61,34,1,0,2198.925560617775
46,Two year,81.73202093453153,1,1,Credit card,1,0,58,Female,Fiber optic,0,0,1,0,3759.6729629884503,4,1,82.51288696662033,69.06211024622442,38,23,0,2,3283.8620782876355
11,Month-to-month,93.19108593838315,0,0,Electronic check,1,1,73,Male,Fiber optic,0,0,1,0,1025.1019453222148,5,3,16.09020764384249,11.256821886907224,0,8,1,1,2374.8556930295276
10,Month-to-month,113.2238451808914,0,0,Electronic check,1,0,26,Female,No,1,0,1,1,1132.238451808914,9,0,1.0653090337045354,18.835426768433116,-18,5,1,1,2685.8806454188
38,Two year,68.76469917879754,1,1,Credit card,1,0,41,Male,DSL,0,0,1,0,2613.0585687943067,2,2,65.35048853382692,70.47932200229118,66,20,0,2,3133.071052221394
32,One year,73.2226809436315,0,1,Bank transfer,0,1,65,Male,No,0,0,1,0,2343.125790196208,0,0,4.584380530259392,66.14940603253864,5,0,0,2,2361.219360302343
3,Month-to-month,50.446361787833595,0,0,Electronic check,0,0,28,Female,Fiber optic,0,1,0,1,151.33908536350077,1,0,10.745542811139357,55.43909404878,-6,0,1,2,467.54777341060463
68,Two year,72.52647979269129,1,1,Credit card,1,0,19,Female,No,0,0,0,0,4931.800625903008,1,1,63.06436495383471,62.37173896655573,3,5,0,2,3384.7447510285233
37,Two year,66.87393925308378,1,1,Bank transfer,1,0,40,Female,Fiber optic,1,0,1,0,2474.3357523641,2,0,42.45162183323889,48.81668486711214,21,15,0,2,2557.679476306047
17,Month-to-month,103.5359762853524,0,0,Electronic check,1,1,77,Female,Fiber optic,0,1,0,1,1760.111596850991,8,4,15.684918466129155,17.27799078316367,10,97,1,0,3589.338459833111
8,Month-to-month,93.25868483283192,0,0,Electronic check,1,1,67,Male,DSL,0,1,0,1,746.0694786626553,7,3,21.90535034496511,5.351396366717982,-48,23,1,1,1990.2805497734537
4,Month-to-month,76.68394530664676,1,0,Electronic check,1,0,58,Female,No,1,0,1,1,306.73578122658705,2,1,11.049123334652103,63.09774490484711,21,8,0,2,1039.4088518898402
58,Two year,82.87236654428615,1,1,Bank transfer,1,0,22,Male,Fiber optic,0,0,1,1,4806.597259568597,1,1,0.1817932259078219,42.40298407987607,39,2,0,2,3914.314415853406
1,Month-to-month,48.469132379129256,0,0,Mailed check,0,0,21,Female,DSL,0,0,0,1,48.469132379129256,2,1,34.41987573851806,64.03145064548055,100,61,0,2,2809.4064676770895
15,Month-to-month,105.99151558749769,0,0,Electronic check,1,0,31,Male,No,1,0,0,0,1589.8727338124654,10,5,9.4529310235204,6.570651690396064,-42,242,0,0,2298.611354494149
47,Two year,78.02478626919032,1,1,Bank transfer,1,0,62,Female,No,1,1,0,1,3667.1649546519448,3,0,190.8600672706342,64.40525826295068,64,14,0,2,3534.4299160365304
48,Two year,70.532631350128,1,1,Bank transfer,1,0,42,Female,DSL,0,1,0,1,3385.566304806144,1,0,3.448852405548901,54.169043901689335,59,10,0,2,3315.712591329951
20,One year,65.58110433490214,0,0,Credit card,0,0,32,Male,DSL,0,0,1,0,1311.6220866980427,5,1,71.69819462088884,71.19742872746056,18,19,0,2,1914.4524303800033
37,Two year,79.41435932639548,1,1,Bank transfer,1,1,73,Female,DSL,1,1,0,0,2938.331295076633,1,1,56.85868885020257,58.56636743309152,38,12,0,2,2270.4396846175623
2,Month-to-month,51.044826437961305,0,0,Electronic check,0,0,63,Male,No,0,0,1,0,102.08965287592261,2,1,13.270448312916423,52.836934323751784,15,6,0,1,1951.5423749189647
6,Month-to-month,113.81116465658204,0,0,Electronic check,1,1,77,Female,Fiber optic,0,0,0,1,682.8669879394922,11,3,50.007449956096806,8.93727009966199,-60,91,0,0,2280.883128017051
29,One year,81.8839722826938,1,0,Mailed check,0,0,62,Female,DSL,0,0,0,0,2374.6351961981204,2,0,53.025129842849324,78.7666471300862,60,3,0,2,2460.668654266208
68,Two year,71.3531378809408,1,1,Bank transfer,1,0,34,Male,Fiber optic,0,0,1,1,4852.0133759039745,1,0,77.9001964948942,54.52283036996194,52,5,0,2,4063.6855520037475
6,Month-to-month,95.69286796345612,0,0,Electronic check,1,0,37,Male,DSL,0,1,0,1,574.1572077807367,8,3,11.202554720136266,20.156741679838692,4,146,1,0,2963.534498301713
52,Two year,84.2750936630772,1,1,Credit card,1,0,21,Female,No,0,0,1,0,4382.304870480015,6,0,137.00397243759278,77.61788102573206,14,0,0,2,3240.715674354018
28,Two year,86.23088383142105,0,1,Credit card,1,0,63,Female,No,1,1,0,1,2414.4647472797897,3,1,116.45817807914356,77.77542930873129,76,7,0,2,2623.7923801566612
51,Two year,73.69534544134186,1,1,Credit card,1,0,25,Female,No,1,0,0,0,3758.4626175084345,1,1,109.0752401979825,65.78770699469155,0,10,0,2,2302.105611096667
27,One year,69.37041717786451,1,0,Credit card,0,0,33,Female,Fiber optic,1,1,1,1,1873.0012638023418,0,0,10.126415717521569,64.05188626045036,78,5,0,2,2617.0635182604383
30,Two year,78.4482864293609,1,1,Mailed check,1,1,78,Female,Fiber optic,1,0,0,0,2353.448592880827,0,0,28.269007488036152,47.026430570391966,100,13,0,2,3936.243316939135
18,One year,66.90133419539907,1,0,Mailed check,0,0,63,Male,Fiber optic,0,0,0,1,1204.2240155171833,2,0,41.66152989351922,53.755334617937876,39,3,0,2,2148.5512469523305
6,One year,48.67222955727178,1,0,Mailed check,0,0,48,Female,No,1,0,0,0,292.03337734363066,0,0,30.199135308232417,76.5098646114866,0,2,1,2,537.91137739041
52,Two year,92.05467663278077,1,1,Credit card,1,0,64,Female,Fiber optic,0,0,0,0,4786.8431849046,1,2,104.97265342722578,58.13845424750491,19,3,0,2,3085.392035839899
57,Two year,64.98856227645562,1,1,Credit card,1,0,62,Male,Fiber optic,0,0,0,0,3704.348049757971,1,0,0.4310558743594471,54.96772449199746,23,0,0,2,3680.5914860477505
2,Month-to-month,55.486158580178255,1,1,Electronic check,0,0,60,Male,Fiber optic,1,0,0,0,110.97231716035651,3,0,56.49196238738733,76.12340684941164,45,1,0,2,1084.8579821102308
20,Month-to-month,94.22127354171995,0,0,Electronic check,1,0,24,Male,No,0,0,0,1,1884.425470834399,8,4,34.39532032425383,24.638541189169686,30,68,1,1,2715.8173690097083
36,Two year,72.54910764776385,1,1,Bank transfer,1,1,70,Male,Fiber optic,0,0,0,0,2611.7678753194987,3,1,134.71261782437787,46.78295136391435,77,11,0,2,3335.8313368382037
20,Month-to-month,70.8672963426859,0,0,Electronic check,1,1,67,Male,No,0,0,0,0,1417.345926853718,8,5,0.6893253142720625,16.04301058024535,-2,14,1,1,2559.806845059355
11,Month-to-month,111.49789594776593,0,0,Electronic check,1,0,38,Female,No,0,0,0,1,1226.4768554254251,7,2,21.831358821781834,19.09289891322471,-4,36,1,1,2337.403770121504
60,Two year,92.35533846545312,1,1,Credit card,1,0,26,Male,DSL,0,0,1,0,5541.320307927187,4,0,4.005724659555774,74.56532497932297,11,11,0,2,3542.119315844823
7,Month-to-month,52.501211976390124,0,0,Electronic check,1,1,69,Female,Fiber optic,1,0,0,0,367.5084838347309,0,1,53.0572341285982,59.8645327363605,59,58,0,2,1593.3411162077464
28,Two year,51.30937362416874,0,0,Credit card,1,0,54,Male,Fiber optic,1,0,1,0,1436.6624614767247,1,2,18.753693835029136,48.85908469676377,62,18,0,1,3578.450971353841
31,One year,66.3823493166702,1,0,Credit card,0,0,35,Male,DSL,0,1,0,0,2057.8528288167763,2,0,94.53114444186953,44.36151121556626,82,0,0,2,3256.2217609367267
11,Month-to-month,65.97299838349859,1,1,Mailed check,1,1,70,Female,Fiber optic,0,1,1,0,725.7029822184845,0,0,139.1477640195243,63.455857028967586,44,28,0,2,1710.8714560902597
10,Month-to-month,51.508795422215655,0,1,Mailed check,1,0,18,Male,Fiber optic,0,1,1,0,515.0879542221566,3,0,52.58012934489481,71.80705031499988,28,8,1,2,1600.2412740702541
8,One year,71.93108980990283,1,0,Mailed check,1,0,57,Female,DSL,1,1,1,0,575.4487184792226,0,0,21.187970223260336,68.70648288950018,34,5,1,2,1528.8297570726106
10,One year,35.275682320060056,1,0,Mailed check,1,1,69,Female,Fiber optic,0,1,0,0,352.7568232006006,3,2,153.34554620544998,79.58031810103446,79,3,0,2,1835.2861884545025
8,Month-to-month,46.033137736821615,0,0,Mailed check,1,0,42,Female,DSL,1,1,1,1,368.2651018945729,0,0,14.946894091193789,76.7075420452754,6,37,0,2,1581.7082879202421
54,Two year,92.7282667499299,1,1,Bank transfer,1,0,62,Female,Fiber optic,0,0,0,0,5007.326404496214,3,0,131.70769989499257,68.7057961524165,41,24,0,2,3660.248637008702
13,One year,67.4652528357664,1,1,Bank transfer,1,0,48,Female,Fiber optic,1,0,1,1,877.0482868649633,6,0,42.320151498232,77.56753579150728,100,22,0,2,2952.343013213766
47,Two year,98.60518968507986,1,1,Bank transfer,1,0,22,Female,No,1,0,0,1,4634.4439151987535,5,1,13.082338476714524,51.10196329239642,45,25,1,2,3286.7698281780154
44,Two year,86.18772325725394,1,1,Credit card,1,0,62,Male,DSL,1,0,1,1,3792.259823319173,0,0,100.80369372014962,65.39608743174979,64,51,0,2,3803.0064194378215
14,Month-to-month,73.54539611659209,0,0,Electronic check,1,0,41,Male,DSL,0,0,0,0,1029.6355456322892,11,2,26.572150652069126,16.13575667149128,-93,15,1,1,651.8195982860857
6,Month-to-month,46.77786008483285,0,1,Electronic check,0,0,47,Female,DSL,0,0,0,1,280.6671605089971,2,0,44.92875864621253,48.50007639794303,14,0,0,2,1557.420407893148
35,One year,82.96597620799565,1,1,Bank transfer,0,0,25,Female,Fiber optic,0,0,0,1,2903.8091672798478,2,1,20.933078368621974,69.29347725630387,49,15,0,2,3235.294023851656
48,Two year,85.73460719647137,1,1,Bank transfer,1,1,71,Male,DSL,0,0,0,0,4115.261145430626,1,0,67.23548821158238,79.99495478281263,38,14,0,2,3790.89242396191
6,One year,43.56906975397923,1,0,Electronic check,1,0,49,Male,Fiber optic,1,1,1,0,261.4144185238754,1,1,80.90658441051781,69.99766400401184,74,8,0,2,1917.346558385728
8,Month-to-month,73.03051785589068,0,0,Electronic check,1,0,25,Male,No,0,0,0,0,584.2441428471254,3,3,4.330038655764828,13.98018324398741,-45,124,1,1,1019.9211979221869
3,Month-to-month,63.865197964907054,1,1,Electronic check,1,0,32,Male,Fiber optic,0,1,1,0,191.59559389472116,2,0,4.499433757230294,42.928896432658064,20,37,0,2,2025.9414078315551
10,Month-to-month,77.49081430230517,0,0,Electronic check,1,0,33,Female,DSL,1,0,0,1,774.9081430230517,16,0,3.3584456637390874,29.068380101753238,11,28,1,2,938.4211465797196
25,Two year,53.29526956313642,0,1,Bank transfer,1,0,42,Male,Fiber optic,0,1,1,0,1332.3817390784106,1,0,52.57711898950575,51.001467159773526,36,19,0,2,1906.371778955958
4,One year,37.04343019754307,0,1,Mailed check,1,0,45,Male,DSL,0,0,0,0,148.17372079017227,0,0,62.82062536650711,73.70916928889453,29,20,0,2,759.6710178757771
23,Two year,59.43046051454292,0,1,Mailed check,0,1,78,Male,No,0,0,0,0,1366.9005918344872,1,0,143.5995034771251,58.383347410092654,-10,35,0,2,1633.8060465488697
16,Month-to-month,107.91528567566466,0,0,Electronic check,1,1,71,Female,Fiber optic,1,0,1,0,1726.6445708106346,10,3,1.6960064427906507,13.603233961880663,-61,72,1,0,2551.5619821942287
63,Two year,84.72206697148744,1,1,Bank transfer,1,0,29,Male,DSL,0,1,1,1,5337.490219203709,2,1,276.3569100864944,74.04438193700845,75,9,0,2,4077.5922853734455
48,Two year,75.59037549705968,1,1,Bank transfer,1,0,38,Female,Fiber optic,0,0,1,1,3628.3380238588647,4,2,6.648564105445123,55.38750815319997,53,3,0,1,4279.196258673003
3,Month-to-month,67.2209626906663,0,0,Mailed check,1,0,37,Female,Fiber optic,0,1,1,1,201.6628880719989,2,2,37.89357592670352,41.2685698069336,70,19,1,2,1764.447170595333
71,Two year,67.67129822367443,1,1,Credit card,1,0,53,Male,No,0,0,0,1,4804.662173880884,1,0,115.23588484715437,54.47772141575451,85,0,0,2,4685.611660198386
3,Month-to-month,44.02316121023262,0,0,Electronic check,1,0,61,Female,DSL,1,0,1,0,132.06948363069787,2,0,86.5768763083626,64.223180995993,85,9,0,2,1789.5531538231535
25,One year,59.771611781486584,1,1,Credit card,0,0,35,Male,Fiber optic,0,1,1,0,1494.2902945371645,1,0,82.01270377199371,64.86612770224346,-27,10,0,2,1656.8815036535436
59,Two year,67.08683701087462,1,1,Credit card,1,0,32,Male,DSL,1,1,1,1,3958.1233836416022,1,2,34.14491951439628,48.82031407065553,27,1,0,1,4261.485097551182
19,Month-to-month,108.70952458571624,0,0,Electronic check,1,0,21,Female,No,1,0,0,1,2065.4809671286084,15,7,13.44535400912836,27.768277079144557,-13,203,1,0,3450.6968120991132
35,Two year,55.81930598397041,1,0,Credit card,1,0,45,Female,Fiber optic,0,1,0,1,1953.6757094389643,0,1,8.332153793126944,59.95408877761315,43,35,0,2,2555.0538251824432
50,Two year,91.28061339731869,1,1,Credit card,1,0,38,Female,Fiber optic,0,0,0,0,4564.030669865934,0,0,59.75002162673205,53.093329740887086,7,14,0,2,2599.698018130357
6,Month-to-month,72.66732488043618,0,0,Mailed check,1,0,54,Male,DSL,1,0,1,0,436.0039492826171,2,2,170.77792979121222,64.42369996205514,8,4,0,2,1324.491087018894
16,Two year,54.09768464930614,0,0,Mailed check,1,0,37,Male,Fiber optic,0,0,1,0,865.5629543888982,5,0,77.21127209302473,78.87041405700279,92,3,0,2,3017.4925499896594
1,One year,46.81563637524778,0,0,Mailed check,0,0,56,Male,No,1,0,0,0,46.81563637524778,3,2,57.948121644997805,60.54866739201722,48,18,1,2,1433.2518460459385
25,Two year,63.05977310653006,1,0,Mailed check,0,0,42,Female,No,1,0,0,0,1576.4943276632514,1,1,35.2216827281992,40.25548806080312,81,19,0,2,3119.1447906452368
9,Month-to-month,108.59945351273454,0,0,Electronic check,1,0,19,Male,DSL,0,1,0,0,977.3950816146108,7,1,29.543352519645186,8.782514181561655,-18,88,1,1,2583.9844324974756
19,One year,60.89017437537864,0,0,Credit card,1,0,32,Male,No,1,0,1,1,1156.9133131321942,2,0,64.20030341965193,71.4905439050811,76,2,0,2,2700.585101988063
70,Two year,98.86132169562354,1,1,Bank transfer,1,0,43,Female,DSL,0,0,0,1,6920.292518693648,2,1,23.580486071148556,49.422735382009236,59,25,0,2,4373.108321015371
29,One year,71.230367087433,0,0,Mailed check,1,0,48,Male,Fiber optic,0,1,0,0,2065.680645535557,1,0,27.45109099493843,47.78364108679769,12,15,0,2,2407.4938163919687
8,Month-to-month,59.385161417073824,0,0,Electronic check,0,0,49,Male,No,1,1,1,0,475.0812913365906,3,1,190.52136329085602,73.50882876604183,69,30,0,2,2998.1098975289397
57,Two year,76.62568746743622,1,1,Credit card,1,0,48,Male,DSL,0,1,0,1,4367.664185643865,2,0,44.75993006844851,79.74571730988596,32,10,0,2,3504.6859763900834
11,Month-to-month,48.48689054363444,0,0,Electronic check,1,0,24,Male,DSL,0,1,0,0,533.3557959799788,1,0,2.7087989210137633,44.435366042774895,49,11,0,2,1184.9182783095948
11,Month-to-month,59.752317246188056,0,1,Electronic check,1,0,33,Male,Fiber optic,1,0,0,0,657.2754897080686,1,0,4.965991344590156,74.88405800601215,37,11,0,2,1759.8174777962113
34,Two year,55.54027111300637,1,1,Mailed check,0,1,65,Female,Fiber optic,1,0,0,0,1888.3692178422166,4,1,19.031558387723983,57.63831968642877,80,13,0,2,3743.631072204295
55,Two year,75.71175103237374,1,1,Credit card,1,0,26,Female,Fiber optic,1,0,0,1,4164.146306780556,0,0,110.16183898452107,44.646291571432016,47,10,0,2,3665.4760227173642
41,Two year,81.3070354704622,1,1,Bank transfer,1,0,36,Female,Fiber optic,0,0,1,1,3333.58845428895,1,1,31.38588608339607,55.961907434196576,40,16,0,2,2224.716053628972
7,Month-to-month,109.73133955133908,0,0,Electronic check,1,0,37,Female,Fiber optic,1,0,1,0,768.1193768593736,5,4,1.0383227386961866,27.068108979386796,40,42,1,1,2783.5005658645073
18,Two year,84.52103844480703,1,1,Mailed check,1,0,30,Female,DSL,0,0,0,1,1521.3786920065265,3,0,25.859847859940487,59.075778316678914,55,37,0,2,2845.4310905046636
41,Two year,64.7981477209556,1,1,Bank transfer,1,0,53,Female,Fiber optic,0,0,1,1,2656.7240565591796,3,1,34.206219493523896,52.7619672256003,100,20,0,2,4068.4973342077337
7,Month-to-month,63.03636965545758,0,0,Mailed check,0,0,46,Male,Fiber optic,0,0,1,0,441.25458758820304,2,1,106.80869724585804,43.05684583167468,35,10,0,2,1990.13639947525
71,Two year,90.52621165035558,1,1,Bank transfer,1,0,64,Female,Fiber optic,0,0,1,1,6427.361027175246,4,0,7.0410229038143965,52.686358226038145,66,19,0,2,4598.397837903599
20,One year,71.1889978723467,0,0,Bank transfer,0,0,23,Female,Fiber optic,1,1,0,0,1423.779957446934,1,1,21.00916131799934,72.30420085005625,-5,2,0,2,1582.237178705549
40,Two year,67.25277119702021,1,1,Bank transfer,1,0,34,Female,No,0,0,1,1,2690.1108478808083,2,2,72.21690555722655,76.95339480613313,100,25,0,2,3815.3856193307056
36,Two year,92.62994574017124,1,1,Bank transfer,1,0,50,Female,DSL,0,0,0,0,3334.6780466461646,2,0,139.8010872780256,61.007484025139334,61,14,0,2,3826.841798891277
6,Month-to-month,59.44051350781116,0,1,Mailed check,0,0,42,Female,Fiber optic,0,1,1,0,356.643081046867,1,0,60.473691213902974,45.708511278571976,-13,10,0,2,800.4937108686147
9,Month-to-month,64.40588296031751,0,0,Electronic check,0,0,37,Male,Fiber optic,1,0,1,1,579.6529466428576,4,2,20.90918222218977,59.47118269853763,-16,6,0,1,2194.014793300549
44,Two year,68.80901205509261,1,1,Credit card,1,0,28,Female,No,0,0,1,0,3027.596530424075,1,0,81.69969017025278,69.1597865389945,-40,2,0,2,1688.4231244637915
39,Two year,97.18467691502737,1,1,Credit card,1,0,57,Female,DSL,0,1,0,0,3790.202399686067,4,1,58.99832737208051,45.75891780188179,21,14,0,2,2544.0459846885474
21,Month-to-month,110.05777986505785,0,0,Electronic check,1,1,66,Female,DSL,1,0,1,1,2311.2133771662147,9,1,50.250498456038784,28.908275538857097,-26,63,1,1,2139.6501277694906
2,Month-to-month,48.33760382129701,0,0,Mailed check,1,0,56,Female,Fiber optic,1,0,0,0,96.67520764259402,5,0,6.2936356613133775,68.6991193585402,83,5,1,2,1866.8427205635098
67,Two year,65.95967423880779,1,1,Bank transfer,1,0,26,Female,DSL,0,0,0,0,4419.298174000122,2,0,23.51600415699253,68.52096002555011,57,6,0,2,4253.401621536803
20,Month-to-month,97.84075589846965,0,0,Electronic check,1,0,47,Male,Fiber optic,1,0,0,1,1956.815117969393,10,4,21.61465057563745,21.293489157250328,-5,75,1,0,4079.989289602085
19,Month-to-month,103.10636744271244,0,0,Electronic check,1,0,27,Female,DSL,1,0,0,1,1959.0209814115365,8,3,40.89389355040055,21.228201196511257,-39,3,0,1,2725.4870512043826
15,Two year,53.58062799179542,0,1,Credit card,0,0,26,Male,Fiber optic,1,0,1,0,803.7094198769313,0,2,46.28758755896635,55.86200563276838,57,31,0,1,2289.633561914425
69,Two year,67.13009867618567,1,1,Bank transfer,1,0,24,Male,Fiber optic,1,1,1,0,4631.976808656811,2,2,45.73793832634459,60.06078842757766,25,3,0,2,3847.3842218361656
16,Two year,85.30947355928978,0,0,Bank transfer,1,1,74,Male,DSL,1,0,0,0,1364.9515769486366,3,2,18.295250210114034,74.26157950566926,19,16,0,2,1556.7550341512026
55,Two year,81.87438563900506,1,1,Bank transfer,1,0,44,Female,No,0,0,0,0,4503.091210145278,2,0,53.169972047646915,45.49786204734799,14,0,0,2,3275.144277815364
68,Two year,71.11608388995471,1,1,Credit card,1,0,47,Male,Fiber optic,1,0,0,1,4835.8937045169205,1,0,41.777379802905244,44.5817710263083,-12,26,0,2,3360.8246673517833
13,Month-to-month,79.79360925395687,0,0,Electronic check,1,1,78,Male,Fiber optic,0,1,1,1,1037.3169203014393,10,4,36.014816281257346,29.289363754387345,-100,63,1,0,1523.3756850716475
16,One year,89.78262272834306,0,1,Mailed check,0,0,37,Female,DSL,1,1,0,1,1436.521963653489,3,1,40.778929855992146,56.39783327862595,85,2,0,2,2893.0627505978246
22,Two year,87.04531355092935,0,1,Credit card,0,0,43,Male,No,1,1,0,0,1914.9968981204456,2,0,112.24216980196393,71.1074378007209,78,15,0,2,2679.870597344465
4,One year,44.164826399885115,0,1,Mailed check,1,0,46,Female,Fiber optic,0,1,1,0,176.65930559954046,1,1,108.92912619911435,79.98019032727659,38,17,0,2,1576.013599888313
22,One year,64.05436057327124,0,0,Credit card,0,0,31,Female,Fiber optic,1,1,0,1,1409.1959326119672,0,0,29.36709868398809,75.58057751147948,37,12,0,2,1848.1446904210156
23,Two year,58.79908322616078,1,0,Mailed check,1,0,36,Female,DSL,0,1,1,0,1352.378914201698,1,0,7.942282924937496,73.11718970809673,61,15,0,2,2139.295263955204
33,One year,86.06576711081237,1,1,Mailed check,0,0,63,Female,Fiber optic,1,1,1,1,2840.1703146568084,6,0,108.08848231715189,40.675239627524405,100,4,0,2,3687.529667456246
7,Month-to-month,79.8711469526777,0,0,Electronic check,1,0,25,Male,No,1,1,1,0,559.098028668744,4,0,21.19061957462783,41.28360657663228,9,28,1,2,1404.0889426512238
41,Two year,97.49413176863457,1,1,Credit card,1,1,79,Female,Fiber optic,0,0,0,1,3997.2594025140174,2,0,65.1360469677129,41.98714605517287,70,15,0,2,3603.512094920863
30,One year,56.35105145149049,0,1,Bank transfer,0,0,38,Female,No,0,1,0,0,1690.5315435447146,0,1,30.58835777439902,48.9451043528066,-35,2,0,1,2005.9170683081534
59,Two year,78.4693125444953,1,1,Bank transfer,1,0,18,Female,Fiber optic,0,0,0,0,4629.689440125222,0,0,78.05021774508133,43.63238822640087,11,1,0,2,3211.4553757051985
27,Two year,59.03448726488681,1,0,Credit card,1,0,19,Female,DSL,0,0,1,1,1593.931156151944,2,0,46.36412457034024,68.31903705458538,20,11,0,2,1730.5969986537311
30,One year,69.78673128909374,1,1,Credit card,0,0,55,Male,No,1,0,0,0,2093.601938672812,0,0,75.20127251231763,63.824635539396766,68,10,0,2,2985.27539665578
16,Month-to-month,72.3854170726936,0,0,Electronic check,1,1,71,Female,Fiber optic,0,1,1,1,1158.1666731630976,10,1,8.964503324909279,16.1031675466942,-9,4,1,1,2150.9493922813404
4,Month-to-month,73.82802453943589,1,0,Mailed check,0,1,66,Male,No,0,0,0,0,295.31209815774355,0,1,29.145988692110777,58.81025662470884,60,32,0,2,1813.8220520344132
30,Two year,86.35308856387735,0,0,Credit card,1,0,36,Female,Fiber optic,0,1,1,0,2590.5926569163203,3,0,16.595090096563236,50.12252998580222,-28,4,0,1,2471.0944233964565
21,Month-to-month,78.56413181460756,0,0,Electronic check,1,0,51,Female,Fiber optic,0,0,0,1,1649.8467681067589,6,4,78.68766329760489,24.807519985340406,-26,49,1,1,2271.256704103357
6,Month-to-month,75.2379129769249,0,0,Electronic check,1,0,30,Female,DSL,1,0,0,0,451.4274778615494,7,4,43.66507742063436,15.752591957384183,34,32,1,1,2151.7603449124076
22,Month-to-month,103.49631710806615,0,0,Electronic check,1,0,23,Female,Fiber optic,0,1,0,0,2276.9189763774552,10,1,55.58903678360265,22.340394367156613,-38,178,1,1,2502.9783376206815
60,Two year,66.8232764622836,1,1,Bank transfer,1,0,62,Male,Fiber optic,0,1,1,1,4009.396587737016,0,0,123.3037620052963,64.56223824773771,39,3,0,2,4144.426357564573
44,Two year,95.25803118700085,1,1,Bank transfer,1,0,50,Female,Fiber optic,0,0,1,1,4191.353372228037,0,0,104.21563117277009,43.6008024654524,21,18,0,2,2989.004850979852
11,Month-to-month,76.5311983434646,0,0,Electronic check,1,1,79,Female,Fiber optic,0,0,0,0,841.8431817781105,7,2,34.09110313863157,6.86729512896239,5,41,1,1,2708.51925721676
10,One year,61.165721687952875,1,0,Mailed check,1,0,42,Female,Fiber optic,0,1,1,0,611.6572168795287,1,0,5.617533885362851,62.16841338423398,49,11,0,2,1833.1853245338802
4,Month-to-month,61.23503347033039,0,0,Electronic check,1,0,46,Female,Fiber optic,0,0,1,0,244.94013388132157,2,0,167.82687712095762,58.225544035061816,43,9,0,2,1934.5073659092973
4,One year,47.32346435393336,0,0,Mailed check,1,0,30,Male,Fiber optic,1,0,0,0,189.29385741573344,2,0,20.1442413941245,43.636515420952044,42,6,0,2,1859.6300496890108
3,One year,37.861783254711675,1,1,Mailed check,0,0,28,Male,DSL,0,0,0,1,113.58534976413503,0,1,69.9363859089207,42.6182880605967,46,31,1,2,831.6337258750533
3,Month-to-month,34.46110840286193,1,0,Electronic check,0,0,49,Female,No,1,1,0,0,103.3833252085858,0,0,48.96938987852202,76.34619153625536,50,3,0,2,863.3886229216942
18,Month-to-month,74.78317932094208,0,0,Electronic check,1,1,71,Male,DSL,0,0,0,0,1346.0972277769574,13,4,23.442944024143788,18.681172203281,-5,171,1,0,3911.723001774296
24,One year,77.81232432374122,0,1,Mailed check,1,0,51,Male,DSL,1,0,0,0,1867.4957837697893,1,0,80.10074989875886,47.02363276234952,77,43,0,2,2716.6435371346415
1,Month-to-month,37.9143128029549,0,0,Mailed check,0,0,55,Female,Fiber optic,0,1,1,0,37.9143128029549,1,0,115.26662443358617,56.53802241116994,30,19,0,2,1094.7568163373712
32,One year,58.11703542807953,1,1,Credit card,0,0,39,Male,No,1,1,1,0,1859.745133698545,2,1,77.16254906461936,42.495291843626966,29,6,0,2,2519.5713648418214
12,Two year,61.480007163158795,1,1,Bank transfer,1,0,55,Male,Fiber optic,0,0,0,1,737.7600859579055,0,0,97.39341316154628,41.60031913080795,27,0,0,2,1658.7462181497986
13,Two year,89.82992908238118,0,1,Bank transfer,0,0,58,Female,Fiber optic,1,0,1,0,1167.7890780709554,1,0,122.19671385267206,47.34499403316601,38,0,0,2,2033.0907960153127
24,One year,58.765798729303214,0,0,Credit card,1,0,39,Female,DSL,0,0,1,0,1410.3791695032771,3,1,62.80455125466385,43.02705386942465,42,10,0,2,2398.7433015332035
64,Two year,94.65546057005369,1,1,Credit card,1,0,56,Male,No,0,0,0,1,6057.949476483436,1,0,172.29654466978215,44.084927496780224,44,2,0,2,3564.8461794801674
43,Two year,68.39367979425637,1,1,Bank transfer,1,0,52,Female,Fiber optic,0,0,1,1,2940.928231153024,0,1,20.182995892038186,76.82376053956946,100,3,0,2,4364.016873110532
2,One year,65.60359961239652,1,0,Mailed check,1,0,42,Female,Fiber optic,0,1,1,1,131.20719922479304,1,0,33.96029151949537,41.36552215230036,96,13,0,2,2027.7923795935676
27,One year,86.13284421077017,0,1,Mailed check,0,0,25,Male,No,0,0,0,1,2325.586793690795,0,1,93.97951790151835,46.05769290863497,100,19,0,2,4014.6843081075103
5,Month-to-month,44.75544300921426,0,0,Mailed check,1,0,52,Male,Fiber optic,1,0,1,1,223.77721504607132,0,0,115.14010110721081,70.53728076209237,14,13,0,2,666.8464023566614
32,One year,57.44402247756966,0,1,Bank transfer,0,0,51,Female,No,0,0,0,0,1838.2087192822291,3,1,5.580902151935685,43.39461298334602,73,11,0,2,3014.0128461466984
8,Month-to-month,77.44581090943575,0,0,Mailed check,0,0,50,Female,DSL,0,1,0,0,619.566487275486,0,0,10.083846431178268,77.57301622209837,38,10,0,2,1783.8854174829805
23,One year,70.61181750525782,1,0,Bank transfer,1,0,41,Male,No,0,1,1,0,1624.0718026209297,3,0,74.66429468589044,51.90970202937348,55,31,0,2,2174.6794353262885
2,Month-to-month,47.123760959315206,0,0,Electronic check,1,0,27,Female,DSL,0,0,1,0,94.24752191863041,4,0,138.4487331972395,55.96800103559585,0,38,0,2,587.9654566968366
2,Month-to-month,43.519161765532814,0,0,Electronic check,1,0,55,Female,Fiber optic,1,1,1,1,87.03832353106563,1,3,27.117094580579174,69.99535405568184,6,22,0,1,1426.8629283764737
56,Two year,69.13946987019082,1,1,Credit card,1,0,42,Female,Fiber optic,0,1,1,1,3871.810312730686,0,0,35.08654048788449,48.036648523298275,100,3,0,2,4685.063811144224
9,Month-to-month,31.128429160118856,0,1,Electronic check,0,0,35,Male,No,0,0,1,1,280.1558624410697,0,0,52.67414070534469,76.13984210106368,30,5,0,2,1409.9337351540214
19,Two year,57.4288474200387,1,1,Bank transfer,0,0,24,Female,DSL,1,0,0,0,1091.1481009807353,0,0,49.25735381089823,53.21599403499679,52,51,0,2,2398.7397913831583
71,Two year,87.00560244598672,1,1,Credit card,1,1,70,Female,No,0,1,0,0,6177.397773665058,0,0,63.03845951184589,49.80257830658978,22,45,0,2,4314.411607798879
14,Month-to-month,119.89423541142303,0,0,Electronic check,1,0,61,Female,DSL,1,0,1,0,1678.5192957599224,4,2,6.2722215545130116,24.646190552721993,-16,39,1,1,2129.3448170244487
32,Two year,66.799431938238,0,0,Mailed check,0,0,51,Male,Fiber optic,0,0,0,1,2137.581822023616,0,0,1.7656920274167347,65.874196195745,24,7,0,2,1892.9826627797534
9,Month-to-month,67.31569062845384,0,0,Electronic check,1,0,26,Female,No,0,0,1,1,605.8412156560845,1,1,17.467955441746568,50.552811956670695,26,0,1,2,2048.837975284196
21,One year,63.519841252476915,1,1,Mailed check,0,1,65,Male,Fiber optic,1,1,0,1,1333.9166663020153,2,1,23.241618646016022,68.56709588971705,38,30,0,1,2912.650553039806
69,Two year,81.29970797748587,1,1,Credit card,1,1,78,Male,Fiber optic,1,0,1,0,5609.679850446525,2,0,117.44542964507383,61.216060661148575,53,15,0,2,4178.966966775566
13,Two year,65.36060118908738,1,1,Mailed check,0,0,52,Male,DSL,0,0,0,0,849.6878154581359,1,1,27.05095865133284,62.25196793421553,53,0,0,2,1358.3364843783638
64,Two year,89.48386201728205,1,1,Bank transfer,1,0,40,Male,No,0,0,0,1,5726.967169106051,0,0,37.3649601353371,69.34717632679224,11,72,0,2,3388.0485019543407
48,Two year,69.1136967017244,1,1,Credit card,1,0,32,Male,No,0,0,1,0,3317.457441682771,2,0,19.16887557084097,51.13955425217031,11,3,0,2,2456.8906922455158
21,One year,72.87967781226833,1,0,Credit card,1,0,27,Female,Fiber optic,0,0,0,0,1530.473234057635,0,0,91.65966435038202,46.909813385179824,67,1,0,2,2788.2447191996034
2,Month-to-month,44.312951769159156,1,0,Electronic check,0,0,28,Female,Fiber optic,1,0,0,0,88.62590353831831,1,0,162.91965920333175,64.42523340064255,67,8,0,2,1270.1648405856477
18,Two year,88.91739250014808,1,1,Bank transfer,1,0,58,Female,No,0,1,0,0,1600.5130650026654,3,1,226.5984695818104,78.7605457280008,44,21,1,2,2606.542153660171
17,Two year,72.1082306465151,0,1,Mailed check,1,0,52,Male,No,0,0,1,1,1225.8399209907566,2,0,29.921168803489806,64.7077425023146,94,19,0,2,2570.3648982812665
2,Month-to-month,31.641274940962006,0,1,Mailed check,1,0,30,Female,DSL,1,0,1,0,63.28254988192401,0,0,104.45488963232506,44.201605109109,48,34,0,2,1578.8104467152302
5,Month-to-month,57.890506286771725,0,1,Mailed check,1,0,21,Female,Fiber optic,1,0,1,1,289.4525314338586,3,1,52.0465424172132,72.91000963543132,30,6,0,2,1640.6268665327498
5,Month-to-month,36.546562606338874,0,0,Mailed check,1,1,68,Female,Fiber optic,0,1,0,1,182.73281303169438,4,2,76.23977255787787,53.704120595532416,67,27,0,2,1442.0732442872375
70,Two year,86.52029384567103,1,1,Credit card,1,0,52,Male,DSL,1,1,0,0,6056.420569196973,3,1,219.32004155676728,77.7436178220955,17,11,0,2,4434.729647367174
66,Two year,63.76607640502792,1,1,Bank transfer,1,0,63,Male,DSL,0,0,1,0,4208.5610427318425,4,1,32.28972611802069,54.67392904304649,38,3,0,2,3824.2551069301608
18,Month-to-month,92.9233805072862,0,0,Electronic check,1,0,27,Female,Fiber optic,0,1,0,0,1672.6208491311515,6,2,39.66003211193363,29.630930536160044,10,22,1,1,2678.539499726889
1,Month-to-month,66.52573270131633,1,0,Mailed check,0,1,69,Male,DSL,0,1,1,0,66.52573270131633,4,2,4.386477950700296,46.14390744941885,49,28,0,2,1318.5546846226075
71,Two year,93.04156206666288,1,1,Credit card,1,0,30,Female,DSL,0,1,1,1,6605.950906733065,2,1,8.061471393677541,55.977814721883846,19,34,1,2,3712.7208857361393
66,Two year,98.78430907392382,1,1,Bank transfer,1,0,59,Male,Fiber optic,0,1,0,0,6519.764398878972,3,1,90.86544866023188,79.89230502925717,65,95,0,2,4002.773391947113
42,Two year,81.98334626888574,1,1,Bank transfer,1,0,29,Male,DSL,0,0,1,0,3443.300543293201,3,0,6.356291965140456,40.58982232607997,62,0,0,2,3886.6655855135514
67,Two year,81.7522291146495,1,1,Bank transfer,1,0,47,Female,Fiber optic,0,1,1,0,5477.399350681516,0,0,87.73880272353719,63.200310667475016,69,17,0,2,4538.156012507603
63,Two year,77.35202049019087,1,1,Credit card,1,0,22,Male,Fiber optic,1,1,0,0,4873.177290882025,3,0,5.451221270086591,54.422560155451485,7,11,0,2,3080.155520640794
47,Two year,66.73347823676521,1,1,Bank transfer,1,0,18,Male,Fiber optic,0,0,0,0,3136.473477127965,0,0,36.089175306555454,51.10109196331436,52,33,0,2,3672.6247417538484
49,Two year,78.33865698277032,1,1,Bank transfer,1,0,39,Male,DSL,0,0,0,1,3838.5941921557455,1,0,6.354303197429105,44.71210117601046,-6,11,0,2,2821.132782892528
14,One year,50.50909126759682,1,1,Mailed check,1,0,54,Female,Fiber optic,1,1,0,0,707.1272777463555,2,1,146.03393594604785,44.66921182998607,9,3,0,2,1109.6861575827372
6,Month-to-month,64.74103649358604,1,0,Mailed check,0,0,23,Female,Fiber optic,0,1,0,0,388.44621896151625,2,0,22.974054965459775,57.22938025661943,30,1,0,2,1317.291210759965
9,One year,43.65798101849725,1,0,Electronic check,0,0,63,Male,Fiber optic,0,0,0,0,392.9218291664753,1,0,48.35810511340168,50.359565205697066,37,14,1,2,1369.8401953810835
30,One year,75.58657067159368,0,0,Mailed check,1,0,37,Male,DSL,0,1,0,1,2267.5971201478105,4,2,54.4844102073117,51.91649562558169,46,3,0,2,2467.696644426524
49,Two year,75.17434359689695,1,1,Credit card,1,0,34,Female,No,1,0,0,1,3683.54283624795,3,0,13.7856839707373,69.86414869186913,-29,3,0,1,2913.7288619075175
22,Month-to-month,95.67610384562417,0,0,Electronic check,1,0,55,Female,Fiber optic,1,0,0,1,2104.8742846037317,1,4,7.649434152074593,19.093480886211097,-52,7,1,1,2000.2747549729072
7,Month-to-month,58.89385407204546,0,0,Electronic check,0,0,40,Female,DSL,0,0,0,1,412.2569785043182,2,0,96.88648565626539,70.45384741255731,28,9,0,2,916.992592413674
7,One year,60.255081111857535,0,1,Mailed check,1,0,50,Male,Fiber optic,1,1,0,1,421.78556778300276,1,0,180.37478999858556,77.81285995744733,-7,5,1,2,968.6258079903697
17,One year,63.332712606609675,0,1,Bank transfer,1,1,69,Male,No,0,0,0,0,1076.6561143123645,3,1,75.75431565520216,49.18474073630911,66,21,0,2,2510.117173458965
40,Two year,75.81737071971658,1,1,Credit card,1,0,28,Male,DSL,0,1,0,1,3032.694828788663,0,0,13.870763739929405,43.79489108129369,1,2,0,2,2977.353574778662
7,Month-to-month,87.1633578536202,0,0,Electronic check,1,1,70,Male,DSL,1,1,1,1,610.1435049753413,6,4,5.287988240284307,10.956926519216264,-6,0,1,1,2229.468911660838
18,Month-to-month,113.08285777485241,0,0,Electronic check,1,0,21,Female,Fiber optic,0,0,0,0,2035.4914399473435,3,3,16.50583141533437,28.07822265956679,46,26,0,1,3429.152723859096
10,Month-to-month,57.565869533140706,1,0,Mailed check,0,0,33,Male,No,0,0,0,0,575.6586953314071,2,1,94.6160596228443,47.87602250909767,67,0,0,2,2094.9330823779233
48,Two year,84.16286708284878,1,1,Credit card,1,0,23,Female,DSL,1,1,0,0,4039.8176199767413,0,1,40.67049355440245,72.74081558258081,11,21,0,2,2852.7469415667474
71,Two year,65.88247402266353,1,1,Bank transfer,1,0,57,Male,Fiber optic,1,0,0,0,4677.655655609111,2,0,145.88014338661532,69.35954437036301,29,3,0,2,4014.1261170259404
55,Two year,83.23728213051191,1,1,Bank transfer,1,0,29,Male,Fiber optic,1,1,1,0,4578.050517178155,1,0,25.87864815824914,65.3564361462572,27,4,0,2,3303.782001226743
10,Month-to-month,51.851686272488536,0,0,Electronic check,0,1,73,Male,Fiber optic,1,1,0,0,518.5168627248854,1,0,83.38913861038209,49.8962337768489,0,26,0,2,1096.343233447338
11,Month-to-month,50.592614157224844,0,1,Mailed check,0,0,37,Female,No,1,1,0,1,556.5187557294732,3,0,48.837655826448994,44.87638615382108,6,0,1,2,1302.6566138557746
7,One year,69.19762590489205,0,0,Mailed check,0,0,30,Male,DSL,0,0,1,1,484.38338133424435,3,0,65.39373938544605,40.48346161783038,18,8,0,2,821.1877359329507
28,Two year,76.83977928113265,1,0,Credit card,1,0,27,Male,Fiber optic,0,0,0,1,2151.513819871714,1,0,112.64019235996994,60.97096347418261,11,1,0,2,2383.555458602354
3,Month-to-month,60.69229725038622,0,0,Mailed check,0,0,29,Female,Fiber optic,0,0,0,1,182.07689175115866,3,0,0.23999524038596248,46.530333517128646,36,0,1,2,1284.874873461927
22,Month-to-month,71.65982430527349,0,0,Electronic check,1,0,19,Female,Fiber optic,0,1,0,0,1576.5161347160167,9,1,5.171508749376451,13.685380150031385,-24,31,1,1,2049.1080783976317
28,One year,65.19620754472905,0,1,Mailed check,0,0,57,Male,Fiber optic,0,0,0,0,1825.4938112524133,2,1,177.52633843319992,78.21470589796841,12,23,0,2,1849.4929553902252
23,Month-to-month,99.46004533819266,0,0,Electronic check,1,0,51,Female,No,1,1,0,1,2287.5810427784313,9,6,6.964145134688849,22.358989104898303,-4,31,1,0,3454.5326090368762
53,Two year,65.98815871827831,1,1,Credit card,1,0,42,Male,DSL,1,0,0,1,3497.3724120687507,1,1,130.08314188015802,45.10154277447568,45,18,0,2,3291.3522670232223
22,Two year,64.67240379021875,0,1,Bank transfer,0,0,42,Female,Fiber optic,1,1,0,1,1422.7928833848125,2,0,141.49709278353947,60.11349378774305,55,31,0,2,2177.5595577802073
7,Month-to-month,62.14010250810412,0,0,Electronic check,0,0,28,Male,Fiber optic,0,0,0,0,434.98071755672885,2,0,47.49524190229903,65.58912828246265,34,5,0,2,1384.7203669255418
10,Month-to-month,86.29177974224994,0,0,Electronic check,1,0,34,Male,Fiber optic,1,1,0,0,862.9177974224995,4,0,16.393822435914164,8.37439405318089,-48,123,1,1,991.8204728668975
14,One year,75.07582719242868,1,1,Mailed check,0,0,61,Male,No,0,0,1,1,1051.0615806940013,1,0,67.12720270841474,43.61039462962695,10,15,0,2,1436.898530204467
37,Two year,71.04949299900612,1,1,Credit card,1,0,33,Female,DSL,1,1,1,1,2628.8312409632263,3,0,10.930058543137273,63.83119337073984,86,13,0,2,3016.4275612256333
2,Month-to-month,64.02915464593836,1,0,Electronic check,1,0,63,Female,Fiber optic,0,0,0,0,128.05830929187672,1,4,82.75795883879618,50.35872768963457,56,4,0,2,1612.3302912763313
38,Two year,63.553609803502574,1,1,Credit card,1,0,47,Male,Fiber optic,0,1,1,0,2415.037172533098,2,0,70.20027346292407,76.87680233287207,44,12,0,2,3607.4993911160836
51,Two year,65.91936589463339,1,1,Bank transfer,1,0,25,Female,Fiber optic,0,0,0,0,3361.887660626303,1,0,0.3068593631807825,62.998379949821484,60,1,0,2,3645.577507550444
10,Month-to-month,87.06546202449468,0,0,Electronic check,1,0,64,Male,Fiber optic,0,1,0,0,870.6546202449467,8,2,10.740371913241749,21.218185720309503,0,31,1,1,1927.4538054345608
33,Two year,67.60132612016022,0,1,Credit card,1,0,37,Male,Fiber optic,1,0,1,0,2230.8437619652873,0,1,49.094599614189896,52.90007984394883,34,37,1,2,2886.3832079109907
6,Month-to-month,71.02882196669248,1,0,Mailed check,1,1,71,Female,Fiber optic,0,1,1,0,426.17293180015486,3,0,16.248616698306105,71.50728704855379,38,5,0,2,2149.682930281363
19,Month-to-month,97.95306438826259,0,0,Electronic check,1,0,39,Female,DSL,0,1,0,1,1861.1082233769891,10,6,14.229632151869158,9.24598430904155,-14,34,1,0,3041.8982544163787
61,Two year,75.36958480549525,1,1,Credit card,1,0,27,Male,No,1,0,0,0,4597.54467313521,2,0,204.46541960790404,50.98570778034163,-3,55,0,2,2961.5522716648475
21,Two year,89.54012279712825,0,1,Mailed check,1,0,29,Female,DSL,0,0,0,1,1880.3425787396932,2,1,31.378309132069404,75.82040145224605,98,4,0,2,3609.22222765316
1,One year,45.742057770436766,1,0,Electronic check,0,0,42,Female,Fiber optic,0,0,1,0,45.742057770436766,0,1,58.95507384621466,54.873276001659626,37,71,1,2,1431.1470453727195
60,Two year,69.56221328789063,1,1,Credit card,1,0,43,Female,Fiber optic,0,0,0,0,4173.732797273437,2,0,7.304551869332585,56.90342407303202,21,13,0,2,2884.5764571434884
1,One year,52.81629619111993,0,1,Mailed check,1,0,44,Female,No,0,0,0,0,52.81629619111993,2,0,53.31095296586931,62.39831236652176,17,3,0,2,571.6033944885986
67,Two year,87.59998949235774,1,1,Credit card,1,0,18,Male,Fiber optic,1,1,0,0,5869.199295987968,1,1,53.95618554589278,79.71274353173942,28,25,0,2,3887.1291084005325
39,Two year,69.05116432856927,1,1,Bank transfer,1,0,40,Female,DSL,0,1,0,0,2692.9954088142017,0,0,59.923428529191945,50.45349874456613,41,7,0,2,3418.396765000201
7,One year,65.30290573190155,0,0,Mailed check,0,0,33,Female,Fiber optic,1,0,1,0,457.1203401233108,3,1,54.150299478951545,76.84410028242637,21,1,0,2,1340.4571975925871
35,One year,63.57768822949538,1,0,Credit card,0,0,58,Female,Fiber optic,0,0,0,0,2225.2190880323383,1,2,40.14590932571426,54.672173537822935,37,19,0,2,3225.512158596447
9,Month-to-month,49.86456464729528,0,0,Electronic check,0,0,35,Female,Fiber optic,0,1,0,1,448.78108182565757,1,1,17.71944478662321,56.9027185632572,22,9,1,2,1250.52764081653
21,Month-to-month,94.43219485493792,0,0,Electronic check,1,1,71,Female,Fiber optic,0,1,1,1,1983.0760919536963,5,3,97.53658772908587,19.524910544587602,-43,18,1,1,2040.4747810490967
16,Month-to-month,74.19947506945795,0,0,Electronic check,1,0,22,Female,Fiber optic,0,0,0,0,1187.1916011113271,4,1,4.896620423186918,12.961554057527046,23,104,0,1,2481.8582494014336
9,One year,42.337371033369045,0,0,Mailed check,0,0,23,Male,No,0,0,0,1,381.0363393003214,1,0,21.084615673712154,66.2553667008834,8,5,0,2,916.5649382552535
22,Month-to-month,93.39071480904859,0,0,Electronic check,1,1,67,Male,DSL,0,0,0,1,2054.595725799069,14,4,34.83415228033827,11.583920703260315,-55,16,1,1,2077.8704684208046
23,Two year,54.99533252962585,1,0,Credit card,0,0,44,Female,Fiber optic,0,1,0,0,1264.8926481813944,3,1,33.029563911868586,56.49589148116364,6,6,1,2,1397.2250647291335
19,Month-to-month,100.81781617995125,0,0,Electronic check,1,0,34,Male,Fiber optic,1,1,1,1,1915.5385074190738,7,0,6.407025734098154,7.6962609974465925,-77,29,1,1,1658.011485514776
2,Month-to-month,56.59664887763957,1,0,Electronic check,1,0,26,Female,No,0,1,0,1,113.19329775527915,1,3,8.673777189381969,67.89117942479763,96,6,0,2,1784.3748889073438
8,Month-to-month,31.918077739398733,1,0,Mailed check,1,1,77,Male,DSL,0,0,0,1,255.34462191518986,6,0,40.34465891434165,50.93000172928113,43,1,1,2,1536.6761614201105
42,Two year,64.22773919625097,1,1,Credit card,1,0,45,Female,Fiber optic,0,0,1,1,2697.5650462425406,2,1,49.31373308941613,75.79436809362853,92,8,0,2,3719.646789427554
13,One year,67.22967899525182,0,0,Mailed check,0,0,33,Male,No,1,1,0,0,873.9858269382736,2,1,44.75738381635186,77.90857339954437,72,17,1,2,2238.719601319553
10,One year,30.697450934595572,0,0,Electronic check,1,0,23,Female,Fiber optic,1,0,1,0,306.9745093459557,2,0,98.75073200685532,74.7858749499044,48,2,0,2,1748.347786939065
13,Two year,85.75030033108186,1,1,Bank transfer,1,0,60,Female,No,0,0,1,0,1114.7539043040642,2,0,13.971953735206462,67.67594475402092,75,5,0,2,2611.8492523922455
23,Month-to-month,94.375113931014,0,0,Electronic check,1,0,47,Male,DSL,0,1,0,0,2170.627620413322,9,3,22.186980687533904,23.054756329381007,20,11,1,1,2779.561757809534
61,Two year,95.0442077039217,1,1,Bank transfer,1,0,62,Female,Fiber optic,0,0,0,1,5797.696669939223,3,0,53.207970250430925,65.45916776529,46,46,0,2,4216.195706300617
2,Month-to-month,62.39185193041133,0,0,Mailed check,1,0,37,Male,Fiber optic,1,1,1,1,124.78370386082265,2,1,14.534401536405458,73.02743604748345,49,19,0,2,1668.461670021861
42,Two year,89.83440154508048,1,1,Credit card,1,0,29,Female,Fiber optic,0,0,0,0,3773.0448648933802,2,0,1.2410284164148355,51.52730896573958,73,34,0,2,3676.1304042229585
16,One year,63.03991674142411,0,1,Credit card,1,0,24,Male,Fiber optic,0,0,1,1,1008.6386678627857,1,0,102.02089470496193,72.19478637484954,43,15,0,2,2630.8803693467416
11,Month-to-month,70.08212949156837,1,0,Electronic check,0,1,70,Female,No,0,0,0,0,770.903424407252,0,0,24.168515562328004,55.87375398109625,-1,25,0,2,1271.0705471095612
7,Month-to-month,32.757829530089275,0,1,Mailed check,0,0,31,Female,Fiber optic,0,0,0,0,229.30480671062492,4,0,39.405448192966766,75.5932625183759,24,10,0,2,1067.3919747944717
62,Two year,97.86577735974186,1,1,Credit card,1,0,52,Female,DSL,1,1,1,0,6067.678196303995,0,0,14.285881312911409,77.83074734328252,-23,7,0,2,2651.548712324374
62,Two year,69.4316837583684,1,1,Credit card,1,1,77,Male,Fiber optic,1,0,1,1,4304.764393018841,0,1,11.185891439778155,52.36650254365087,44,0,0,2,3838.994323163393
2,Month-to-month,45.7608368688643,0,1,Electronic check,1,0,31,Male,Fiber optic,0,0,1,0,91.5216737377286,1,0,84.52380542646246,66.04377698211843,49,5,0,2,1583.7690046201428
5,Month-to-month,62.49319608512875,1,1,Electronic check,1,0,28,Female,No,0,0,0,1,312.46598042564375,6,2,0.6302497892661287,46.124142877880374,45,18,1,2,1266.3860661615536
6,Month-to-month,33.25003944744442,0,0,Mailed check,0,0,24,Female,No,0,1,1,0,199.50023668466653,0,0,47.42076025207353,55.01951273429117,8,9,0,2,386.88910111580384
14,Month-to-month,87.94564954990153,0,0,Electronic check,1,0,60,Male,Fiber optic,0,0,1,0,1231.2390936986214,5,5,51.319407122168705,14.942371375711389,-42,4,1,1,893.2961046027364
22,Two year,81.93584596011964,1,1,Mailed check,1,0,34,Female,Fiber optic,1,1,1,0,1802.588611122632,1,0,84.22857613224832,47.90455442446031,71,26,0,2,3005.744774892987
26,One year,65.9344514506696,1,0,Credit card,0,0,29,Male,No,0,1,0,1,1714.2957377174096,2,2,129.76053394175204,67.18280491737012,27,7,0,2,2405.742325881001
8,Month-to-month,77.43270404514953,1,0,Mailed check,0,1,66,Male,DSL,1,0,0,0,619.4616323611963,1,0,27.80631328996992,75.75100345959457,27,0,1,2,1724.6530950501037
58,Two year,78.47787746683824,1,1,Bank transfer,1,0,20,Female,No,1,0,1,0,4551.716893076617,2,1,52.90931743016027,79.53974612414555,31,0,0,2,3322.0828822466606
71,Two year,64.2103674078805,1,1,Bank transfer,1,0,37,Female,No,1,0,1,1,4558.936085959515,6,0,0.163509081623458,41.22357685595925,84,44,0,2,5354.070769604011
43,Two year,83.20448918781872,1,1,Bank transfer,1,0,63,Male,No,1,1,1,0,3577.793035076205,2,0,10.860948638160997,47.13481639860116,64,5,0,2,4103.699189719664
63,Two year,90.43417378057983,1,1,Bank transfer,1,0,61,Female,Fiber optic,0,1,0,1,5697.352948176529,1,1,9.932053140822811,41.431415490003324,24,6,0,2,3513.631986023982
6,Month-to-month,42.89697533934503,0,0,Electronic check,0,1,79,Male,Fiber optic,0,0,1,0,257.3818520360702,1,0,56.05875175542664,78.51344562072597,-13,15,0,2,385.33909531625056
57,Two year,85.39840182364132,1,1,Credit card,1,0,49,Male,DSL,1,0,1,0,4867.708903947555,3,0,29.044380765665963,52.16955887901709,12,1,0,2,3009.2774888653603
49,Two year,98.82999830682681,1,1,Bank transfer,1,0,53,Male,Fiber optic,0,1,0,0,4842.669917034514,2,0,13.633041597854962,54.80859050428021,48,26,0,2,2923.4879587243095
38,Two year,91.74975401522065,1,1,Bank transfer,1,0,58,Female,DSL,1,1,0,0,3486.4906525783845,5,1,29.98138657861322,59.28631933421912,65,0,0,2,3559.6468599410873
7,Month-to-month,65.13691496447935,0,1,Electronic check,0,0,64,Female,DSL,1,0,0,1,455.95840475135543,2,0,21.25441837540108,56.28079743869291,58,64,0,2,1538.1236751922793
40,Two year,89.56106231151836,1,1,Bank transfer,1,0,57,Male,DSL,1,0,0,1,3582.4424924607342,1,1,23.537533239239394,71.7057301253669,49,15,0,2,3139.3026638329316
68,Two year,72.49087144195184,1,1,Bank transfer,1,0,40,Male,Fiber optic,0,0,1,0,4929.379258052725,4,2,36.78074087004451,50.26373387857756,81,10,0,2,5202.652755004064
20,Month-to-month,80.15800191821045,0,0,Electronic check,1,0,52,Male,DSL,0,0,1,1,1603.160038364209,12,4,5.109897146527393,16.618367789183665,-65,39,1,0,1755.1820140716768
67,Two year,65.95998944596974,1,1,Bank transfer,1,0,64,Male,DSL,1,1,0,0,4419.319292879973,1,0,26.817327337374806,71.3090338289741,52,5,0,2,4222.119117589017
19,One year,77.67609256334484,1,1,Mailed check,1,0,35,Male,Fiber optic,0,0,1,1,1475.8457587035518,7,1,33.36900791203257,58.555543410349756,56,50,0,2,2197.2228640699636
7,Month-to-month,52.66308862629298,0,1,Electronic check,1,0,54,Male,No,1,0,1,0,368.6416203840509,4,1,26.058798709225606,43.980642671002286,89,8,1,2,1927.106410800507
30,One year,77.09738737785202,1,0,Credit card,1,0,56,Female,Fiber optic,1,0,0,1,2312.9216213355603,1,0,36.98736687820412,65.1282564705673,83,16,0,2,3960.8025533650016
10,Month-to-month,54.893459025715956,0,0,Mailed check,0,0,32,Male,Fiber optic,1,0,0,0,548.9345902571596,5,0,2.5136809625603584,78.51906968064507,100,2,1,2,2981.131011481777
53,Two year,74.84828375559994,1,1,Bank transfer,1,0,26,Female,Fiber optic,1,1,0,0,3966.9590390467965,3,0,31.41442384014593,74.68744227862453,16,1,0,2,3256.545714006061
33,Two year,59.20725115485031,0,0,Bank transfer,0,0,55,Male,DSL,1,0,1,0,1953.8392881100604,1,1,62.68985248823579,64.27697345944019,62,1,0,2,3141.7809863115663
4,Month-to-month,70.06760291351243,1,1,Mailed check,0,0,35,Female,DSL,1,0,1,1,280.2704116540497,1,1,105.3907261338614,64.65338687479604,52,0,0,2,1422.395910572725
18,Two year,65.42634759104331,1,1,Credit card,1,0,57,Female,Fiber optic,0,0,0,1,1177.6742566387795,3,0,5.603622506283295,45.71112062351608,100,6,0,2,3132.8910052167657
21,Month-to-month,99.77513002864039,0,0,Electronic check,1,1,77,Male,DSL,0,0,1,0,2095.277730601448,5,2,2.6460611868761985,29.59193207239057,-26,29,1,1,2791.8648976001045
6,One year,65.50866332950804,0,0,Mailed check,1,0,34,Female,DSL,0,0,0,0,393.05197997704823,1,2,37.82357239316095,42.192717599028924,76,0,0,2,2176.3808483217535
28,One year,52.326121119594006,0,1,Credit card,1,0,35,Male,Fiber optic,0,0,0,1,1465.1313913486322,1,0,115.15177939811934,77.37251417494937,33,18,0,2,2178.5831335223884
37,Two year,72.78667329762179,1,1,Credit card,1,0,63,Female,Fiber optic,1,0,1,0,2693.106912012006,5,0,74.58983117626397,47.61136929648023,36,8,0,2,2826.3291325583
17,One year,70.39510619041627,0,1,Credit card,0,0,27,Female,Fiber optic,0,0,1,0,1196.7168052370766,1,1,170.40285871082347,52.65738177398508,66,8,0,2,2583.1497246863078
19,Month-to-month,110.8797273475773,0,0,Electronic check,1,0,32,Female,No,0,1,1,1,2106.714819603969,5,3,58.59081401085341,12.489549194382587,-12,6,1,1,2709.110814355435
21,Two year,82.37776175514539,1,1,Credit card,1,0,58,Male,Fiber optic,0,0,0,1,1729.932996858053,4,0,8.331328010662277,70.47268029526788,46,11,0,2,2431.281810030666
6,Month-to-month,73.01829217575286,0,0,Electronic check,1,0,24,Female,No,0,1,0,0,438.10975305451717,11,2,7.131105548601781,6.5886395996043685,3,99,1,1,2050.706849771581
33,Two year,59.33209150233166,0,1,Mailed check,0,0,28,Female,Fiber optic,1,1,0,1,1957.9590195769447,1,0,96.16578621327251,54.26593464715607,0,1,0,2,2172.6859568517766
50,Two year,99.18203361527029,1,1,Bank transfer,1,0,21,Male,No,0,0,1,0,4959.101680763514,3,0,74.52486083356783,62.05723738161292,67,4,0,2,3915.2787879488233
22,Month-to-month,85.8892704293432,0,0,Electronic check,1,0,43,Female,No,0,0,1,1,1889.5639494455504,5,3,28.571153093745906,7.738542367488128,-30,8,1,1,2188.7834696706614
25,One year,75.16875888354454,1,1,Credit card,0,0,23,Male,Fiber optic,0,0,1,0,1879.2189720886136,3,0,101.80836338871866,55.004765893278346,46,7,0,2,2409.158902423785
15,Month-to-month,110.96730743608856,0,0,Electronic check,1,1,75,Female,DSL,0,0,0,0,1664.5096115413285,9,1,35.24765342906108,29.25554135382428,40,168,1,1,3280.259417873995
1,Month-to-month,49.73876583858414,1,0,Mailed check,1,0,26,Female,Fiber optic,0,0,1,0,49.73876583858414,0,0,15.747038125870333,64.22482892618538,-15,5,0,2,657.4380715805626
19,Month-to-month,86.46936609932982,0,0,Electronic check,1,0,46,Female,No,1,0,0,0,1642.9179558872665,8,1,75.52163426023218,11.031663782466882,-51,189,1,1,1337.728702551502
11,Month-to-month,66.53395057641951,0,0,Mailed check,0,0,21,Female,Fiber optic,0,1,0,0,731.8734563406147,1,2,37.076418536360336,42.910582221231024,2,4,1,1,2175.447119575134
60,Two year,78.97344439624855,1,1,Credit card,1,0,50,Female,Fiber optic,1,0,1,1,4738.406663774913,1,0,94.3044526757903,77.43931134745318,-2,17,0,2,3254.472345052789
4,Month-to-month,48.38542540637716,0,0,Electronic check,0,1,77,Male,DSL,0,0,0,0,193.54170162550864,3,1,63.17671914676335,65.58519305150105,45,6,0,2,1627.5087109232575
8,Month-to-month,31.639993713844802,1,0,Mailed check,0,1,79,Female,No,0,0,1,1,253.11994971075842,4,1,36.815996141645456,69.69315063720754,11,18,0,2,812.7417619758083
15,Month-to-month,116.93001578973637,0,0,Electronic check,1,0,50,Female,DSL,1,1,1,1,1753.9502368460455,11,3,1.5635791279988298,5.840022572770368,-19,112,1,1,2792.260511746437
8,Month-to-month,41.7242003391585,1,1,Electronic check,1,0,44,Female,DSL,0,0,0,1,333.793602713268,4,0,10.89875034801476,57.49831266222989,29,4,0,2,1215.6717945889673
55,Two year,64.89735593435765,1,1,Bank transfer,1,1,69,Female,Fiber optic,0,0,0,0,3569.3545763896705,1,1,39.88761407952235,54.311451753325294,46,3,0,2,3550.6438760980177
50,Two year,90.12749343653611,1,1,Credit card,1,0,24,Female,Fiber optic,1,1,0,0,4506.374671826806,1,0,151.96257765055492,52.43819355298996,57,51,0,2,3637.4009109104645
66,Two year,70.773251932081,1,1,Bank transfer,1,0,21,Male,No,0,1,0,1,4671.034627517346,2,1,49.210356892210605,40.455524504724124,9,47,0,2,3150.4104417965764
9,Month-to-month,72.16115757088895,0,0,Electronic check,1,0,35,Male,Fiber optic,0,0,1,1,649.4504181380005,3,4,17.8949962545437,16.51722511562778,-23,1,1,1,1904.0682364454876
27,Two year,50.32210486501125,1,0,Bank transfer,0,0,64,Male,Fiber optic,0,0,1,0,1358.6968313553036,1,0,62.98650340823093,46.226138181075044,13,2,0,2,1479.4876615530713
4,One year,33.17678612119593,1,1,Electronic check,0,0,35,Female,Fiber optic,0,0,1,0,132.70714448478373,0,1,136.49781407325565,68.86268503430293,59,12,0,2,2178.9063240823425
3,Month-to-month,49.07044049515617,1,0,Mailed check,1,0,41,Male,No,0,1,0,0,147.21132148546852,2,0,28.922796136806646,48.949787441067265,21,12,0,2,560.0316536919574
23,Month-to-month,70.98598661021563,0,0,Electronic check,1,0,19,Female,Fiber optic,0,0,1,1,1632.6776920349596,7,2,0.32584455823852304,20.861809155529855,-3,51,1,1,3040.8023069025676
6,Month-to-month,92.92743857397001,0,0,Electronic check,1,0,18,Female,DSL,1,0,0,1,557.5646314438201,10,5,7.053506987665457,24.754523254840322,-46,51,1,0,1840.6523710223137
34,One year,81.10300108156201,1,1,Mailed check,0,0,22,Female,Fiber optic,0,0,1,1,2757.5020367731086,0,0,30.829146498615355,45.48992369628679,-9,2,0,2,2052.4547009822913
17,Month-to-month,77.58053189652381,0,0,Electronic check,1,0,49,Male,Fiber optic,0,0,1,0,1318.8690422409047,5,1,2.159358597301959,27.37903880131502,13,2,0,1,2889.309662640133
3,Month-to-month,38.1451327238697,0,0,Electronic check,0,0,37,Male,Fiber optic,1,0,1,1,114.43539817160911,2,1,60.95766223787645,71.06909899563924,51,1,1,2,1510.2511616645581
1,One year,51.90168283488234,0,1,Electronic check,1,0,39,Male,No,0,0,1,1,51.90168283488234,2,0,54.71950628202389,69.38979982297604,85,51,0,2,1978.215820029938
39,Two year,75.95344118814918,1,1,Bank transfer,1,0,31,Male,DSL,0,1,0,1,2962.184206337818,1,1,27.17016286160677,62.598151786245715,100,1,0,2,3756.9704621769474
26,One year,59.340474343730584,1,0,Bank transfer,0,0,25,Female,No,0,0,0,0,1542.8523329369953,2,2,50.03123456643312,45.42947353322033,99,4,0,2,3056.63708572357
12,Month-to-month,118.81156283504872,0,0,Electronic check,1,1,74,Female,No,0,0,1,1,1425.7387540205846,7,1,1.3283809791975456,7.633954259292167,-64,113,1,1,1967.6715053508742
40,Two year,82.5776436271553,1,1,Bank transfer,1,1,72,Female,Fiber optic,0,1,0,0,3303.1057450862118,2,0,15.770238751383935,76.0718089931157,57,14,0,2,3545.74819047404
24,One year,64.3710766305824,0,0,Credit card,0,0,56,Male,No,0,1,0,1,1544.9058391339775,2,1,46.74577626129669,72.3621285411887,34,23,0,2,1836.5752768647185
71,Two year,86.67886067963629,1,1,Bank transfer,1,0,64,Male,Fiber optic,0,1,0,1,6154.199108254176,4,0,84.83340862827096,53.98003159004146,57,8,0,2,4771.273770081136
21,Month-to-month,115.38626715646714,0,0,Electronic check,1,0,37,Male,DSL,0,0,1,0,2423.11161028581,7,2,4.363114548093155,5.0702149772260965,-8,6,1,1,2650.479346620063
16,Month-to-month,107.61554853367281,0,0,Electronic check,1,0,39,Female,DSL,1,1,0,1,1721.848776538765,14,2,1.3003148080136624,27.657742126444553,49,29,1,1,3415.864642293176
6,Month-to-month,32.8566359671665,0,1,Electronic check,1,1,71,Male,Fiber optic,1,0,0,1,197.13981580299898,0,1,60.30514442959266,61.911188816574864,44,8,0,2,2359.8058969138065
14,Month-to-month,104.13209007225304,0,0,Electronic check,1,0,28,Female,Fiber optic,1,0,0,0,1457.8492610115425,8,3,16.889776722170204,20.305826141189364,28,12,1,1,2525.5528457886016
4,Month-to-month,46.46606387412521,0,0,Electronic check,1,0,45,Male,Fiber optic,1,0,1,0,185.86425549650085,3,0,48.35760106372819,76.48361346263324,53,35,0,2,1838.3180790408032
23,Month-to-month,77.47988280737792,0,0,Electronic check,1,0,62,Female,DSL,0,0,0,0,1782.0373045696922,4,3,17.631187393300124,18.134828245182845,-36,20,1,1,2270.193596795231
67,Two year,71.11288291126938,1,1,Credit card,1,0,47,Male,DSL,0,0,1,0,4764.563155055049,3,0,61.608695040971945,45.91971524426264,28,12,0,2,3836.8953593865326
10,One year,59.54359614871292,0,1,Mailed check,1,0,25,Female,Fiber optic,1,0,1,0,595.4359614871292,1,0,111.78754195255229,40.312767207465214,-1,2,0,2,1221.7894745313
22,One year,56.918780984123,1,1,Credit card,1,0,18,Male,DSL,1,1,1,0,1252.213181650706,2,0,79.15464759067456,44.00604300207717,7,6,0,2,1556.2133816512596
20,Month-to-month,74.60402465618098,0,0,Electronic check,1,0,29,Male,Fiber optic,1,0,0,1,1492.0804931236196,9,8,10.69739260282001,26.478988045520904,-60,113,1,0,2306.869732473823
14,One year,88.91702841635598,1,0,Mailed check,1,0,57,Male,Fiber optic,0,0,1,0,1244.8383978289837,4,0,13.826773526083883,60.97932756131978,81,33,1,2,2513.9408465127476
17,Month-to-month,100.41597007000335,0,0,Electronic check,1,1,70,Female,Fiber optic,1,1,1,1,1707.071491190057,7,2,37.19885571810006,28.164017886770612,-19,24,1,1,2770.6277096997514
7,Month-to-month,35.15733804391805,0,1,Mailed check,0,0,39,Female,Fiber optic,1,0,0,0,246.10136630742636,1,1,25.57550199624661,51.440457838654346,39,1,0,2,1184.1622728331224
27,Two year,82.60578389703137,1,1,Mailed check,1,0,61,Male,No,1,0,0,1,2230.356165219847,0,2,29.167112127108048,71.30188477051018,67,13,0,2,2985.1053730155536
29,Two year,67.78669883354866,0,1,Mailed check,1,0,50,Male,Fiber optic,0,1,1,1,1965.814266172911,0,0,17.96076365117747,45.373657134681025,59,9,0,2,3055.3274558095004
6,Month-to-month,38.92253370491874,0,0,Mailed check,1,0,26,Female,Fiber optic,1,1,0,1,233.53520222951244,1,1,220.01576986467532,46.99562459408432,36,7,0,2,1415.6897549661057
12,Month-to-month,80.2201887382768,0,0,Electronic check,1,1,72,Male,Fiber optic,0,0,0,1,962.6422648593216,9,1,12.734438042667835,12.778335821739605,-38,34,1,1,1879.2784479284887
3,Month-to-month,46.71076686300573,0,1,Electronic check,0,0,63,Female,No,1,1,0,1,140.13230058901718,1,0,79.63934618909072,77.77327171606841,25,8,0,2,1291.0055854385448
28,One year,88.14227226880394,0,0,Bank transfer,1,0,32,Male,DSL,0,0,1,0,2467.98362352651,2,0,7.1331709125223615,59.11147120847609,10,22,0,2,2199.9925982718055
38,Two year,92.81510029795894,1,1,Bank transfer,1,0,49,Female,No,0,1,0,1,3526.9738113224394,0,1,4.616586815011886,51.40920858030773,15,2,0,1,3333.4129132631683
37,Two year,64.64090725392677,1,1,Bank transfer,1,0,39,Male,Fiber optic,0,0,0,0,2391.7135683952906,2,0,271.6512538943606,54.016774338200975,37,8,0,2,2718.707481264574
32,One year,63.5588334876624,1,0,Credit card,0,0,38,Male,Fiber optic,0,0,1,0,2033.8826716051967,3,1,229.6033470725121,40.31638156262318,54,10,0,2,3508.29640083793
14,One year,83.22986218882224,0,1,Mailed check,1,1,76,Female,DSL,0,0,1,0,1165.2180706435113,0,0,124.49124289805525,67.52699735971933,62,21,0,2,2443.9935688873593
53,Two year,81.55252036158475,1,1,Credit card,1,0,47,Male,No,0,0,1,1,4322.283579163992,0,1,211.55284071205037,53.18474683453666,68,2,0,2,3535.175763804421
44,Two year,61.34676712855491,1,1,Credit card,1,0,42,Male,Fiber optic,0,0,1,0,2699.257753656416,0,1,6.379025878894083,57.26793548155083,38,36,0,2,3165.30733561425
1,Month-to-month,52.50476342954297,0,1,Mailed check,1,1,72,Male,DSL,0,0,1,1,52.50476342954297,2,0,130.746252478124,55.195720524848895,77,33,0,2,2390.822885442422
70,Two year,63.05667437752206,1,1,Bank transfer,1,0,60,Male,Fiber optic,0,0,0,1,4413.967206426544,3,0,41.50297676946488,66.06859918599653,-8,25,0,2,3272.843637832918
10,Month-to-month,52.33443608723324,0,1,Mailed check,1,0,31,Female,Fiber optic,0,0,0,1,523.3443608723325,3,1,16.506724426386114,69.92168055501304,54,9,1,2,1559.871524321144
68,Two year,60.70751238453029,1,1,Bank transfer,1,1,66,Male,DSL,0,0,1,1,4128.110842148059,3,0,34.860322486029496,58.911727991097735,-27,12,1,2,3032.2558958736327
10,One year,78.77636645104509,1,0,Electronic check,1,1,65,Female,Fiber optic,1,1,0,0,787.7636645104509,1,2,24.24998718614773,50.21111258534725,43,2,0,2,1596.7190497814895
71,Two year,78.91567862532729,1,1,Bank transfer,1,0,39,Female,Fiber optic,0,1,0,0,5603.013182398237,0,0,45.858569285944306,52.92809944177297,61,9,0,2,5060.541376676049
17,One year,53.459377686065544,0,0,Credit card,1,0,31,Male,DSL,0,0,0,1,908.8094206631142,2,0,9.538176580695815,64.27066182845775,52,25,0,2,1340.569588843055
33,One year,62.9143977667781,1,1,Bank transfer,1,0,22,Female,Fiber optic,0,0,0,0,2076.175126303677,2,0,210.00670378708247,68.3384106552151,45,0,0,2,3147.433997738455
30,One year,50.971708135991214,1,0,Bank transfer,1,0,58,Male,Fiber optic,0,1,1,0,1529.1512440797364,0,0,113.26716906515087,77.67466996497421,28,49,0,2,2477.520315514328
64,Two year,67.58779392698709,1,1,Bank transfer,1,0,29,Male,DSL,0,1,0,1,4325.618811327174,0,0,58.17756988217289,43.014551940012765,52,18,0,2,3738.1083628440597
4,Month-to-month,46.797307668946694,1,0,Mailed check,0,0,59,Female,DSL,0,0,0,0,187.18923067578677,2,0,64.45584754512825,68.86363679981827,7,3,0,2,1104.8079092014568
44,Two year,98.92390992281386,1,1,Bank transfer,1,0,29,Male,DSL,0,0,0,0,4352.65203660381,5,0,17.286712943284112,41.51158074261974,35,82,0,2,3066.281965854845
68,Two year,69.31052588405154,1,1,Bank transfer,1,0,53,Male,No,0,0,0,1,4713.115760115505,1,0,29.90448653089856,59.485522726865405,43,16,0,2,3831.817980274006
44,Two year,76.15591456680495,1,1,Credit card,1,0,24,Male,Fiber optic,1,0,0,0,3350.860240939418,1,0,15.693918766486352,74.26845197304408,44,7,0,2,3339.272903154459
20,Month-to-month,99.64260024461107,0,0,Electronic check,1,1,72,Male,Fiber optic,0,0,0,0,1992.8520048922214,11,3,1.8936399036176466,12.507761479393093,-8,35,1,1,2632.011712252915
12,One year,50.324752281479796,0,0,Credit card,1,0,40,Female,Fiber optic,0,1,1,0,603.8970273777576,1,1,7.512805574360634,42.41109656515614,28,7,1,2,1181.5191080200098
21,One year,50.135359462959094,1,1,Bank transfer,1,0,35,Female,Fiber optic,0,0,1,0,1052.842548722141,2,0,38.11574136447628,47.9581961882477,49,3,0,2,2527.605968061324
15,One year,51.41675893123455,1,1,Bank transfer,1,0,42,Male,Fiber optic,1,0,0,1,771.2513839685182,2,0,58.396782014474894,54.84313582867027,32,0,0,2,2010.3668211396161
7,One year,65.20521803858185,1,0,Electronic check,1,0,38,Male,DSL,1,1,0,1,456.43652627007293,2,0,27.40616882742173,53.2543457438943,0,9,0,2,816.1824910469171
59,Two year,75.264477594688,1,1,Credit card,1,0,35,Male,Fiber optic,1,1,1,0,4440.604178086593,1,0,82.35017666001693,66.72375146237658,57,31,0,2,4192.363445672372
52,Two year,64.13235828496063,1,1,Credit card,1,0,59,Male,No,1,1,0,1,3334.8826308179528,2,1,59.69317894692953,51.78052623022121,35,4,0,2,2971.0335587808213
5,Month-to-month,51.93358484015244,1,0,Mailed check,1,0,64,Male,No,1,0,0,1,259.66792420076223,1,0,52.27516114118005,75.13415692459472,4,44,0,2,1400.5306976970774
28,One year,79.90687080320632,1,0,Bank transfer,0,1,70,Male,DSL,0,0,0,1,2237.392382489777,1,1,61.88243021529301,57.65453650199885,22,0,1,2,1946.8370646822054
17,Month-to-month,89.88405675725171,0,0,Electronic check,1,0,35,Female,DSL,0,1,0,0,1528.0289648732792,8,3,2.6556281449087797,20.87086208939924,-45,11,1,1,1682.123723555086
15,One year,66.03573273066506,1,1,Bank transfer,0,0,21,Female,No,0,1,0,1,990.535990959976,2,1,248.86930813155493,54.448343460878334,66,0,0,2,2467.9461285168145
17,Month-to-month,105.1319732003342,0,0,Electronic check,1,0,23,Male,Fiber optic,1,0,0,0,1787.2435444056814,7,4,3.219963374498562,28.2522063467471,-38,3,1,1,2177.8007002765758
5,One year,53.66065934421994,0,0,Electronic check,1,0,55,Male,Fiber optic,1,1,0,0,268.3032967210997,4,0,53.85283385573599,63.719460589714544,22,5,0,2,1343.9078569026642
1,Month-to-month,53.1228408532574,1,1,Mailed check,0,0,18,Female,DSL,0,0,0,0,53.1228408532574,4,0,0.44516762083672223,66.76273768634817,-19,29,0,2,282.0061613771163
18,Two year,56.09040520447507,1,0,Credit card,1,1,73,Female,No,0,0,0,1,1009.6272936805512,4,0,39.657457422552454,58.63131340673894,15,5,0,2,1965.087507371269
33,One year,72.94976970178345,1,1,Credit card,0,0,48,Male,Fiber optic,0,0,0,0,2407.3424001588537,0,0,69.03110341406727,43.85547246078795,-5,13,0,2,2078.3125096409594
12,Month-to-month,71.60982110436684,0,0,Electronic check,1,1,76,Male,No,0,0,0,1,859.3178532524021,5,7,44.07063369815482,26.001072748037362,-10,103,1,0,2561.043390042152
3,One year,32.4649831204585,0,0,Mailed check,0,0,32,Male,Fiber optic,0,1,0,0,97.3949493613755,0,1,40.782406441650124,41.93434539003869,89,22,0,2,2152.235291077971
70,Two year,86.06842591643874,1,1,Credit card,1,0,53,Female,Fiber optic,0,1,1,1,6024.789814150712,1,0,70.29129164067339,52.48285001738013,100,1,0,2,4797.048576821131
47,Two year,91.68374535042173,1,1,Credit card,1,0,62,Male,DSL,0,0,1,0,4309.136031469821,0,0,57.61358198880313,73.34130680736584,-25,12,0,2,2023.0879696022505
20,Two year,61.570867748979126,0,1,Bank transfer,1,0,64,Male,No,0,0,1,0,1231.4173549795826,2,1,43.707842051048345,54.00814415453132,-19,11,0,2,1365.1122470761788
23,Month-to-month,114.4181841400632,0,0,Electronic check,1,0,61,Male,No,1,0,0,0,2631.6182352214537,7,5,13.176174486899496,6.641214665962446,23,17,1,1,3240.797560692767
49,Two year,86.46529401484587,1,1,Credit card,1,0,38,Female,DSL,1,0,1,0,4236.799406727448,3,0,47.30737464306561,52.13985949705058,20,40,0,2,2878.0432174157304
26,Two year,71.8137993600618,0,0,Credit card,1,0,23,Female,Fiber optic,1,1,0,0,1867.1587833616065,2,0,31.808234724425997,57.28626247186449,60,4,0,2,3017.4082554871925
18,One year,76.6372012488272,0,0,Mailed check,0,0,19,Male,DSL,1,0,0,0,1379.4696224788895,1,1,62.4654345973095,73.89683896765122,16,8,0,2,2085.899838327928
10,Month-to-month,68.40446892093333,1,0,Mailed check,1,0,50,Female,Fiber optic,1,0,1,1,684.0446892093332,3,2,41.923088412713845,77.09433618339598,15,1,0,2,1359.1222155260027
43,Two year,74.20164225807832,1,1,Bank transfer,1,0,39,Male,Fiber optic,0,0,1,0,3190.670617097368,4,0,33.02655891894521,44.474111075377834,66,62,0,2,3390.6045234087787
9,Month-to-month,90.37991669160905,0,0,Electronic check,1,0,58,Male,DSL,1,0,1,0,813.4192502244815,5,4,17.24808949486299,15.795338291765653,-20,1,1,1,1378.5732156986876
20,Month-to-month,77.92990029190211,0,0,Electronic check,1,0,36,Male,DSL,1,1,1,1,1558.5980058380424,10,2,1.9379784695909328,5.179669607541191,16,16,0,1,2715.89529179584
6,Month-to-month,50.81085155161573,1,0,Electronic check,1,0,49,Male,Fiber optic,1,0,0,0,304.8651093096944,0,0,3.6494857927972744,62.26061656407812,42,30,0,2,1633.0367476088604
32,One year,85.29390447359015,1,1,Bank transfer,1,0,40,Male,No,1,1,1,0,2729.4049431548847,4,0,19.54913946827823,67.78297348079437,4,57,0,2,2477.423886856856
5,Month-to-month,33.400511597621026,1,0,Electronic check,0,0,47,Female,DSL,0,0,1,0,167.00255798810514,2,1,11.431923505091692,75.93934012640523,29,2,1,2,1037.3832873251915
16,Month-to-month,72.05331868733057,0,0,Electronic check,1,1,79,Male,Fiber optic,1,0,1,1,1152.8530989972892,3,2,0.02697908745250593,5.220448202941842,-4,35,1,1,2743.7237985960573
5,Month-to-month,60.70844251594463,1,1,Electronic check,1,0,28,Male,Fiber optic,0,1,0,1,303.5422125797232,3,0,14.11565927734542,47.540731035680416,12,0,0,2,962.9610020838688
23,One year,70.28854726712359,0,1,Credit card,0,0,30,Male,DSL,1,0,0,1,1616.6365871438425,2,2,18.54748016242128,45.67641722553852,96,10,0,2,2550.7028365755295
17,One year,72.86838607833859,1,1,Mailed check,0,0,51,Male,Fiber optic,0,1,0,0,1238.762563331756,1,1,32.34756180850569,50.98528600242995,48,21,0,2,2371.740954913218
13,Month-to-month,114.49987412905661,0,0,Electronic check,1,0,60,Male,DSL,1,0,1,1,1488.4983636777358,4,3,5.823094013712496,14.102501132323383,-2,109,1,0,3186.1293079952593
6,One year,62.02416465711061,1,0,Mailed check,1,0,57,Female,No,0,1,0,0,372.14498794266365,6,2,20.051498472103198,53.86642844624019,-36,16,0,1,1012.277936597061
10,Month-to-month,59.29315252639608,1,0,Electronic check,0,0,53,Male,Fiber optic,1,1,0,0,592.9315252639608,1,0,101.94792410718239,48.386547081735074,71,7,0,2,2026.5331552734215
8,One year,78.23452394142305,0,0,Electronic check,1,0,47,Female,Fiber optic,1,1,0,0,625.8761915313844,2,0,136.412308251985,47.71191434064355,50,6,0,2,2472.6417982563257
60,Two year,76.15911505306192,1,1,Credit card,1,0,31,Male,DSL,0,0,1,0,4569.546903183716,0,0,33.75795635892567,40.65841565386819,23,6,0,2,3001.1898398737653
4,Month-to-month,34.738423551729696,1,0,Mailed check,1,0,49,Male,Fiber optic,1,0,0,0,138.95369420691878,7,0,12.507317561079807,70.66579498280825,-3,25,0,2,266.7478201887356
14,Two year,51.70978426098436,1,0,Credit card,1,0,24,Female,Fiber optic,0,0,0,1,723.936979653781,2,0,159.97153245795778,69.71869541102865,56,47,0,2,1738.4868841370908
54,Two year,83.94126302737462,1,1,Bank transfer,1,0,37,Male,DSL,1,0,0,1,4532.82820347823,3,0,23.95772422921862,45.719592106211365,89,33,0,2,4079.3887069801062
40,Two year,91.35370707070695,1,1,Credit card,1,0,44,Male,Fiber optic,0,1,0,0,3654.148282828278,0,0,15.861277617148328,75.60710025862976,20,16,0,2,2517.282095950016
15,One year,66.63017550702408,1,1,Mailed check,0,0,22,Male,Fiber optic,0,0,0,1,999.4526326053611,0,0,49.795937943107184,48.855002985405235,66,1,0,2,2035.4951941158106
27,Two year,61.88597274755966,1,1,Mailed check,0,0,27,Female,DSL,0,0,0,0,1670.921264184111,1,1,10.319008216385287,75.31850993629183,16,24,0,2,2572.0170576069017
57,Two year,77.23448366152134,1,1,Credit card,1,1,69,Female,No,0,0,1,1,4402.365568706717,7,1,84.25666455867804,47.457005143812964,39,15,0,2,4101.769001684694
14,Two year,83.57575884479648,0,1,Credit card,1,0,34,Female,No,1,0,0,0,1170.0606238271507,3,1,151.26282894560165,65.17047911560957,59,33,0,2,2323.4307027363084
22,One year,78.07493417817244,0,0,Bank transfer,0,0,36,Female,No,0,0,0,0,1717.6485519197936,3,0,79.30090353569409,50.45268140591813,20,1,0,2,2083.1998467927356
4,One year,51.12228950154396,0,1,Electronic check,0,0,36,Male,Fiber optic,1,1,0,0,204.48915800617584,6,0,23.35092938892118,42.398695507086245,35,10,0,2,740.545984188748
17,Month-to-month,104.42046682278539,0,0,Electronic check,1,1,70,Male,DSL,0,0,0,1,1775.1479359873515,6,5,5.577309909126093,25.90349030987173,-12,65,1,0,2876.2915952655508
15,One year,62.14793876515787,0,1,Mailed check,0,0,50,Female,Fiber optic,0,0,0,0,932.219081477368,3,0,50.55709055583408,49.04457614148957,58,19,0,2,2118.475957034321
11,Month-to-month,52.76643749043011,0,0,Mailed check,0,0,55,Female,DSL,0,0,0,0,580.4308123947312,3,0,23.974858636098855,75.43028688861997,90,0,1,2,2261.5142998515507
7,Month-to-month,30.681992291794053,0,0,Electronic check,1,0,46,Male,No,0,0,0,0,214.77394604255838,1,1,27.04182405845745,52.20382037417312,-13,13,0,1,932.2316580263964
71,Two year,70.71106701953337,1,1,Bank transfer,1,0,50,Female,DSL,1,1,1,0,5020.48575838687,3,0,3.510306671017612,61.00648363516158,21,31,0,2,3601.6900286853806
61,Two year,79.92944001997091,1,1,Bank transfer,1,0,47,Male,Fiber optic,1,0,0,0,4875.695841218226,2,0,78.57715100570829,71.65655553154068,33,9,0,2,3941.2410243332756
17,Month-to-month,100.41488068709484,0,0,Electronic check,1,1,71,Female,Fiber optic,1,1,0,1,1707.0529716806122,3,10,17.033311801171724,13.452108986619642,22,4,1,0,3791.8009779274244
59,Two year,71.29723594746046,1,1,Credit card,1,0,60,Female,Fiber optic,1,1,1,1,4206.536920900167,3,1,74.42704480750635,56.327135808306764,24,18,0,2,3061.013140954304
2,Month-to-month,47.67387375641894,0,1,Mailed check,0,1,79,Male,Fiber optic,1,0,1,1,95.34774751283788,1,1,71.77228566325147,44.61397194939916,52,0,0,2,852.7416849480153
4,Month-to-month,48.240904815392845,1,0,Electronic check,0,0,44,Male,Fiber optic,0,0,1,0,192.96361926157138,0,1,66.59415869483686,73.96472816398344,100,2,0,2,2246.8286418149337
10,Month-to-month,37.926807924996176,1,0,Mailed check,0,1,75,Male,No,0,1,0,1,379.2680792499618,3,0,92.74987944325399,62.96955111941161,47,17,0,2,2148.3897231466617
18,One year,73.82202804929943,1,1,Mailed check,1,0,41,Female,Fiber optic,0,0,0,0,1328.7965048873898,3,0,21.556429357108556,48.941654177238945,37,37,0,2,2097.5561866396797
45,Two year,60.97993793070609,1,1,Credit card,1,0,54,Male,Fiber optic,1,0,0,0,2744.097206881774,4,1,74.19105674441847,71.2953502722242,30,0,0,2,2442.301561294705
41,Two year,72.6768990937978,1,1,Bank transfer,1,0,29,Female,No,1,0,0,0,2979.75286284571,5,2,161.18907468110257,77.14929755878518,10,6,0,2,2516.3173645034913
6,Month-to-month,56.54295171442379,0,0,Electronic check,1,0,54,Male,Fiber optic,0,0,1,1,339.25771028654276,2,0,15.710016029202563,53.80856190461243,75,28,0,2,2450.5456765057843
14,Month-to-month,71.00974615421664,0,0,Electronic check,1,1,67,Female,Fiber optic,1,1,0,0,994.136446159033,9,6,43.58662810015141,9.290117411650115,-49,158,1,0,1748.567842419081
6,Month-to-month,75.09659533902851,0,0,Electronic check,1,0,31,Female,DSL,1,0,0,0,450.57957203417106,7,4,21.91570797364661,20.192024894150663,62,13,1,1,3228.0555360750604
5,One year,57.24408430146967,0,0,Mailed check,1,1,74,Female,Fiber optic,0,0,1,0,286.22042150734836,2,0,3.8947148613445473,54.66252276738234,80,26,0,2,2098.442228572043
22,Two year,87.85832378362198,1,0,Bank transfer,0,0,23,Male,Fiber optic,1,0,0,0,1932.8831232396838,5,0,58.08907950581339,57.60043996575804,0,0,0,2,1466.1203593611137
8,Month-to-month,53.76795338404342,1,0,Electronic check,1,0,59,Female,Fiber optic,0,0,1,0,430.1436270723474,1,0,41.93533242060319,45.1041122767795,42,2,0,2,1772.6578999488677
3,Month-to-month,40.74273032124991,1,1,Mailed check,1,0,34,Male,No,0,0,0,0,122.22819096374973,4,1,102.87067957279287,43.810416428379824,67,4,0,2,1901.0827292346569
31,Two year,88.01537177516471,0,1,Mailed check,1,0,43,Male,Fiber optic,1,0,1,0,2728.476525030106,1,2,102.79644833992917,53.75237175813318,55,14,0,2,2659.9799462268
7,One year,31.541230934968514,1,0,Electronic check,0,0,19,Male,Fiber optic,0,1,0,0,220.7886165447796,1,1,77.2140533329515,51.57722744702191,62,35,0,2,1494.919334932713
61,Two year,80.28204415461764,1,1,Credit card,1,0,24,Female,DSL,0,0,0,0,4897.204693431676,1,0,46.030557619787714,43.98341158100813,-34,9,0,2,2192.121041196521
33,One year,51.61782912492003,0,0,Mailed check,1,1,73,Female,Fiber optic,0,1,0,0,1703.388361122361,2,1,35.775954386180864,40.48512199114607,-11,2,0,2,1685.4578104099633
11,Month-to-month,111.74870366824452,0,0,Electronic check,1,1,67,Male,No,0,1,1,1,1229.2357403506896,11,5,4.148711414460272,21.753095238389612,-80,19,1,0,2118.6849782599684
44,Two year,65.08799050749798,1,1,Credit card,1,0,21,Male,No,1,0,0,1,2863.871582329911,1,1,95.03250868804676,46.96371543718127,19,4,0,2,2707.108527389146
63,Two year,72.72446214472478,1,1,Credit card,1,0,45,Female,DSL,0,0,0,1,4581.641115117662,3,0,24.189422061561807,69.80810717014293,71,8,0,2,4616.303498056898
31,One year,84.66627696115626,1,0,Credit card,1,0,54,Female,Fiber optic,0,0,1,0,2624.654585795844,1,0,95.98742302941677,52.480084804104514,35,0,0,2,1781.0613730605596
7,One year,68.18052398070793,1,1,Electronic check,1,0,40,Male,DSL,0,0,0,0,477.26366786495555,0,1,18.283491591577167,69.19185616634468,10,16,1,2,1690.7819969902848
49,Two year,83.08998923074452,1,1,Bank transfer,1,0,58,Female,No,0,1,0,1,4071.4094723064813,3,1,37.61543857618724,71.69339115479357,8,67,0,1,3407.030625793057
57,Two year,72.60588156530213,1,1,Bank transfer,1,0,37,Male,No,0,0,1,1,4138.535249222221,1,0,38.94798177861351,62.02881461103928,-15,30,0,2,3266.595244176977
60,Two year,66.09311142650715,1,1,Bank transfer,1,0,28,Male,Fiber optic,0,0,0,1,3965.586685590429,3,1,27.60237434283723,59.61908470751124,69,16,0,2,4173.6999093376935
3,Month-to-month,71.13239635969447,0,0,Electronic check,1,0,43,Male,Fiber optic,0,0,1,1,213.3971890790834,2,2,87.40354419250521,51.35325528122898,65,111,0,2,2087.2195743706393
11,Month-to-month,45.16405130327226,1,0,Electronic check,1,0,43,Female,No,0,0,0,0,496.8045643359949,1,2,67.9899135386617,79.55011117419949,31,2,1,2,1316.5289575295822
6,One year,33.93488375976995,1,0,Mailed check,1,1,66,Female,No,1,0,0,0,203.60930255861973,3,0,41.93645293871821,66.97027884127492,-12,28,0,2,292.65393340914454
10,One year,41.229119132695054,0,1,Electronic check,1,0,52,Female,Fiber optic,0,1,0,0,412.2911913269505,2,0,19.577684077423605,45.98229976211615,12,15,0,2,863.9737047388697
33,Two year,83.27481637403855,0,1,Credit card,0,0,60,Female,Fiber optic,1,0,1,1,2748.068940343272,1,0,32.358823436231134,44.72924132444544,63,0,0,2,2455.9589599796227
47,Two year,75.48315041342524,1,1,Bank transfer,1,0,47,Female,Fiber optic,1,1,0,0,3547.708069430986,3,1,13.450056723193374,73.94226909338808,30,3,0,2,3386.1827485032018
5,Month-to-month,31.55874545559606,1,1,Electronic check,0,0,42,Male,DSL,1,1,1,1,157.7937272779803,1,0,10.604889217017314,72.04874643312345,26,1,0,2,835.003051704537
60,Two year,82.68683119677542,1,1,Bank transfer,1,0,39,Female,Fiber optic,0,0,0,0,4961.2098718065245,3,0,18.279961931495805,61.153607241450544,9,33,0,2,3562.2764260231143
26,Two year,80.84029754439541,1,1,Mailed check,1,0,23,Female,No,0,1,1,1,2101.847736154281,2,0,88.7155334355214,78.36013049469055,40,4,0,2,2408.2933340446607
12,Month-to-month,71.37425974146855,0,0,Electronic check,1,0,24,Female,Fiber optic,0,0,1,0,856.4911168976225,8,1,26.06543004911166,8.739973171396066,-69,65,1,1,1170.257992534827
67,Two year,61.666272735307295,1,1,Bank transfer,1,0,58,Male,DSL,0,0,0,0,4131.640273265589,0,0,13.350022056219245,53.407212015873014,55,30,0,2,4079.837620875554
3,Month-to-month,77.81105868218138,0,0,Electronic check,0,0,61,Male,No,0,1,1,0,233.43317604654413,1,0,25.233398576798937,76.95013200420203,73,0,0,2,1458.076619332843
28,Two year,71.83109941622442,1,0,Bank transfer,1,0,43,Female,DSL,0,1,0,1,2011.2707836542836,0,0,66.73308329291505,60.06174531968432,48,1,0,2,1986.0150676279695
10,Month-to-month,47.291428515479694,1,0,Mailed check,1,0,56,Female,DSL,1,1,0,1,472.91428515479697,2,0,14.665590685264375,58.49796041528484,24,13,0,2,1490.5546535193532
43,Two year,88.7371691927494,1,1,Bank transfer,1,0,41,Female,DSL,1,1,1,1,3815.6982752882245,2,0,14.643061638627625,79.0839276181114,45,1,0,2,3479.676141911309
47,Two year,64.21470135811224,1,1,Credit card,1,0,25,Female,Fiber optic,1,1,1,1,3018.090963831275,3,1,153.98125069316032,55.09915330225553,100,1,0,2,4074.063303180343
29,One year,67.73582663333764,1,0,Mailed check,0,0,58,Male,DSL,0,0,1,1,1964.3389723667915,1,0,17.967828137161828,65.84391649401705,91,5,0,2,3395.7662989514633
68,Two year,72.52825044280696,1,1,Bank transfer,1,0,50,Male,No,1,0,1,0,4931.921030110873,1,0,1.537917063468734,52.996330420852686,29,74,0,1,4807.335503425582
7,Month-to-month,45.5851660746406,1,1,Mailed check,1,0,58,Male,DSL,0,0,0,0,319.0961625224842,2,0,307.5310581865114,75.1508566851563,27,23,0,2,1144.9736190218896
28,One year,54.00684028805733,1,0,Bank transfer,1,0,29,Male,DSL,0,0,0,0,1512.1915280656053,1,1,19.164545270347496,77.63179463110137,27,0,0,2,2044.113432598832
63,Two year,73.53052421329393,1,1,Bank transfer,1,0,19,Female,DSL,0,0,0,1,4632.423025437518,2,0,0.8264047293645278,59.09609660261313,23,57,0,1,4246.861484212968
3,Month-to-month,32.613433378079826,0,0,Electronic check,1,0,57,Female,Fiber optic,0,0,0,0,97.84030013423947,2,1,222.49462899072532,61.64486491185069,59,9,0,2,1170.7986889258011
37,Two year,88.24076030656099,1,1,Credit card,1,0,62,Female,Fiber optic,0,0,0,1,3264.9081313427564,0,1,107.67444723133903,41.92047156381315,46,2,0,2,3110.121029412352
2,Month-to-month,41.68045160181184,0,0,Mailed check,0,0,50,Male,DSL,0,0,1,1,83.36090320362368,3,0,77.98948294912573,78.53367001472049,-5,15,0,2,516.2525410540615
10,Month-to-month,33.61786288706633,0,0,Mailed check,1,0,44,Male,No,0,0,0,1,336.1786288706633,2,1,56.672868137132355,57.454450915640095,52,5,0,2,1994.689055371753
9,Month-to-month,68.288166052377,1,0,Mailed check,0,0,42,Male,Fiber optic,1,0,1,1,614.5934944713929,2,1,1.5550836787172477,43.23893696453687,86,100,0,2,2341.076114377719
13,One year,66.6240586745867,0,1,Bank transfer,1,0,21,Female,Fiber optic,1,0,1,0,866.1127627696271,0,0,20.05686103975023,62.48295095886509,45,3,0,2,2835.2063673838047
19,Month-to-month,115.55425657870242,0,0,Electronic check,1,0,44,Female,No,0,0,1,1,2195.530874995346,1,5,9.984682956833929,14.953975170206993,-16,16,1,0,3229.783143325345
8,Month-to-month,98.778856284921,0,0,Electronic check,1,1,75,Female,DSL,0,0,0,0,790.230850279368,9,1,4.026425093324807,28.897721290127663,-15,153,1,1,1815.1255230383015
21,Two year,81.84602032092297,1,1,Mailed check,1,0,46,Male,Fiber optic,0,1,0,0,1718.7664267393825,1,1,29.483510786188393,43.14777331572647,49,13,0,2,2606.154593973212
13,Month-to-month,97.63172909145969,0,0,Electronic check,1,0,36,Male,Fiber optic,0,1,1,1,1269.2124781889759,7,5,2.2323243770497503,10.645312998015473,-29,63,1,0,2841.4041140812865
11,Month-to-month,58.293153677980975,0,0,Electronic check,1,0,64,Female,No,1,0,0,1,641.2246904577908,2,0,33.036293711831405,62.3171242933807,55,20,0,2,2132.281951500638
70,Two year,86.22894690246625,1,1,Bank transfer,1,0,41,Male,DSL,0,1,0,0,6036.026283172638,2,1,118.59580901647071,40.013243840782,23,2,0,2,3845.04316532845
4,Month-to-month,52.59345223261389,0,1,Electronic check,1,0,36,Female,Fiber optic,1,0,1,0,210.37380893045557,3,0,77.15832862234213,45.29188514429472,23,9,0,2,553.9039674790719
31,One year,89.17503278665819,1,1,Credit card,1,0,25,Male,Fiber optic,0,0,1,0,2764.426016386404,1,0,2.9138411368373522,68.45579350038447,44,15,0,2,2870.820054299755
12,Two year,68.25183532511195,1,1,Bank transfer,0,0,24,Female,No,1,0,1,1,819.0220239013435,1,0,33.03819066613927,49.36509232699464,53,9,0,2,1999.908194169073
39,Two year,92.29584121359805,1,1,Bank transfer,1,0,44,Male,Fiber optic,0,0,1,1,3599.537807330324,3,0,48.66290188186302,48.33232029198218,41,11,0,2,3805.5585797848425
63,Two year,66.43392695830985,1,1,Bank transfer,1,0,44,Male,No,0,1,0,1,4185.337398373521,1,0,38.481353294854216,62.16106105470837,-9,53,0,2,2665.2068817839954
58,Two year,81.28979955305196,1,1,Credit card,1,0,53,Male,DSL,0,0,1,0,4714.8083740770135,0,0,71.18168782459549,45.211311948884855,71,15,0,2,3969.693647061801
21,One year,88.1273038764354,0,1,Bank transfer,1,0,59,Male,Fiber optic,0,1,0,1,1850.6733814051436,0,0,10.835891241296963,77.1740248103574,11,22,0,1,2656.400634488437
10,Month-to-month,41.162770053468044,0,0,Mailed check,0,0,28,Male,DSL,0,0,0,1,411.62770053468046,3,0,91.09979826656826,44.62590741014376,39,3,0,2,1763.194480532158
6,Month-to-month,108.79307193293259,0,0,Electronic check,1,0,22,Male,Fiber optic,1,1,1,0,652.7584315975955,9,0,13.639705661186063,17.67937607938282,10,55,1,1,2555.8080193015685
14,Two year,64.87397210815836,1,0,Bank transfer,0,0,36,Female,DSL,1,0,1,0,908.235609514217,3,0,20.826427588875895,54.67064843425666,65,7,0,2,1887.528128709079
11,Month-to-month,119.0804713666007,0,0,Electronic check,1,0,45,Female,No,0,0,0,0,1309.8851850326078,13,4,2.1764945504382496,9.53222565220621,-52,1,1,0,2871.2078266585
1,Month-to-month,62.85594195306366,0,0,Mailed check,1,0,34,Male,Fiber optic,0,0,0,1,62.85594195306366,0,0,95.74636660382124,42.84484126685825,15,8,0,2,745.269701395518
11,Month-to-month,71.25674378307096,0,0,Mailed check,1,0,60,Female,Fiber optic,0,0,1,1,783.8241816137805,2,0,176.399586190747,45.13918573385565,-5,3,0,2,889.6807859647822
60,Two year,80.46725546326047,1,1,Credit card,1,0,45,Female,No,0,0,1,1,4828.035327795628,1,0,22.910713537507597,77.04787330169084,28,1,0,2,3888.3332843768985
11,Month-to-month,64.47671044527075,1,1,Electronic check,0,0,51,Male,Fiber optic,0,0,0,0,709.2438148979783,4,1,51.104541604725824,57.82284087542058,37,9,1,2,2195.1588600490295
10,Month-to-month,48.2546960115903,1,0,Mailed check,1,0,53,Male,DSL,0,1,0,1,482.54696011590295,0,2,69.69936272982139,41.03731329949664,37,11,1,2,1521.1950925709423
24,One year,73.81821930831381,0,0,Bank transfer,0,0,55,Female,No,1,0,1,1,1771.6372633995315,4,1,121.3917564533433,55.13592868768059,7,5,1,2,2189.758927004961
55,Two year,85.5184317326388,1,1,Bank transfer,1,0,32,Male,No,0,1,0,1,4703.513745295134,2,0,2.234401322938269,73.7783694300614,25,30,0,2,3704.2319845441857
18,Month-to-month,71.65667310966055,0,0,Electronic check,1,0,23,Male,Fiber optic,1,0,1,0,1289.8201159738899,13,2,13.702364426622879,18.943126576522737,-76,22,1,1,592.6404167643925
17,Month-to-month,106.15172154253978,0,0,Electronic check,1,0,20,Female,Fiber optic,0,0,1,0,1804.579266223176,8,4,6.481417443216984,11.948648289621932,-29,11,1,1,3135.088995473867
50,Two year,61.51926253159414,1,1,Bank transfer,1,0,46,Male,Fiber optic,0,0,0,0,3075.963126579707,1,0,108.21033134805049,45.19111084852573,2,24,0,2,2671.7335558905197
5,One year,59.54580464136134,0,0,Electronic check,1,0,56,Female,Fiber optic,1,0,0,0,297.7290232068067,0,1,42.91035186487015,47.145621061174225,38,44,0,2,1567.8974215314074
16,One year,66.27888779644366,1,0,Credit card,0,0,47,Male,DSL,0,0,1,1,1060.4622047430985,1,0,177.88500691251176,59.18045366706812,0,30,0,2,1943.3060172047522
41,Two year,81.06495189075838,1,1,Credit card,1,0,25,Female,DSL,1,0,0,0,3323.6630275210937,4,0,160.16039142699847,79.87350715546779,66,23,0,2,3749.824905622218
13,Month-to-month,109.21473523943632,0,0,Electronic check,1,0,39,Female,DSL,0,0,0,0,1419.7915581126722,5,3,27.151962702032474,21.134726009678115,-37,45,1,1,1644.0560206704
29,One year,55.963590749148665,1,1,Bank transfer,0,0,52,Female,Fiber optic,1,0,1,0,1622.9441317253113,1,1,20.608088321934947,51.9186726221671,48,34,0,2,1948.8494153551355
15,One year,56.52263469440254,1,1,Credit card,0,0,28,Male,Fiber optic,0,1,0,1,847.8395204160381,0,0,139.68395284666624,51.00937492517974,50,4,0,2,2644.704276718434
21,Month-to-month,96.52315000204077,0,0,Electronic check,1,1,73,Male,Fiber optic,0,0,1,0,2026.986150042856,7,2,54.65558790615742,22.84368350391502,-75,20,1,1,1302.6412937922585
6,Month-to-month,105.0328914443927,0,0,Electronic check,1,0,22,Male,Fiber optic,0,1,0,0,630.1973486663562,9,3,39.4622231978773,11.531910145379483,-38,30,0,1,1738.6623055761052
17,Month-to-month,96.74523920948974,0,0,Electronic check,1,1,66,Male,DSL,1,0,1,0,1644.6690665613255,9,2,1.3661249307555234,5.046623620101616,-61,21,1,1,1925.7654947318154
14,One year,84.30469999073114,1,1,Mailed check,0,1,74,Male,Fiber optic,1,1,0,1,1180.265799870236,2,1,0.16864920576509018,69.2728954938252,56,21,0,2,2226.0345899437157
3,One year,71.48219026764642,0,1,Mailed check,1,0,33,Male,Fiber optic,1,1,1,0,214.44657080293925,2,0,124.65323595016069,55.168866237772846,33,22,0,2,1103.0540401114106
21,Month-to-month,95.59138803312773,0,0,Electronic check,1,0,58,Male,DSL,1,0,1,0,2007.4191486956822,7,5,23.159010670206726,5.757546714209137,-28,14,1,1,2393.006258275541
15,One year,88.32454115597277,0,1,Bank transfer,1,0,61,Female,Fiber optic,0,1,0,0,1324.8681173395914,2,0,92.74082837788121,51.48831107360544,62,24,0,2,2332.053635278217
51,Two year,84.83634360870832,1,1,Credit card,1,0,24,Female,Fiber optic,0,0,1,1,4326.653524044124,6,0,71.2799046949928,63.92417310519926,60,6,0,2,3618.499688302144
12,Month-to-month,77.8973186210884,0,0,Electronic check,1,0,45,Female,Fiber optic,0,1,0,1,934.7678234530608,8,4,18.09896165324892,21.99419907242263,-40,12,1,1,990.8840265430765
8,Month-to-month,79.34004205225177,0,0,Electronic check,1,0,31,Male,DSL,0,0,0,0,634.7203364180142,7,3,0.661806365682559,6.72604701232753,5,11,0,1,2301.4351045741
6,Month-to-month,71.30289429927964,0,0,Electronic check,1,0,55,Male,No,0,0,1,1,427.81736579567786,12,3,4.826775219616726,10.83152068924813,-30,6,1,1,1598.5815216935134
31,One year,70.74072530438852,1,1,Mailed check,0,0,40,Female,DSL,1,0,0,0,2192.962484436044,4,1,211.3670713791276,71.23464453257735,66,10,0,2,2816.960144100008
26,One year,79.52875622161369,1,1,Bank transfer,0,1,68,Male,Fiber optic,0,0,1,0,2067.747661761956,2,0,82.20965990934576,78.99738544062669,-30,2,0,2,1527.169476116948
11,Month-to-month,91.91904485704657,0,0,Electronic check,1,0,51,Male,Fiber optic,0,1,1,0,1011.1094934275122,8,1,33.12276020220825,28.65458503592634,-17,25,1,1,1802.093500444864
44,Two year,96.7754961829069,1,1,Bank transfer,1,0,45,Male,DSL,0,1,0,1,4258.121832047904,2,0,19.274645061193404,73.81969200649567,100,3,0,2,4429.932975951928
36,Two year,84.08582576209923,1,1,Bank transfer,1,0,20,Female,Fiber optic,0,0,0,0,3027.0897274355725,2,3,21.759941273652124,63.811633429453906,49,42,0,1,3696.5470458872273
70,Two year,94.31945015690823,1,1,Bank transfer,1,0,27,Male,Fiber optic,1,0,0,0,6602.361510983576,1,1,39.34639083985695,74.311652764987,100,21,0,2,4634.221993466976
65,Two year,93.5985592112873,1,1,Bank transfer,1,0,57,Female,Fiber optic,0,0,1,0,6083.906348733674,5,1,66.72969389101999,42.714629309451894,47,8,0,2,4468.790900972602
23,Month-to-month,114.69891959415541,0,0,Electronic check,1,0,35,Female,No,1,0,0,0,2638.0751506655747,10,6,8.670731133295895,8.070030013997988,-17,109,1,0,3560.888134612759
20,Month-to-month,106.13248511804282,0,0,Electronic check,1,0,31,Female,Fiber optic,1,0,0,0,2122.6497023608563,8,4,10.611763901067315,25.96365336412874,-4,73,1,1,2206.2902495946364
47,Two year,83.88187667582767,1,1,Bank transfer,1,0,44,Male,DSL,0,1,1,0,3942.4482037639004,1,0,122.49781237559442,43.147735501809386,17,13,0,2,2720.0721674739957
58,Two year,87.52177775344055,1,1,Bank transfer,1,0,19,Male,Fiber optic,1,0,0,0,5076.263109699552,3,1,60.728441767230905,74.41495606160885,44,16,0,2,3787.922285788465
7,Month-to-month,104.41983524634541,0,0,Electronic check,1,1,69,Male,No,0,0,1,1,730.9388467244179,9,4,6.973498910576964,26.29941460725391,-10,117,1,0,3081.7257238568227
14,Month-to-month,100.5717118369737,0,0,Electronic check,1,0,55,Female,Fiber optic,1,0,1,1,1408.003965717632,9,1,9.604053758397868,13.25014048079378,-36,133,1,0,2144.6089171544254
35,One year,61.03932134684763,1,0,Credit card,1,0,30,Female,DSL,0,1,0,0,2136.376247139667,3,0,29.422575779258533,63.50102547363029,52,1,0,2,2649.4679385283152
48,Two year,75.67433185636315,1,1,Credit card,1,0,56,Male,DSL,1,0,0,1,3632.3679291054314,1,0,58.11324073873094,77.70329315740597,11,48,0,2,2698.7761773722964
63,Two year,84.68623133582588,1,1,Credit card,1,0,47,Female,Fiber optic,0,1,1,0,5335.23257415703,6,1,4.399075546891659,49.38427735874343,32,16,0,2,4066.855063822641
20,Month-to-month,74.16512915558982,0,0,Electronic check,1,0,59,Female,Fiber optic,0,0,0,1,1483.3025831117966,8,3,2.2428987507543647,5.5116432201696135,27,7,1,1,3040.226280813722
1,Month-to-month,35.030998861129504,0,0,Electronic check,0,0,48,Female,DSL,1,1,1,1,35.030998861129504,3,0,29.212275092922987,52.480597729986286,47,14,0,2,1279.4068014777101
10,Month-to-month,75.6907261312472,1,0,Mailed check,1,1,77,Female,Fiber optic,0,0,1,0,756.907261312472,1,0,39.33712260154779,68.47292446993899,100,0,0,2,3105.667086605439
17,One year,68.3365532716879,1,0,Mailed check,1,0,32,Female,DSL,0,0,1,1,1161.7214056186945,1,0,53.295829393597764,71.1117945513563,18,17,0,2,1959.4576590365784
43,Two year,63.083120478058426,1,1,Bank transfer,1,0,20,Male,No,0,0,0,1,2712.574180556512,3,0,7.1082275152715955,52.65458965906625,22,1,0,2,2720.780850967588
4,Month-to-month,75.20174932272796,1,0,Electronic check,1,0,32,Female,Fiber optic,0,1,0,0,300.80699729091185,3,3,7.721787698934501,45.223529327604034,7,7,0,1,2467.505053445823
3,One year,59.52130515539457,1,0,Electronic check,1,0,40,Male,DSL,1,0,1,1,178.56391546618372,0,0,34.6759505112037,78.9043935081406,6,2,0,2,819.2015876861703
8,Month-to-month,67.08189093088104,1,1,Mailed check,1,0,35,Male,Fiber optic,0,0,1,0,536.6551274470484,4,2,26.7385836513702,63.924520916570984,-9,5,1,1,1894.9203924651354
69,Two year,97.3092296190502,1,1,Bank transfer,1,1,75,Male,Fiber optic,0,0,0,0,6714.336843714464,2,0,207.8878677890756,77.48199825857077,24,5,0,2,3676.530887548627
15,Month-to-month,87.44310483851365,0,0,Electronic check,1,1,69,Male,DSL,0,0,0,0,1311.6465725777048,9,8,5.222113056784653,27.822036917418476,-12,16,1,0,2887.5377329693574
11,One year,62.71178899726589,0,1,Mailed check,1,0,64,Female,Fiber optic,1,1,0,0,689.8296789699248,4,1,17.30877736154832,71.15576976863727,39,12,1,2,1690.6123707904594
18,Two year,71.65205265025287,0,0,Mailed check,0,1,69,Male,No,0,0,0,1,1289.7369477045518,2,0,19.331029308428906,75.1046339704032,20,7,0,2,1705.8120242910231
14,One year,51.31450903180559,0,0,Mailed check,0,0,58,Female,DSL,0,1,1,0,718.4031264452783,1,0,25.06765819689878,77.20518608208732,61,3,0,2,2263.4602346084394
64,Two year,70.42853199679666,1,1,Credit card,1,1,67,Male,DSL,0,0,1,1,4507.4260477949865,4,0,28.12395892154352,70.38391536917992,43,23,0,2,4087.9459683073637
18,Month-to-month,75.00090450121611,0,0,Electronic check,1,0,37,Male,Fiber optic,1,0,0,0,1350.01628102189,4,4,32.78910665711769,8.153901795876157,-54,32,1,1,1543.5405019278305
33,One year,54.48794257882256,1,0,Credit card,1,0,58,Male,DSL,0,1,1,1,1798.1021051011446,2,0,59.21258157953976,74.49995158651296,40,25,0,2,2024.6801389860027
16,Month-to-month,119.83812924932045,0,0,Electronic check,1,0,20,Female,Fiber optic,0,0,1,0,1917.4100679891271,8,2,2.8231866433500095,12.204598121766276,34,72,1,1,3407.2864457628093
30,One year,89.85955464707283,0,1,Credit card,0,0,59,Female,No,1,1,1,0,2695.7866394121847,3,2,33.56082580929664,47.66986192902371,-21,10,1,1,2703.952036554364
18,Month-to-month,107.10462962791223,0,0,Electronic check,1,0,37,Male,Fiber optic,1,0,0,0,1927.8833333024202,9,0,1.80721035979829,6.18079447203214,23,201,1,1,2747.412506151308
18,One year,56.42347482892503,1,0,Bank transfer,1,1,75,Male,DSL,0,0,1,0,1015.6225469206505,1,1,13.480393950014992,51.66799985769555,42,8,0,2,2171.504580566617
1,Month-to-month,36.489148286130565,0,0,Mailed check,1,0,61,Male,Fiber optic,1,0,0,1,36.489148286130565,3,2,60.978652917547585,64.19109213980488,26,1,0,2,914.4662378362635
35,Two year,54.62853198275879,1,0,Credit card,0,0,43,Male,Fiber optic,0,1,0,1,1911.9986193965576,0,0,78.33426005806908,43.01929568280914,9,1,0,2,2086.7354661962872
2,One year,73.66957289546096,0,1,Mailed check,1,0,37,Male,DSL,0,0,1,0,147.33914579092192,2,2,7.502703055671197,72.85050571597505,2,4,1,1,1302.9505790716325
22,Month-to-month,103.52900254134677,0,0,Electronic check,1,1,79,Female,Fiber optic,0,1,1,1,2277.6380559096287,4,2,6.7936901376085865,24.94722784201984,-25,55,1,1,2220.466671204921
16,One year,65.12615871801441,0,1,Bank transfer,1,0,52,Female,Fiber optic,1,0,0,1,1042.0185394882305,2,0,153.32200827073638,52.220033965990325,24,0,0,2,2170.6353378374724
22,Two year,86.08425862873251,0,1,Bank transfer,0,0,33,Female,Fiber optic,0,1,1,1,1893.8536898321154,3,0,248.1962797661493,43.481434424534,27,7,0,2,2131.359337897922
27,One year,86.04153990936092,0,0,Mailed check,1,0,47,Male,No,0,0,1,0,2323.121577552745,2,1,260.9706399754984,68.40191229281062,20,9,0,2,1912.2888297972722
10,Month-to-month,111.1091452908367,0,0,Electronic check,1,1,77,Male,Fiber optic,1,0,0,1,1111.091452908367,7,1,52.44863656863708,26.67931485089426,-70,46,1,1,1784.2367064022606
60,Two year,63.30861846097414,1,1,Credit card,1,0,23,Male,No,0,0,0,1,3798.5171076584484,0,1,44.4582442440666,69.56212679979107,71,20,0,2,4070.8081921257944
9,Month-to-month,71.0819662472582,0,0,Electronic check,1,0,41,Female,No,1,0,1,0,639.7376962253237,12,0,14.703643342268515,13.16834890239981,-38,132,1,1,1485.194272781162
27,Two year,64.35314427657534,0,1,Bank transfer,1,0,59,Female,Fiber optic,1,1,1,0,1737.5348954675342,3,1,13.653408739797134,65.61194877319123,55,19,0,2,2528.358149840357
21,Month-to-month,104.95965989906881,0,0,Electronic check,1,1,79,Female,Fiber optic,0,0,1,0,2204.152857880445,6,6,11.989367979788417,10.262778556501965,-34,16,1,0,3134.4843170584545
20,Two year,62.876430543272875,0,1,Mailed check,1,0,18,Female,Fiber optic,1,0,1,0,1257.5286108654575,3,0,32.48270179738098,62.27616575210625,14,14,0,2,1713.370327255611
64,Two year,93.17329620565135,1,1,Bank transfer,1,0,22,Male,DSL,0,0,0,0,5963.090957161687,1,0,45.87177358934409,74.24655630861116,36,5,0,2,3895.735913913971
23,One year,71.67523815090725,1,0,Bank transfer,1,0,49,Male,DSL,0,1,0,1,1648.5304774708668,3,0,50.647059756481205,77.62287249163586,77,11,0,2,2805.779502667816
35,One year,53.678582692700544,0,1,Credit card,1,1,74,Female,DSL,0,0,1,1,1878.7503942445192,2,0,39.28125214088554,41.65494472905532,22,22,0,2,2768.9425848975698
11,Month-to-month,71.42651297907543,1,0,Electronic check,0,0,50,Female,DSL,0,0,0,0,785.6916427698297,1,0,4.43383520136593,58.98603648383063,33,10,0,2,1993.6138019129207
28,Two year,78.26243257291992,1,1,Credit card,0,1,68,Female,DSL,0,1,0,1,2191.3481120417578,0,2,74.99947599607827,53.56152952810487,67,1,0,2,3249.281613674785
59,Two year,72.07666800310007,1,1,Credit card,1,0,25,Male,DSL,0,0,0,0,4252.523412182904,3,1,29.88304525235638,44.311991791165426,27,25,0,2,3270.692635820244
62,Two year,61.78379633491846,1,1,Bank transfer,1,0,62,Female,Fiber optic,0,0,0,0,3830.595372764945,5,0,24.055502506599236,44.358438920184,54,5,0,2,4114.334686244602
2,One year,73.45495343623642,1,1,Electronic check,1,0,63,Male,No,0,0,0,0,146.90990687247285,1,0,156.45997995195427,57.12972529566778,39,1,0,2,1625.3936772821514
45,Two year,91.30327759405353,1,1,Bank transfer,1,0,27,Female,Fiber optic,1,0,1,1,4108.6474917324085,2,0,58.4591541738055,65.82857848571913,50,0,0,2,3478.6359586981703
9,Month-to-month,119.24329701724213,0,0,Electronic check,1,1,76,Female,No,0,0,0,0,1073.1896731551792,8,3,21.44189102897609,10.13396248864779,-1,114,1,1,2107.479229151347
3,Month-to-month,40.14967795955986,0,0,Mailed check,1,0,57,Male,Fiber optic,0,1,0,0,120.44903387867959,1,1,93.46619849112534,53.47008536373275,-8,8,1,2,906.7808208830295
4,One year,59.166645499425876,0,1,Mailed check,1,0,35,Male,No,0,0,1,0,236.6665819977035,2,0,78.3592653375427,63.838607016546234,73,5,0,2,1493.5324474958893
12,Two year,73.64282838590823,0,0,Credit card,1,0,53,Female,Fiber optic,0,0,0,0,883.7139406308988,2,0,43.25521438536617,70.10189604199617,37,3,1,2,1480.4180972719096
7,Month-to-month,81.63898422187395,0,0,Electronic check,1,0,56,Male,DSL,1,0,0,0,571.4728895531177,8,2,0.9394840480991804,10.097658233961457,9,110,1,1,2394.6307089121583
15,Month-to-month,102.18168940598103,0,0,Electronic check,1,1,75,Female,No,1,0,1,0,1532.7253410897156,3,2,22.188265210645124,5.711999191576187,-37,30,1,1,1963.8516543984178
14,Month-to-month,111.73689773884837,0,0,Electronic check,1,1,73,Male,DSL,0,0,1,1,1564.3165683438772,10,3,51.20083714046488,13.074154587061352,-20,21,1,1,2292.317933304951
18,One year,71.02379959313494,0,0,Mailed check,1,1,76,Female,No,0,0,1,1,1278.428392676429,3,1,67.38587883096318,50.83333282088031,29,15,0,2,2260.1262180995186
7,Month-to-month,69.63517028903757,0,0,Mailed check,0,0,18,Male,DSL,0,0,0,1,487.44619202326305,2,0,15.609939468260272,58.00150591217134,-9,23,0,2,993.5154315241771
51,Two year,94.16887625363472,1,1,Credit card,1,0,45,Male,Fiber optic,1,0,1,1,4802.612688935371,1,0,115.18266764532221,52.73483027993139,49,11,0,2,3198.5162080636014
12,Month-to-month,100.72106491115147,0,0,Electronic check,1,1,78,Male,Fiber optic,0,0,0,1,1208.6527789338177,8,5,23.17074648247892,13.686387955439143,-43,39,1,0,2636.1436166233107
58,Two year,84.02438170184945,1,1,Credit card,1,1,76,Female,Fiber optic,0,1,0,1,4873.414138707268,2,1,4.1321161590084445,61.393324952117815,96,39,0,2,4291.470079404702
9,Month-to-month,56.42921007187212,0,0,Electronic check,0,0,59,Male,No,0,0,1,0,507.8628906468491,2,1,115.32405231491273,44.80754432543574,49,8,0,2,1874.9510489312192
64,Two year,79.78700758365133,1,1,Bank transfer,1,0,41,Male,DSL,0,0,1,0,5106.368485353685,0,0,33.35580630365724,58.29512046035222,17,19,0,2,3742.5671467132165
6,Month-to-month,56.949043722506026,0,1,Mailed check,1,1,72,Female,Fiber optic,1,0,1,1,341.69426233503617,1,1,18.654059158903628,68.66234464761831,17,47,1,1,1865.4208166070684
63,Two year,81.95921797766567,1,1,Bank transfer,1,0,62,Female,Fiber optic,0,0,0,1,5163.430732592938,1,2,68.71801253525605,43.293919455619665,24,27,0,2,3629.8175782128455
5,Month-to-month,72.91866898805313,0,0,Electronic check,0,0,24,Female,Fiber optic,1,1,0,1,364.59334494026564,1,1,45.92060669402839,78.5156521268037,38,22,0,2,1755.0939586607572
26,One year,86.16431621830543,0,1,Bank transfer,0,0,36,Male,No,0,0,0,1,2240.272221675941,1,0,38.89807583571363,59.81042127385865,70,14,0,2,2869.6718601506486
31,Two year,56.20377083442838,1,0,Mailed check,0,0,45,Male,Fiber optic,0,0,0,1,1742.31689586728,5,0,84.89009745661022,52.65247881443458,28,3,0,2,2115.9460974454923
50,Two year,74.49072348394364,1,1,Credit card,1,0,39,Female,Fiber optic,0,0,0,0,3724.536174197182,0,0,21.875702527568397,67.56260929579248,38,19,0,2,3218.009300517107
23,One year,81.36378802319392,0,1,Credit card,0,0,25,Male,No,1,0,0,1,1871.3671245334601,6,0,23.102441742291454,73.58068509706516,16,13,0,2,2248.4471032713036
50,Two year,70.10111128301676,1,1,Bank transfer,1,1,73,Male,DSL,1,0,0,1,3505.055564150838,2,0,7.875481308287223,52.6969660335023,48,30,0,2,3496.238283229886
19,Two year,71.54679838741733,0,1,Mailed check,1,1,71,Male,DSL,0,0,0,0,1359.3891693609291,3,1,15.749904717143647,56.388821934028286,7,9,0,1,2335.251339728831
26,Two year,64.34444209124683,0,0,Mailed check,1,0,40,Female,Fiber optic,0,0,1,0,1672.9554943724177,3,0,36.66875260343943,56.60919277725642,15,4,0,2,2108.692754789992
32,One year,70.89041618116065,0,1,Credit card,1,0,44,Male,DSL,0,0,0,1,2268.4933177971407,3,0,16.552797324866397,79.15704281665981,54,6,0,2,2577.48661453222
5,Month-to-month,73.53985861690566,0,1,Electronic check,1,0,38,Female,Fiber optic,0,1,0,1,367.69929308452834,5,0,4.121872529901774,62.33717026026444,53,5,1,2,1703.9605132328802
5,Month-to-month,46.86010175844764,1,0,Mailed check,0,0,52,Female,Fiber optic,1,0,1,0,234.3005087922382,2,1,61.61299336112108,79.37115698731867,34,0,1,2,929.6802303422478
21,Month-to-month,79.9910460170682,0,0,Electronic check,1,1,74,Female,Fiber optic,1,0,1,0,1679.8119663584323,8,5,65.69025756807228,18.470710221407614,-28,88,0,1,1887.1676019707902
4,One year,30.79190354724371,1,1,Mailed check,1,0,31,Female,Fiber optic,1,1,0,0,123.16761418897484,3,1,53.12495905075886,64.39549241527423,59,56,1,2,1335.2362909821993
10,Month-to-month,42.951757205167354,1,1,Electronic check,0,0,22,Female,No,0,0,0,1,429.51757205167354,2,0,86.41397310405371,72.5782319702967,73,48,0,2,2166.5426594024143
8,Month-to-month,110.11106594856508,0,0,Electronic check,1,1,78,Female,DSL,1,0,0,0,880.8885275885207,5,4,17.50466194625748,18.170841407706725,-66,5,1,0,2164.6874498336156
34,One year,53.64969576454884,0,0,Credit card,1,1,75,Male,Fiber optic,0,0,0,0,1824.0896559946605,2,0,35.26398936443549,53.53499585227894,69,9,0,2,3055.603804645396
11,Month-to-month,83.84352584825783,0,0,Electronic check,1,1,65,Male,DSL,0,1,0,0,922.2787843308361,9,1,3.1769323956415136,18.538194461452328,-56,113,1,1,793.9831007603675
61,Two year,69.04588206359763,1,1,Bank transfer,1,0,29,Female,DSL,0,0,1,0,4211.798805879455,3,0,73.0394401668981,62.787664695661164,94,8,0,2,4831.216730203222
16,Two year,67.23973368272678,0,1,Bank transfer,1,0,48,Female,Fiber optic,0,0,0,0,1075.8357389236285,0,0,97.86747382945518,66.23675279105366,40,15,0,2,2340.2337904886235
60,Two year,61.23750578925368,1,1,Credit card,1,0,22,Male,Fiber optic,0,0,1,0,3674.250347355221,0,1,109.58980264214149,55.633002563816234,68,2,0,2,4175.470799392374
26,Two year,68.35209261433168,1,0,Mailed check,0,0,47,Female,Fiber optic,0,0,0,1,1777.1544079726236,3,0,107.10171549171945,65.33194284476447,30,5,0,2,1968.6417679448637
47,Two year,87.02320367801039,1,1,Bank transfer,1,0,58,Female,Fiber optic,0,0,1,0,4090.0905728664884,1,0,16.47795107368114,44.88620235782102,33,14,0,2,2831.4966600690786
23,Two year,79.52167220056825,0,0,Credit card,0,1,75,Female,DSL,0,0,0,0,1828.9984606130697,2,1,86.13464025696337,58.6526893605222,26,8,0,2,2072.1654205657255
44,Two year,69.24523649710586,1,1,Credit card,1,1,77,Female,No,1,1,1,1,3046.790405872658,3,1,65.70170562210785,76.00876457729602,59,9,0,2,3213.8107316115365
9,One year,62.113908175355746,1,1,Mailed check,1,0,54,Female,DSL,0,0,0,0,559.0251735782017,4,0,3.827882821497552,50.18559913947889,-27,23,1,1,1550.6783824369556
8,Month-to-month,114.14762279237486,0,0,Electronic check,1,1,67,Male,No,0,0,1,1,913.1809823389989,7,6,0.41497345237381345,28.87845335587359,-17,58,1,0,2766.5928308882944
8,Month-to-month,71.64467974436147,0,0,Electronic check,1,0,40,Male,DSL,0,0,0,1,573.1574379548917,3,0,29.85009594040765,46.778940104358306,31,1,1,2,1335.155987572694
41,Two year,91.93376752897314,1,1,Bank transfer,1,0,37,Male,Fiber optic,0,0,1,1,3769.2844686878984,1,3,48.93433230156448,60.21425296905052,59,37,0,2,3163.6587655296594
21,Two year,73.55299572993172,0,0,Bank transfer,1,0,41,Female,Fiber optic,1,1,0,1,1544.6129103285662,3,0,47.430587483215795,41.943006385286644,49,13,0,2,2179.140512102342
53,Two year,95.52156257440471,1,1,Bank transfer,1,0,62,Female,DSL,0,0,0,0,5062.64281644345,2,0,31.71316521184555,73.10920407686466,13,12,0,2,3293.0476269968644
11,One year,40.46438807650599,0,0,Electronic check,1,0,23,Male,Fiber optic,0,0,1,1,445.1082688415659,3,1,153.4578220146847,75.22807337659766,39,8,1,2,1262.5038997308127
44,Two year,60.09270191619255,1,1,Bank transfer,1,0,55,Male,Fiber optic,1,0,0,0,2644.0788843124724,2,0,7.098840537606349,42.00344927808372,50,6,0,2,3123.2153846930705
30,One year,69.28324632929093,1,1,Credit card,1,0,41,Male,DSL,1,0,0,0,2078.497389878728,1,1,20.605514800930948,46.94930893060841,44,6,1,2,2770.0557955263585
1,Month-to-month,53.13096359668648,0,0,Electronic check,1,0,22,Female,Fiber optic,0,0,1,0,53.13096359668648,2,1,11.259443706839475,45.309324963740075,62,2,1,2,1392.0493649405628
42,Two year,94.10231127606214,1,1,Credit card,1,0,54,Female,No,0,1,0,1,3952.2970735946096,5,0,50.500775528273195,48.93365067105853,24,4,0,2,2680.932058756735
60,Two year,78.15787392433428,1,1,Credit card,1,0,50,Male,Fiber optic,0,0,0,0,4689.472435460057,1,2,145.8082295448931,46.80838578567614,44,4,0,2,4173.713139294368
32,Two year,79.33765975242633,0,0,Bank transfer,1,0,37,Male,Fiber optic,0,0,0,1,2538.8051120776427,1,0,1.4043056102264686,47.001715522581115,27,5,0,2,2943.6252816478595
18,Two year,70.87139066859544,1,1,Credit card,1,1,68,Male,No,1,1,1,1,1275.685032034718,1,0,61.135695080973996,61.3909975311293,30,7,0,2,1855.3789893070568
16,Month-to-month,70.47375656308482,0,0,Electronic check,1,0,25,Female,Fiber optic,1,0,0,1,1127.580105009357,12,6,71.25253253376198,23.952194164141442,-41,4,0,0,2056.8582509703574
68,Two year,96.01285072297085,1,1,Bank transfer,1,0,32,Male,DSL,0,0,0,0,6528.873849162018,1,1,1.9640577300844635,61.74864085100878,30,3,1,2,3809.7489765320024
15,Month-to-month,86.19695600803578,0,0,Electronic check,1,0,19,Female,No,0,1,0,0,1292.9543401205367,7,5,31.99125945889294,6.972125789886469,2,0,1,1,2222.7774613002066
11,One year,42.68212371706878,1,0,Mailed check,1,0,59,Male,DSL,0,1,1,1,469.50336088775657,0,0,15.256251580545987,71.21300151904077,56,7,0,2,1880.0763462534437
4,Month-to-month,33.320267673024865,0,1,Mailed check,1,0,26,Male,DSL,1,0,0,1,133.28107069209946,1,2,62.541428962498145,56.34690742003599,100,10,0,2,2044.1480986134025
14,Two year,83.14205633860165,0,1,Bank transfer,0,0,31,Female,Fiber optic,1,0,0,0,1163.9887887404232,1,0,74.55129588868186,58.950782137403316,16,2,0,2,2154.094907601883
2,Month-to-month,66.03081453318575,0,0,Electronic check,0,1,72,Female,DSL,1,0,1,0,132.0616290663715,1,1,62.43973868694006,53.19025193392748,70,30,0,2,1839.5050934334777
18,Month-to-month,102.7924474286937,0,0,Electronic check,1,0,34,Male,No,0,0,1,0,1850.2640537164866,10,3,2.417982113417434,28.705608369684604,-54,188,1,0,2987.0279793072355
23,Two year,64.75000858022482,0,1,Bank transfer,0,0,43,Male,Fiber optic,0,0,0,1,1489.2501973451708,1,0,58.17746272079301,49.731630118297545,-39,10,0,2,1205.1463267388926
17,Month-to-month,102.38297928201473,0,0,Electronic check,1,0,58,Male,DSL,1,1,0,1,1740.5106477942504,5,2,27.83671094285399,26.352071054177127,6,56,1,1,2940.848648475193
57,Two year,93.00528783714816,1,1,Bank transfer,1,0,47,Male,Fiber optic,1,0,1,0,5301.301406717445,2,0,13.718556575828341,54.7877607457508,8,25,0,2,2946.904317415023
26,One year,68.56900664756796,0,1,Mailed check,0,0,45,Female,DSL,1,0,0,1,1782.7941728367668,2,1,135.94799690938908,69.73273186858528,69,19,0,2,2826.695156058874
54,Two year,69.87629706670342,1,1,Credit card,1,0,29,Male,Fiber optic,1,0,0,1,3773.3200416019845,2,0,10.7493813893532,79.5045903218425,37,17,0,2,3279.8917344069837
30,One year,71.839765416919,1,1,Credit card,0,0,21,Female,Fiber optic,0,0,1,0,2155.19296250757,4,0,34.948810479249566,75.35134550759403,63,21,0,2,2554.1182415725552
21,Month-to-month,80.92742307602815,0,0,Electronic check,1,1,77,Female,Fiber optic,1,0,1,1,1699.4758845965912,8,5,5.1821899286109465,5.882225111695206,-19,144,1,0,3477.5189617146652
43,Two year,69.0089480907396,1,1,Bank transfer,1,1,67,Female,DSL,0,1,0,0,2967.3847679018027,6,1,20.404706666199147,71.13290598873053,51,10,0,2,3329.9505525524296
8,Month-to-month,61.12746981065569,1,1,Mailed check,0,0,48,Female,DSL,0,1,1,1,489.0197584852455,0,0,51.02772924194785,49.627454270350675,74,3,0,2,2045.7377373166073
17,Two year,77.63671287764132,1,1,Bank transfer,0,0,42,Female,No,1,1,1,0,1319.8241189199023,1,0,132.05869987449626,50.32760297204548,49,0,0,2,2245.87184518724
18,Month-to-month,76.11170964272631,0,0,Electronic check,1,1,66,Female,Fiber optic,1,0,0,1,1370.0107735690735,7,1,2.579909718212316,10.656241968344114,2,150,1,0,2947.180911706716
27,One year,51.73873597294859,1,0,Bank transfer,1,1,70,Male,DSL,0,0,1,0,1396.9458712696119,2,0,22.62712579786426,70.61243599686448,10,10,0,2,1710.570656575859
9,Month-to-month,102.87356844280768,0,0,Electronic check,1,1,75,Male,Fiber optic,1,0,0,0,925.8621159852692,11,4,13.25879480200992,17.893092431543973,-57,72,1,1,1432.4694087721236
64,Two year,87.906825100803,1,1,Credit card,1,1,74,Female,DSL,0,0,1,0,5626.036806451392,0,1,18.275864117810272,52.48691048567096,36,6,0,2,4351.865076583232
49,Two year,72.60758084389435,1,1,Bank transfer,1,0,44,Female,No,1,1,1,0,3557.7714613508233,2,0,59.14447105186542,78.56762181173967,54,33,0,2,3166.7363592371453
61,Two year,71.59880475774436,1,1,Bank transfer,1,1,75,Male,DSL,1,0,0,1,4367.527090222406,2,1,84.6047671552387,40.73408686244281,50,6,0,2,3883.6947152485227
43,Two year,98.39306072303717,1,1,Credit card,1,0,31,Female,Fiber optic,1,0,0,1,4230.901611090598,3,2,6.283751964965926,44.388682004121776,55,11,0,1,3639.581890741232
8,Month-to-month,56.60434119690056,0,1,Electronic check,1,0,63,Female,DSL,1,0,1,0,452.8347295752045,4,3,79.55815600828639,74.54168767568557,16,1,1,2,1195.112966414869
18,Month-to-month,70.62080445847117,0,0,Electronic check,1,0,60,Male,DSL,1,0,0,1,1271.174480252481,5,3,21.39440297803704,16.70895290512346,11,161,1,0,3190.963767966511
34,One year,67.43358555738212,1,1,Bank transfer,0,0,18,Female,Fiber optic,0,0,0,1,2292.741908950992,2,0,59.57772506568908,48.64573482757607,-41,6,0,2,1898.1948089127006
15,Month-to-month,102.5287395554673,0,0,Electronic check,1,0,29,Female,Fiber optic,0,1,1,0,1537.9310933320094,5,0,84.33428085398731,15.930311208256379,7,18,1,2,2581.40037409631
42,Two year,98.1158718399131,1,1,Credit card,1,0,41,Male,DSL,0,1,1,1,4120.86661727635,4,2,51.94000296802152,47.16477928295573,76,30,0,2,3558.276801006723
30,Two year,84.3044494130223,0,0,Credit card,1,0,44,Female,Fiber optic,0,1,0,0,2529.133482390669,2,2,58.92869366327617,70.74405729301944,40,45,1,2,2475.7983352121637
23,Month-to-month,74.22716676900615,0,0,Electronic check,1,0,60,Male,Fiber optic,0,0,1,0,1707.2248356871414,7,0,58.88983558707287,12.08726547810102,-25,125,1,1,2049.0424397986208
10,Month-to-month,44.93360786937748,0,0,Mailed check,1,0,35,Female,DSL,0,0,0,0,449.3360786937748,1,0,42.88073776103483,66.45791165473395,87,1,0,2,2379.5936746650887
15,One year,72.26423592721174,0,0,Bank transfer,0,0,34,Male,Fiber optic,1,0,0,0,1083.9635389081761,4,0,2.1690966595089014,57.27439493114028,1,1,0,1,1961.1670376296636
64,Two year,77.6809749513143,1,1,Credit card,1,0,55,Female,Fiber optic,1,0,1,1,4971.582396884115,2,3,131.0436025491758,62.305434634511,6,5,0,2,3263.9992491144394
21,One year,85.85458248324386,1,0,Bank transfer,0,0,18,Male,No,0,0,0,0,1802.946232148121,5,0,27.045852263478906,75.433265938576,10,0,0,2,2137.2157813255335
22,Month-to-month,97.54563199739428,0,0,Electronic check,1,1,75,Male,DSL,0,0,0,0,2146.0039039426742,14,2,13.104283015215266,20.582962193436707,-8,86,1,1,2411.8633436144346
43,Two year,92.09417316637057,1,1,Credit card,1,0,61,Male,DSL,1,1,0,0,3960.0494461539342,2,0,151.40468427058244,72.9813398179744,51,14,0,2,3410.5992285901216
46,Two year,81.27650826097053,1,1,Credit card,1,1,66,Male,DSL,1,1,1,0,3738.7193800046443,4,0,15.35730048624955,74.05434881278987,75,27,0,2,3576.897565340041
69,Two year,64.47743708086121,1,1,Credit card,1,0,45,Male,DSL,0,0,0,1,4448.943158579424,2,0,45.675438861642,43.24921030189466,9,16,0,2,3921.971953906232
17,Month-to-month,107.99393520193951,0,0,Electronic check,1,0,18,Male,DSL,0,1,1,1,1835.8968984329717,9,0,34.71481478350817,23.93514072962949,25,68,1,2,2104.8457071836415
9,Month-to-month,60.91731535227287,1,0,Mailed check,0,0,55,Male,Fiber optic,0,1,1,0,548.2558381704558,4,1,37.39735424496408,74.39213401174368,35,26,1,2,1654.21757614291
35,Two year,52.05444292130859,0,1,Credit card,0,0,29,Male,DSL,0,0,1,1,1821.9055022458008,2,0,105.7614832340359,57.05824458120195,-9,18,0,2,2345.9470876674413
9,Month-to-month,74.75169294267184,0,0,Electronic check,0,1,76,Male,Fiber optic,0,0,0,0,672.7652364840466,5,1,37.6386171246145,67.43738438770924,-6,17,1,2,1300.2259196598447
5,One year,56.82890950143101,0,1,Mailed check,0,0,55,Male,Fiber optic,0,1,1,1,284.14454750715504,1,0,32.26888820588605,47.61465601214575,28,4,1,2,1036.24720007704
2,Month-to-month,51.03151184394097,1,1,Mailed check,1,0,41,Female,DSL,0,0,0,0,102.06302368788194,0,1,11.159060999701277,40.505298350737675,58,44,0,2,1773.9147324276582
22,Month-to-month,73.20000413761935,0,0,Electronic check,1,0,24,Female,Fiber optic,1,0,1,0,1610.4000910276256,9,1,36.13078964525817,15.480771129690844,-20,137,1,1,2554.3154186109223
33,One year,74.41902045414714,1,0,Mailed check,0,0,23,Male,DSL,1,1,1,0,2455.827674986856,2,0,1.2517525618404948,60.24023654321696,5,4,0,2,2158.453860934868
21,One year,82.55664426264337,0,1,Bank transfer,0,0,29,Female,Fiber optic,1,1,0,0,1733.689529515511,0,0,56.913668341482435,50.10235935154259,48,36,0,2,2500.075683896152
8,Month-to-month,71.11724668831457,0,0,Electronic check,1,0,41,Male,Fiber optic,1,0,1,0,568.9379735065165,10,4,12.252772989958453,23.849668877812455,-19,99,1,1,1505.3365746784236
27,Two year,52.416074751717076,1,0,Mailed check,1,0,46,Female,No,1,0,0,0,1415.234018296361,3,0,20.151519793097222,60.055423241683,37,4,0,2,1918.2230255633726
18,Month-to-month,107.30467310971133,0,0,Electronic check,1,0,58,Male,Fiber optic,0,0,0,0,1931.484115974804,5,2,2.7814859383171315,29.83421498785981,-11,57,1,1,2418.6725506398893
27,One year,66.62911597118122,1,0,Bank transfer,1,1,71,Male,Fiber optic,0,0,0,1,1798.986131221893,2,0,87.94265370737602,52.894645128314224,35,3,0,2,2251.8296133121935
21,One year,58.82583778715828,1,0,Bank transfer,0,0,52,Male,DSL,0,0,0,1,1235.342593530324,4,0,45.368501823999296,46.78999473268394,66,6,0,2,1932.511571651171
2,Month-to-month,53.38791154787897,0,0,Mailed check,1,0,32,Male,DSL,0,0,0,0,106.77582309575794,2,0,6.300783722562009,78.0042757491311,26,30,0,2,454.97790275739635
43,Two year,97.49513752657283,1,1,Credit card,1,0,56,Female,Fiber optic,0,0,1,0,4192.2909136426315,2,0,5.413102655606512,58.208448064460825,26,1,0,2,3057.8230825140718
33,Two year,54.40977946722266,1,1,Bank transfer,1,0,25,Male,Fiber optic,1,1,0,0,1795.522722418348,1,0,39.2184111977538,67.65269668386253,41,3,0,2,2503.763902667931
52,Two year,89.02508801097663,1,1,Bank transfer,1,0,42,Female,Fiber optic,1,1,1,1,4629.304576570785,1,0,101.59729939926521,68.21765332738089,28,12,0,2,2930.504158000863
41,Two year,60.22663258118269,1,1,Bank transfer,1,0,54,Male,DSL,0,1,0,0,2469.2919358284903,2,0,10.60453111288632,47.47046011238887,90,1,0,2,3342.995063843039
48,Two year,66.55524095121929,1,1,Credit card,1,0,27,Male,Fiber optic,0,1,0,1,3194.651565658526,2,1,83.44137503232562,49.15766085833944,70,7,0,2,3377.888772077563
26,Two year,78.66108704885619,0,1,Mailed check,0,0,25,Female,Fiber optic,0,0,0,0,2045.188263270261,2,0,282.71881780437735,58.35112193661229,18,29,0,2,2069.37815608017
8,Month-to-month,65.06466710441921,0,0,Mailed check,1,0,24,Female,Fiber optic,0,1,1,0,520.5173368353537,1,1,58.884118427443426,55.888937384223894,55,26,0,2,1637.2235893789878
58,Two year,93.41631323368503,1,1,Credit card,1,1,77,Female,DSL,1,0,1,1,5418.146167553732,1,1,3.7131771322533234,72.27607560704112,65,20,0,2,4358.54184124899
14,Two year,75.59585744333008,0,0,Mailed check,0,0,55,Male,DSL,0,0,0,0,1058.3420042066211,2,0,115.76943364493505,59.77102444739611,-4,29,0,2,1284.3998879980943
61,Two year,83.17659597374004,1,1,Credit card,1,0,28,Female,DSL,0,0,0,1,5073.772354398142,1,0,18.3859825553838,74.16730648598504,37,1,0,2,3520.280880671912
10,Month-to-month,74.94761508432674,0,0,Electronic check,1,0,59,Female,Fiber optic,1,0,0,1,749.4761508432674,3,3,1.3821367410826215,19.031571360271457,-19,144,1,0,2058.947768205106
9,Month-to-month,40.690060533136645,0,0,Mailed check,1,0,25,Male,Fiber optic,1,0,0,0,366.2105447982298,4,0,55.70361914437023,62.667345995732774,60,5,0,2,1461.4831172873673
16,Two year,85.08154516173218,1,1,Credit card,0,0,20,Female,DSL,0,0,1,0,1361.3047225877149,0,2,12.089450674100274,66.79590943474969,40,0,0,2,1578.8423582513565
9,Month-to-month,34.15193789050932,1,0,Electronic check,1,0,63,Male,Fiber optic,0,0,1,0,307.3674410145839,2,3,79.07039707906587,60.10449122317296,29,3,0,2,927.3088936484652
5,One year,38.196013102347244,1,1,Mailed check,0,1,71,Male,Fiber optic,1,0,1,0,190.98006551173623,4,0,19.501883038991334,64.81213716509492,50,44,0,2,1592.521777093524
29,One year,86.95386496770783,1,0,Bank transfer,0,0,23,Female,DSL,1,1,0,0,2521.662084063527,0,1,18.281387272058495,57.22116061013778,33,8,0,2,2724.0393310171626
48,Two year,82.58516203989052,1,1,Credit card,1,0,64,Female,DSL,1,0,1,0,3964.087777914745,4,1,28.247305758843346,64.1464194034924,78,5,0,2,3607.273082654199
47,Two year,98.11190110405178,1,1,Credit card,1,0,27,Male,Fiber optic,0,0,1,1,4611.259351890434,2,1,321.9116061429381,54.29227717680807,34,25,0,2,2862.7660381523474
7,One year,56.77609580429818,0,1,Electronic check,1,0,42,Male,Fiber optic,0,0,0,1,397.4326706300873,1,0,141.37353765569264,76.31940774176553,28,9,0,2,1620.0439752392138
2,Month-to-month,45.43163242619753,0,0,Electronic check,0,0,43,Female,DSL,0,0,0,0,90.86326485239506,3,1,12.963591419421794,77.87955139365585,85,3,0,2,1707.8644924220916
21,One year,64.6553356902634,1,0,Mailed check,1,1,71,Female,No,1,0,1,0,1357.7620494955313,1,0,234.8052041652176,71.99247037841282,22,7,0,2,2181.810192353033
32,Two year,78.53012125005083,0,1,Bank transfer,1,1,66,Male,Fiber optic,0,1,1,0,2512.9638800016264,0,1,22.089472707836308,42.57512316937248,50,5,1,2,2745.312876837559
6,Month-to-month,34.295519410141026,0,0,Electronic check,0,0,43,Male,Fiber optic,1,0,0,0,205.77311646084615,6,0,20.04084640866874,66.8522997168821,80,13,0,2,1268.0949046282767
24,One year,52.23553073012301,1,0,Credit card,1,0,40,Male,No,0,1,1,0,1253.6527375229523,4,0,84.98726977905639,74.88120920840588,72,13,0,2,2602.794076357681
61,Two year,86.36455057878106,1,1,Bank transfer,1,0,30,Female,No,1,0,0,0,5268.237585305645,3,0,95.61577952827372,53.0977734462722,77,37,0,2,5092.772099595209
10,Month-to-month,100.70324923636991,0,0,Electronic check,1,0,24,Female,Fiber optic,0,0,0,0,1007.0324923636991,4,5,8.727298833342589,6.928751529312506,-20,72,1,0,2631.6817607539824
10,Month-to-month,38.785762291841294,0,0,Mailed check,1,0,22,Male,Fiber optic,0,1,0,1,387.85762291841297,3,0,38.98128541018475,54.52820235939065,66,13,0,2,2137.5037776466825
26,One year,60.761341951036435,1,0,Bank transfer,1,0,63,Female,No,1,0,1,0,1579.7948907269474,2,0,102.95833942869953,50.00191118583913,58,16,0,2,2637.5866057129124
40,Two year,85.30176439863311,1,1,Bank transfer,1,1,69,Male,DSL,0,1,0,1,3412.0705759453244,2,0,22.74255450865691,48.300977192815104,42,7,0,2,2657.115009130127
14,Month-to-month,93.59214874188069,0,0,Electronic check,1,1,75,Female,DSL,0,0,0,1,1310.2900823863297,7,2,30.991102264079657,26.37627860972699,32,124,1,1,3361.8425682729617
4,Month-to-month,63.289220073443545,0,1,Electronic check,1,0,24,Male,Fiber optic,0,0,1,0,253.15688029377418,2,1,9.778270024126027,42.022065814,52,5,0,2,1813.5356501039648
16,Two year,59.37486345615223,1,0,Bank transfer,0,0,26,Male,Fiber optic,1,0,0,1,949.9978152984356,0,0,18.558797292256347,67.77861322796711,-22,10,0,2,1073.8409963864544
66,Two year,79.38406348075459,1,1,Bank transfer,1,0,53,Male,No,1,0,0,0,5239.348189729803,1,0,119.90876524652124,61.6607336051996,41,20,0,2,4066.450305538953
22,Month-to-month,92.20795361562502,0,0,Electronic check,1,0,62,Male,No,1,1,0,0,2028.5749795437503,9,2,0.49768122837051515,12.451367073301519,-62,65,1,1,2090.8178187824888
4,One year,70.61586663570594,1,0,Mailed check,1,0,22,Female,Fiber optic,0,1,0,0,282.46346654282377,1,0,303.48606728840696,62.963188136361836,81,0,0,2,2357.6240693016257
46,Two year,68.7922139529276,1,1,Credit card,1,0,55,Male,DSL,1,0,1,1,3164.4418418346695,0,0,0.9053428491518647,47.36925313357327,60,4,0,2,3611.951632213191
4,Month-to-month,35.66935477762863,1,0,Electronic check,1,1,69,Female,Fiber optic,0,1,1,0,142.6774191105145,0,1,71.79909607092529,78.14187540511668,24,11,0,2,831.3726635514948
44,Two year,99.19129831418087,1,1,Credit card,1,0,47,Male,Fiber optic,0,1,1,1,4364.4171258239585,1,1,43.405879745159545,67.0271159487691,15,0,0,2,3220.119733185727
53,Two year,62.74851330073071,1,1,Credit card,1,0,63,Male,No,0,0,0,1,3325.6712049387274,3,1,6.456698008538299,44.13225438605215,47,7,0,2,3591.998913404892
62,Two year,85.96298635177573,1,1,Credit card,1,1,77,Male,Fiber optic,1,1,1,0,5329.705153810095,2,0,51.7591292690776,70.38350948059808,34,13,0,2,3862.437958218596
50,Two year,65.1930579580687,1,1,Credit card,1,0,51,Male,Fiber optic,0,0,1,0,3259.652897903435,1,0,10.676892918995897,62.39416047152179,2,6,0,2,3302.0488126221603
67,Two year,75.64171052232697,1,1,Bank transfer,1,0,19,Female,DSL,1,0,0,0,5067.994604995907,4,4,100.4172230473652,76.70310331859453,10,23,0,1,4314.5589006187665
53,Two year,73.23557451956688,1,1,Bank transfer,1,0,36,Female,Fiber optic,0,0,1,0,3881.4854495370446,0,0,24.339449131908367,68.3569817362723,60,6,0,2,4141.356314471755
45,Two year,94.47947633617089,1,1,Credit card,1,0,26,Female,Fiber optic,0,0,1,1,4251.57643512769,1,1,45.39754389365287,40.09607100287971,70,9,0,2,3951.1394226294624
25,One year,81.32034159752641,0,1,Credit card,1,0,38,Female,No,0,1,1,0,2033.00853993816,2,1,34.484951355050434,41.11533696503331,16,13,1,1,2782.8611604997245
12,Month-to-month,89.64722196866799,0,0,Electronic check,1,0,64,Male,DSL,0,0,0,1,1075.766663624016,9,0,9.986866166767602,28.103613301004515,-36,43,1,1,1568.979557761282
9,Month-to-month,79.79011838899592,0,1,Mailed check,1,0,37,Male,DSL,0,0,0,1,718.1110655009633,2,1,54.88746596015481,53.428755772920184,56,6,0,2,1855.5681603612963
17,One year,62.41240526173957,0,1,Credit card,1,1,76,Female,No,1,0,1,1,1061.0108894495727,2,0,17.713123216399588,47.67798884429584,55,15,0,2,2236.3376481471914
17,One year,71.14060684639043,1,1,Credit card,1,0,59,Female,No,0,1,1,0,1209.3903163886373,2,0,13.881299433819134,48.51689714951162,20,9,0,2,1390.8039867821271
18,One year,64.51314898907495,0,1,Bank transfer,1,0,43,Female,DSL,0,0,0,0,1161.236681803349,0,0,45.12092305465186,58.99551661008642,6,3,0,2,1277.3168945799644
23,Month-to-month,102.05998166160741,0,0,Electronic check,1,0,24,Male,DSL,0,0,0,0,2347.3795782169705,5,1,20.941317511377996,15.566742789847753,13,1,1,2,2755.718831576617
5,One year,56.91920934482166,0,0,Mailed check,1,0,63,Female,No,0,0,0,0,284.5960467241083,2,0,39.80568462727594,44.243721876060235,37,10,0,2,1151.2681925962993
43,Two year,87.23899308952979,1,1,Credit card,1,0,45,Male,No,0,0,0,0,3751.2767028497806,3,1,1.2401002923585287,48.21900704537131,53,17,0,2,3595.375354397819
8,Month-to-month,83.26531850602095,0,0,Electronic check,1,0,63,Female,DSL,0,0,0,1,666.1225480481676,4,5,5.999482736718146,16.676323514307015,9,69,1,0,3121.913599186202
64,Two year,85.85800360498428,1,1,Bank transfer,1,0,24,Female,Fiber optic,0,1,0,1,5494.912230718994,2,1,1.6256381036706948,68.47233975352664,74,52,0,2,4993.017529891435
14,One year,68.38446687094415,1,0,Bank transfer,1,0,60,Female,Fiber optic,0,0,0,0,957.3825361932181,3,1,11.40528299861537,45.73138714025102,30,14,0,2,1604.6498378282738
66,Two year,95.08957828648802,1,1,Credit card,1,0,56,Male,DSL,0,0,0,0,6275.91216690821,2,0,3.8172200382713686,78.41654257515438,66,23,0,2,3856.2471548744406
11,Month-to-month,46.046771915972016,0,1,Electronic check,1,0,46,Female,Fiber optic,0,0,0,1,506.51449107569215,1,0,219.4884129497659,49.1893710479789,58,52,0,2,1398.5159979670548
11,Month-to-month,73.67777881135444,0,1,Electronic check,0,0,55,Male,DSL,0,0,1,1,810.4555669248989,1,0,45.917799131288625,79.83147953419801,-4,0,0,2,1316.040276799771
12,One year,53.11575062380628,1,0,Credit card,0,0,41,Male,DSL,0,1,1,1,637.3890074856754,4,0,36.871216399608954,74.00043937817381,35,0,0,2,799.7161421798068
5,Month-to-month,76.6807688917547,0,0,Electronic check,0,0,25,Female,Fiber optic,0,0,1,0,383.4038444587735,2,0,8.937582691583486,55.63483545682064,46,12,0,2,1884.924420336957
35,Two year,51.51801945043526,0,1,Bank transfer,1,0,64,Male,No,1,1,1,0,1803.130680765234,1,0,163.43376763105385,68.29725191655126,-7,13,0,2,1778.833263876032
49,Two year,60.36121616518201,1,1,Credit card,1,0,32,Male,DSL,1,1,1,0,2957.6995920939185,2,0,6.84007537790657,40.948010752331776,50,3,0,2,3535.830678503272
11,Month-to-month,117.25807285889485,0,0,Electronic check,1,0,35,Male,DSL,0,0,0,0,1289.8388014478433,9,1,2.7134151744829578,20.522277002012842,-61,123,1,1,1672.0614043156993
33,Two year,73.96788364084432,0,1,Mailed check,0,0,31,Female,Fiber optic,0,1,0,0,2440.9401601478626,1,0,170.6486846339634,52.271773513739014,26,9,0,2,2517.5953099289177
49,Two year,94.58744768134162,1,1,Bank transfer,1,1,79,Male,DSL,1,0,0,0,4634.7849363857395,1,0,39.18951258569474,49.742834894944906,93,4,0,2,4438.234495715601
14,One year,83.06548591084022,1,1,Mailed check,0,0,43,Female,Fiber optic,0,0,1,0,1162.916802751763,3,2,6.84195816326766,47.6592941028925,100,3,0,1,4135.98670829726
10,Month-to-month,119.00002077996658,0,0,Electronic check,1,0,60,Female,No,1,0,0,1,1190.0002077996658,7,6,13.257972621609104,17.91411486681,-45,19,0,0,2336.171469638732
57,Two year,93.79157745144086,1,1,Bank transfer,1,0,20,Female,Fiber optic,0,1,0,1,5346.119914732129,4,0,114.81127032941679,75.3364791532784,26,4,0,2,3859.5622322539475
60,Two year,94.88193353788031,1,1,Bank transfer,1,1,78,Female,DSL,0,1,1,0,5692.916012272819,4,1,0.8545112464038378,76.61426146450492,67,0,0,2,4913.6920725703
4,Month-to-month,52.60914696800539,0,1,Electronic check,1,0,62,Male,DSL,1,1,1,0,210.43658787202156,1,1,81.21356445754185,66.78290727524004,11,13,1,2,1099.0256840747995
2,One year,34.68287263037372,1,0,Mailed check,1,0,59,Female,Fiber optic,0,0,1,0,69.36574526074745,3,2,73.1650106811573,66.25196396311502,-1,13,1,2,716.289706166031
9,Month-to-month,61.45587893171334,0,0,Mailed check,0,0,19,Male,DSL,0,0,0,0,553.10291038542,1,0,7.176689582951475,73.7447312704,29,7,1,2,1703.6605624158422
53,Two year,94.2082794007348,1,1,Bank transfer,1,1,70,Male,No,1,0,1,1,4993.0388082389445,2,0,2.0261897879390975,48.391706811946314,50,2,0,2,3782.9567167407135
18,Month-to-month,108.3753347697682,0,0,Electronic check,1,0,38,Female,DSL,0,0,1,0,1950.7560258558276,9,2,23.161513156369576,7.563254248232708,-30,20,1,1,1660.8658467315001
12,Month-to-month,70.80294113400569,0,0,Electronic check,1,0,23,Male,DSL,1,0,0,0,849.6352936080683,10,4,5.349244255070843,29.180466386728124,-28,165,1,0,2494.1304481604698
10,One year,30.422574803123027,1,0,Mailed check,0,0,54,Male,DSL,1,0,0,1,304.2257480312303,0,0,97.00491510690556,69.22609370041857,42,3,0,2,1018.9219428083717
58,Two year,78.66431138788863,1,1,Credit card,1,1,79,Male,Fiber optic,0,0,0,0,4562.530060497541,1,1,27.29509842983831,48.87644968000002,42,25,0,2,3535.020985058865
38,Two year,61.77551088683418,1,1,Credit card,1,0,58,Male,DSL,0,1,0,1,2347.4694136996986,1,1,20.325809766314414,47.63766409509608,34,25,0,2,2590.7489352911266
20,Month-to-month,112.90068287841635,0,0,Electronic check,1,1,70,Male,Fiber optic,0,0,0,1,2258.013657568327,10,2,10.19166357673483,24.27547125911501,-36,244,1,0,2914.61754167355
12,Month-to-month,94.37637852025,0,0,Electronic check,1,0,37,Female,Fiber optic,0,0,0,1,1132.516542243,4,4,11.491149714384052,12.553716578152997,-13,1,1,1,2217.6191161609077
5,Month-to-month,38.56367053331198,0,0,Electronic check,1,0,46,Male,Fiber optic,0,0,0,0,192.8183526665599,3,0,177.4157889868373,61.36054932518901,15,14,0,2,892.2923411276495
8,One year,40.50236686460348,1,0,Electronic check,1,1,71,Female,Fiber optic,1,0,0,0,324.01893491682785,1,1,2.445008858252283,67.49233420128178,41,10,1,2,1693.3555544685573
21,Month-to-month,109.90232914184102,0,0,Electronic check,1,1,74,Male,DSL,0,0,0,1,2307.9489119786613,8,4,70.97805090447379,28.87881925887408,-72,22,1,1,2140.488106872385
5,One year,42.49794906197478,1,1,Electronic check,1,1,76,Male,Fiber optic,1,0,0,1,212.4897453098739,1,0,17.906049838725252,67.37827035936311,63,7,0,2,1538.4587077096796
21,Two year,80.48803091704329,1,1,Mailed check,0,0,23,Female,No,1,0,0,0,1690.2486492579092,2,0,4.154265056190833,65.23075640518785,73,0,0,2,2468.4002456449925
47,Two year,84.33945650639166,1,1,Bank transfer,1,0,21,Male,No,0,1,0,1,3963.9544558004077,3,1,58.11461956506231,70.87593776374092,56,21,0,2,3194.3190265361814
65,Two year,99.79925477300372,1,1,Bank transfer,1,0,47,Female,No,0,0,1,1,6486.951560245242,0,1,49.47427598290868,60.49815639704203,77,0,0,2,4292.925442126768
68,Two year,79.26197361103416,1,1,Bank transfer,1,0,35,Male,Fiber optic,0,1,0,0,5389.814205550323,1,0,89.1429011160285,61.785959355455944,-18,7,0,2,3413.455228434598
6,Month-to-month,34.509785010012216,0,0,Mailed check,1,0,19,Male,DSL,0,0,1,0,207.05871006007328,1,0,74.30242977513478,40.64446875715349,18,17,0,2,775.4629412066838
16,Month-to-month,80.83421219945014,0,0,Electronic check,1,1,78,Male,Fiber optic,0,0,0,1,1293.3473951912022,10,2,15.894337582400235,7.621473938748355,-43,32,1,1,1658.0724342864796
62,Two year,96.42706317740559,1,1,Credit card,1,0,60,Female,DSL,1,1,0,0,5978.477916999146,3,2,37.94376767477068,63.039342782638116,13,2,1,2,3630.8909132287963
17,One year,76.26132279612008,0,0,Mailed check,0,0,27,Female,Fiber optic,0,0,0,0,1296.4424875340414,2,0,19.43249651250041,58.56980277004847,70,0,0,2,2492.6479568368272
10,Month-to-month,97.77536761635228,0,0,Electronic check,1,0,49,Female,DSL,0,0,0,1,977.7536761635229,5,7,9.96932784221351,25.22332843974285,-5,32,1,0,3483.89472201194
18,Month-to-month,78.5716102237359,0,0,Electronic check,1,0,30,Female,No,1,0,1,0,1414.2889840272462,8,3,27.237893828108653,10.7233835091787,-75,0,1,1,1893.6363236928746
10,Month-to-month,52.69232819034558,1,0,Mailed check,1,1,69,Male,DSL,0,0,1,1,526.9232819034557,2,0,53.516644143531785,76.97645633745914,40,5,1,2,1842.0569115621913
32,One year,88.34074432725706,0,1,Credit card,0,0,41,Male,Fiber optic,0,0,0,0,2826.903818472226,1,0,11.868227496011285,45.65584101885163,52,0,0,2,2474.3061509839695
68,Two year,92.24783524015163,1,1,Credit card,1,0,23,Female,Fiber optic,0,0,0,1,6272.852796330311,2,0,25.228145438873366,59.65789310267003,44,2,0,2,3870.0466403279247
33,Two year,88.6196375375114,1,1,Credit card,0,0,62,Female,DSL,0,1,1,0,2924.4480387378762,1,1,70.17018617836128,68.63719407238852,-6,19,0,2,1939.2552135032224
49,Two year,90.49236128087755,1,1,Credit card,1,0,32,Male,Fiber optic,0,0,0,0,4434.125702763,2,0,71.85347096170254,52.529292256750225,72,36,0,2,3662.0905782311684
20,One year,71.64283683194465,1,1,Bank transfer,1,0,56,Male,DSL,0,1,0,1,1432.856736638893,1,0,53.14937697404314,46.012009977610845,60,0,0,2,3372.685661138012
45,Two year,60.00753598226328,1,1,Bank transfer,1,0,38,Male,Fiber optic,1,0,1,1,2700.3391192018476,1,0,49.17469991930213,79.79916041971528,35,67,0,2,3062.8724842625197
56,Two year,72.843243883482,1,1,Credit card,1,0,25,Male,DSL,1,0,1,1,4079.2216574749923,1,3,76.14953673873289,62.45940548884212,48,19,0,1,4646.993403901383
20,Month-to-month,97.31547856896495,0,0,Electronic check,1,0,31,Female,DSL,1,0,0,0,1946.309571379299,5,2,31.499605901105085,20.608146331557403,-90,59,1,1,857.2080817278496
68,Two year,74.36604118664926,1,1,Bank transfer,1,0,43,Female,Fiber optic,0,0,0,1,5056.890800692149,4,1,313.1865754099584,43.62623693384831,40,46,0,2,4102.688585917729
9,One year,36.04803311192462,0,0,Mailed check,0,0,31,Male,DSL,1,1,1,1,324.43229800732155,2,1,28.615485769212267,52.87702295516283,26,49,1,2,677.8302588897991
10,Month-to-month,48.180572459503196,0,1,Electronic check,1,0,46,Female,Fiber optic,0,0,0,0,481.80572459503196,3,0,12.703005680341636,55.01604431224409,51,5,1,2,1743.587267211707
62,Two year,66.26553747895233,1,1,Bank transfer,1,0,32,Female,Fiber optic,0,0,1,0,4108.463323695044,2,0,49.06384559736232,63.851526623735175,48,4,0,2,3783.2136665864764
48,Two year,73.20971117345621,1,1,Bank transfer,1,0,19,Female,No,0,1,1,0,3514.0661363258982,3,0,112.70142332637988,65.89883620683386,2,40,0,2,2407.605702388472
16,Month-to-month,97.24366421428675,0,0,Electronic check,1,0,38,Male,DSL,0,1,0,0,1555.898627428588,4,4,3.538714532779727,13.9318837791275,47,29,1,1,3238.4943847451095
17,One year,69.71516718176335,1,0,Bank transfer,0,0,44,Male,Fiber optic,0,0,0,1,1185.1578420899768,2,1,22.87178178652794,78.01711737875875,43,13,0,2,2409.88659980919
14,Month-to-month,115.20818419780375,0,0,Electronic check,1,1,74,Male,DSL,1,0,1,1,1612.9145787692523,7,5,40.58698554594176,25.566133136572965,-31,242,1,0,2767.486391603555
22,Month-to-month,90.08726027124892,0,0,Electronic check,1,0,56,Female,DSL,0,1,0,1,1981.9197259674763,5,2,7.0478624945398565,24.19486180469781,-6,14,1,1,2166.674129973374
49,Two year,89.00622910204459,1,1,Bank transfer,1,0,48,Female,Fiber optic,0,0,1,1,4361.305226000185,0,0,109.45368740686182,78.25710689661607,88,9,0,2,4262.172071649428
22,Month-to-month,114.19380559929408,0,0,Electronic check,1,0,62,Male,Fiber optic,1,1,1,0,2512.2637231844697,6,3,1.2707907217657217,18.843572139940363,-48,124,1,0,2470.7268616777146
5,One year,43.388715730205874,0,0,Mailed check,0,0,33,Male,DSL,0,0,0,1,216.94357865102938,1,0,6.535546608335063,66.20020913957431,75,7,0,2,1952.9275354876834
15,Two year,69.9993412641934,1,0,Bank transfer,1,0,36,Female,No,0,0,0,0,1049.990118962901,2,0,100.11091186622264,76.42174485092215,48,24,0,2,1833.5239739837302
20,Month-to-month,91.46053897708498,0,0,Electronic check,1,0,43,Male,DSL,1,0,0,1,1829.2107795416996,11,7,24.481105934213016,19.423907294281133,-50,23,1,0,2133.3184849754434
55,Two year,64.62950426714822,1,1,Credit card,1,0,47,Male,No,1,0,0,1,3554.6227346931523,0,0,15.029620433159815,74.68668584523999,21,9,0,2,3403.286786377758
5,One year,31.110140649392516,0,0,Electronic check,0,0,38,Female,No,1,1,0,0,155.55070324696257,8,0,127.04775900247006,47.32419491922192,4,0,1,2,1130.5516235969628
36,Two year,66.0633717147952,1,1,Credit card,1,1,74,Female,Fiber optic,1,1,1,0,2378.281381732627,2,0,8.855736730662139,61.10960295957854,32,11,0,2,2318.0367988187472
47,Two year,98.98367245341319,1,1,Bank transfer,1,0,57,Female,DSL,0,0,0,0,4652.23260531042,2,1,235.94982861653625,46.88337154436026,-23,2,0,2,2308.5764238482157
11,Month-to-month,54.262780207362056,0,0,Mailed check,1,0,27,Female,Fiber optic,1,0,0,0,596.8905822809826,3,1,2.6761098590343213,63.25264551221537,30,13,1,2,1359.1312440322074
5,One year,75.73082272575957,0,1,Mailed check,1,0,50,Male,DSL,1,1,1,0,378.65411362879786,1,1,19.746499279656227,71.03491586350177,16,4,0,2,1368.3016685850278
39,Two year,60.11525006662458,1,1,Credit card,1,0,29,Female,No,1,0,0,0,2344.494752598359,4,0,18.960128579973425,73.98806453711128,18,0,0,2,2836.9146744535187
6,Month-to-month,71.32272527402121,0,0,Electronic check,1,0,19,Male,No,0,1,1,0,427.9363516441273,2,3,9.306697904591438,19.838744314230702,-2,7,1,1,1530.187502754271
10,One year,75.15253265512577,0,0,Electronic check,1,0,62,Female,DSL,1,0,0,0,751.5253265512576,0,1,45.55062532012952,53.223714184446635,77,13,0,2,2563.8197343742995
6,Month-to-month,87.46324529238194,0,0,Electronic check,1,0,19,Male,Fiber optic,1,0,0,1,524.7794717542916,7,4,3.7305363463849215,14.9888297421549,-8,31,1,1,2460.3230136388834
51,Two year,84.25483777733503,1,1,Credit card,1,0,39,Male,DSL,0,0,1,1,4296.996726644086,0,1,112.30039864151647,60.152073937225055,46,0,0,2,4004.2559856032813
13,One year,63.70168662637404,0,1,Mailed check,0,0,63,Female,Fiber optic,0,0,0,0,828.1219261428625,6,0,46.69839364503753,53.47070689932077,-35,9,0,2,913.7754349214387
59,Two year,60.084153727035336,1,1,Credit card,1,0,32,Male,No,0,0,1,0,3544.965069895085,1,1,54.19705153224452,54.279581086969806,86,55,0,2,3914.968435365649
29,One year,87.34249246410933,0,1,Credit card,0,0,51,Female,Fiber optic,1,0,0,0,2532.9322814591706,3,0,9.146493054946577,40.994106226059344,49,17,0,2,2457.7916724331894
31,Two year,83.15032294973358,0,1,Credit card,1,0,33,Male,Fiber optic,0,0,0,1,2577.660011441741,2,0,9.413585245451749,78.7289371088959,38,2,0,2,2847.3489122564715
29,One year,89.6289564221511,1,0,Mailed check,0,0,24,Male,DSL,0,0,0,0,2599.239736242382,2,0,54.694097442591065,76.27847168543184,4,11,0,2,2593.3173854824117
21,Two year,89.84603162120547,0,1,Mailed check,1,0,25,Female,No,0,0,0,0,1886.7666640453149,1,1,26.126635049610204,40.79350130004474,20,16,0,1,2462.70486479422
21,Month-to-month,72.88213477986967,0,0,Electronic check,1,0,39,Female,Fiber optic,0,1,0,0,1530.5248303772632,8,1,19.797370576221308,19.567043270549537,11,85,1,1,2794.184327299524
16,Two year,51.80443982081576,1,0,Credit card,1,0,20,Male,Fiber optic,0,1,1,0,828.8710371330521,4,1,182.30484091036786,43.86785137973954,46,4,0,2,1780.2005230586603
70,Two year,80.5160966458879,1,1,Bank transfer,1,0,53,Female,Fiber optic,0,0,0,1,5636.126765212153,1,0,25.288844626761705,76.88144678537721,54,29,0,2,4743.721349409402
2,Month-to-month,75.26609141880448,1,1,Electronic check,1,0,49,Male,Fiber optic,0,0,0,1,150.53218283760896,1,0,36.63711076238438,66.67212691550237,26,34,1,2,1253.410333907623
48,Two year,92.36732684556125,1,1,Bank transfer,1,0,42,Female,Fiber optic,0,0,1,0,4433.63168858694,0,1,36.14450344388932,76.10985642520255,71,47,0,2,3981.3055735992107
42,Two year,72.92522628281114,1,1,Bank transfer,1,0,55,Female,Fiber optic,1,0,1,1,3062.8595038780677,1,0,36.905422157222404,57.12014588415939,63,28,0,2,3687.6362714768484
5,One year,57.616900672775145,1,0,Electronic check,1,0,34,Female,Fiber optic,0,0,1,0,288.08450336387574,0,1,24.43773969701271,74.16902156680867,39,38,1,2,1759.1460376628138
70,Two year,89.9276762391599,1,1,Credit card,1,0,61,Female,No,0,0,1,1,6294.937336741193,1,0,77.35536256795069,41.38310178644267,47,11,0,2,4165.8434004491755
43,Two year,68.28379672706285,1,1,Credit card,1,0,37,Female,No,0,0,1,0,2936.2032592637024,0,2,147.14818860855192,59.275540813752905,89,6,0,2,3826.9131724991703
7,Month-to-month,52.07736444399152,1,0,Mailed check,0,0,31,Female,Fiber optic,0,1,0,1,364.5415511079406,0,1,133.9617263245279,52.99083839771917,64,3,0,2,1315.4135245353505
17,Month-to-month,114.62557095470757,0,0,Electronic check,1,1,75,Male,DSL,1,0,1,1,1948.6347062300288,8,1,8.931385776278495,19.474410246156182,-4,8,1,2,1619.918377761454
47,Two year,81.19966091705675,1,1,Bank transfer,1,0,55,Female,Fiber optic,0,0,1,0,3816.384063101667,2,0,21.4222227803755,53.7542803474055,31,1,0,2,2923.548779701031
55,Two year,71.54742382122552,1,1,Credit card,1,1,77,Female,DSL,0,1,0,1,3935.1083101674035,2,0,8.608992059615467,69.14357926560908,-22,16,0,2,2734.06604588462
51,Two year,67.26956762837852,1,1,Bank transfer,1,0,41,Female,Fiber optic,1,0,1,0,3430.7479490473047,3,2,2.8911028344281693,64.41223867053074,51,8,1,1,4132.290088602153
17,Month-to-month,99.40557852278012,0,0,Electronic check,1,0,41,Female,Fiber optic,0,0,0,0,1689.894834887262,6,1,38.878742318286726,18.23218878500787,-7,2,1,2,1842.6383192071246
22,One year,60.24524363848461,0,1,Mailed check,0,0,55,Male,No,1,0,1,0,1325.3953600466614,0,2,46.143755036171896,64.87956663487785,0,34,0,1,2097.9748698323697
44,Two year,95.09047051304718,1,1,Bank transfer,1,0,50,Female,Fiber optic,0,1,1,0,4183.980702574076,4,0,1.5862705550024954,70.6735447199822,60,3,0,2,3921.303780055775
16,Month-to-month,72.06348736873109,0,0,Electronic check,1,1,74,Female,DSL,1,1,1,1,1153.0157978996974,8,5,4.7245090350173,21.601499131278526,-33,68,1,0,2873.628699195896
18,Two year,69.82156051416806,0,0,Bank transfer,0,0,33,Male,No,1,0,1,0,1256.788089255025,3,1,42.24382335467246,75.54417858354873,-23,16,0,1,1697.610202812021
38,Two year,94.2851823942513,1,1,Credit card,1,0,55,Female,DSL,0,0,0,0,3582.8369309815494,4,0,67.82890684617023,44.474681466258474,73,2,0,2,3558.1028486108203
63,Two year,62.524361323166005,1,1,Credit card,1,0,20,Female,Fiber optic,0,0,0,1,3939.0347633594583,3,0,7.892232933523752,51.95228168744379,41,3,0,2,3389.388186978092
7,Month-to-month,64.30121119679455,1,1,Electronic check,0,0,61,Male,DSL,0,0,0,1,450.1084783775619,2,0,37.995255075472585,54.602239594798384,-14,13,1,2,675.414663385929
1,Month-to-month,51.81072085600227,0,1,Electronic check,0,0,49,Male,No,1,0,1,1,51.81072085600227,0,1,56.88176545092203,58.19992382180474,49,14,0,2,1792.163259228715
20,One year,66.28771398743415,0,1,Credit card,0,0,21,Female,Fiber optic,1,0,0,0,1325.7542797486828,5,0,3.011154089833724,65.60298232960797,-15,9,1,2,1368.8690820658733
47,Two year,94.79052706726843,1,1,Bank transfer,1,0,27,Female,Fiber optic,0,0,0,1,4455.154772161616,1,1,17.27883097867183,57.55425911600521,33,9,0,2,3078.6139500053605
28,Two year,81.01658059865694,1,1,Bank transfer,0,0,23,Female,Fiber optic,0,1,0,0,2268.4642567623946,1,0,25.57559453281162,51.895154207235564,27,0,1,2,2367.703630799287
1,Month-to-month,68.0379654193475,0,0,Electronic check,0,1,78,Female,Fiber optic,0,0,1,0,68.0379654193475,0,2,61.61845547519377,64.41331805849725,-1,5,0,2,995.0385659483647
4,Month-to-month,31.322345129883374,1,0,Electronic check,0,0,20,Male,Fiber optic,0,1,0,1,125.2893805195335,3,3,12.695415133106474,70.46522932705862,19,3,0,1,1404.3588176432631
50,Two year,78.52690867005367,1,1,Credit card,1,1,68,Female,Fiber optic,1,0,0,1,3926.3454335026836,3,0,5.705066573664943,63.639501711958104,-15,30,0,1,3525.9899586445913
61,Two year,81.96521345108691,1,1,Credit card,1,0,34,Female,DSL,0,0,1,1,4999.878020516301,1,0,117.07151733714318,53.06480790866824,26,8,0,2,4064.2987273869744
59,Two year,96.23564419151042,1,1,Credit card,1,0,59,Male,Fiber optic,0,0,1,0,5677.9030072991145,5,0,60.37808983754589,43.7048218664442,54,6,0,2,3913.755433155906
15,One year,73.93011722068208,1,0,Mailed check,1,0,61,Male,No,0,1,1,0,1108.951758310231,2,0,94.47367048764492,61.32918772698414,16,18,0,2,1829.3766083007886
14,Month-to-month,93.94164079158408,0,0,Electronic check,1,0,58,Female,Fiber optic,0,0,0,1,1315.1829710821771,14,5,11.602612984769697,24.879973917843426,-6,69,1,1,2412.87118682558
44,Two year,88.79165813418744,1,1,Credit card,1,0,45,Male,No,0,0,0,0,3906.8329579042475,3,1,29.732868850863394,43.47087795773503,71,0,0,2,3717.0816405568144
6,One year,71.31086878876101,0,0,Mailed check,1,0,35,Female,No,0,0,1,0,427.8652127325661,1,2,19.254156298343624,64.73944319963492,77,14,0,2,1697.2232466739165
7,Month-to-month,62.50462255699657,0,1,Mailed check,1,0,51,Female,DSL,1,1,0,0,437.532357898976,5,1,248.92886026803913,52.33823025088361,47,3,0,2,1418.706738198951
38,Two year,74.51777087383968,1,1,Bank transfer,1,0,58,Female,DSL,0,0,0,0,2831.675293205908,3,2,60.724039679906305,79.04289674958066,59,37,0,2,3045.5967452095338
71,Two year,79.4406201191016,1,1,Bank transfer,1,0,27,Female,Fiber optic,0,1,0,0,5640.2840284562135,3,1,7.580603885449111,62.5730775555362,57,14,0,2,4378.194824384438
57,Two year,83.6114217181264,1,1,Credit card,1,0,45,Male,Fiber optic,0,0,0,1,4765.851037933205,2,0,43.30528614054019,64.48447647085172,14,33,0,2,3143.341816076154
69,Two year,60.88107684895268,1,1,Bank transfer,1,1,72,Male,No,0,0,0,1,4200.794302577735,2,0,13.056722087347811,78.47057188196976,69,9,0,2,4890.54755173595
33,Two year,55.218494456789045,1,1,Bank transfer,1,0,55,Male,Fiber optic,0,0,1,1,1822.2103170740386,1,1,5.728687295044745,69.8140642735504,36,70,0,1,3200.2489199668453
40,Two year,65.55485305586068,1,1,Credit card,1,1,65,Male,Fiber optic,0,0,0,0,2622.194122234427,3,0,75.20632358050715,70.54054233581857,-39,2,0,1,2546.9986223177366
12,One year,88.44831604891439,0,1,Credit card,0,0,63,Female,DSL,0,1,1,0,1061.3797925869726,2,0,153.26773646575276,64.29342820249357,48,77,0,2,1695.304829934777
30,One year,81.45455746409652,1,0,Credit card,0,0,61,Female,Fiber optic,0,0,0,1,2443.6367239228957,3,0,89.09734526663333,75.18993543311515,42,3,0,2,2386.5528896066944
19,Month-to-month,104.32099469988209,0,0,Electronic check,1,0,36,Female,No,0,0,0,0,1982.0988992977598,5,2,10.224822398014908,17.735454428441578,14,109,1,1,3036.120727179341
4,One year,64.80157034945569,0,0,Mailed check,0,0,64,Female,Fiber optic,0,0,0,0,259.20628139782275,4,0,52.01775423330097,77.2573409779701,53,3,0,2,1622.9050153135388
26,One year,88.87388217123154,0,1,Credit card,1,0,64,Female,Fiber optic,0,1,0,0,2310.72093645202,1,0,91.6292923760739,41.15022211105753,85,36,0,2,3234.080185009453
47,Two year,75.43498011580463,1,1,Bank transfer,1,1,70,Male,No,0,1,1,1,3545.4440654428176,2,1,55.79753345908057,46.39106565715244,54,0,0,2,3632.709050504329
11,Month-to-month,70.1566544468123,0,0,Mailed check,1,0,47,Female,No,1,0,1,1,771.7231989149352,1,1,13.79769753913635,54.22842292709632,-8,11,0,2,1769.2917584415172
30,One year,79.78722905698122,1,0,Mailed check,0,0,33,Male,Fiber optic,0,0,0,0,2393.6168717094365,1,1,13.549262011841577,41.26007642925132,23,6,1,2,2104.838365389226
67,Two year,98.46662943819253,1,1,Bank transfer,1,1,75,Female,No,0,0,0,1,6597.2641723588995,2,0,114.85156069321053,75.97887372288386,19,6,0,2,4102.217180479395
13,Month-to-month,91.74795531756084,0,0,Electronic check,1,1,75,Female,No,0,0,0,0,1192.723419128291,13,2,0.4833036924731833,15.792939648021004,-57,8,0,1,1363.1712722231011
52,Two year,74.84646459142968,1,1,Credit card,1,0,37,Female,No,0,0,0,0,3892.0161587543435,2,0,31.94530872165851,53.51538758665885,25,11,0,2,3263.336744665629
13,One year,56.26688537390072,1,1,Credit card,0,0,27,Male,No,1,0,0,0,731.4695098607094,1,0,69.74614341866713,40.401097711981286,17,3,0,2,1469.3674657771655
58,Two year,82.99118217057661,1,1,Credit card,1,0,18,Female,DSL,1,0,0,0,4813.488565893444,2,0,4.806182682163429,49.90020054433683,92,3,0,2,4425.789577872022
23,Month-to-month,70.53037116851597,0,0,Electronic check,1,0,39,Male,No,0,0,0,0,1622.1985368758674,4,1,0.9050153704478036,10.895805545411072,22,67,1,1,3038.6880993149007
14,Two year,55.557837437709935,1,1,Mailed check,0,1,67,Male,Fiber optic,1,0,0,0,777.809724127939,3,1,309.1273959660634,68.58285240881364,34,3,0,2,2269.3570306087754
20,Month-to-month,82.5285645711074,0,0,Electronic check,1,1,74,Male,Fiber optic,0,0,0,1,1650.5712914221479,9,1,30.37415017260919,27.547404247729666,9,39,1,2,1682.2711553094882
15,Month-to-month,75.85207413442217,0,0,Electronic check,1,0,43,Male,Fiber optic,1,0,1,0,1137.7811120163326,7,0,2.8510316482892106,27.26719769952284,-55,72,1,1,1340.2280407052547
53,Two year,99.64505727285214,1,1,Credit card,1,0,44,Female,DSL,0,0,1,0,5281.188035461164,3,1,61.860323272588104,74.42611723144486,54,10,0,2,3250.9224267752534
11,Month-to-month,84.44255616658157,0,0,Electronic check,1,1,74,Male,DSL,0,1,0,0,928.8681178323973,4,3,44.37031139635437,14.997634780262754,-35,17,1,1,2396.477582693403
3,Month-to-month,52.336976265569646,0,0,Mailed check,1,0,40,Male,DSL,0,1,0,0,157.01092879670892,1,0,39.750827242142826,51.81350877036709,-26,15,0,2,693.5538568797656
64,Two year,83.28835039072925,1,1,Credit card,1,0,37,Female,No,0,0,1,1,5330.454425006672,3,0,47.828972407004976,69.79637054940525,40,1,0,2,4049.3025165631843
18,Two year,52.5521897639174,1,0,Credit card,0,0,29,Female,DSL,0,0,1,1,945.9394157505131,1,0,9.7546259842302,45.00744152977369,77,15,0,2,2135.8922747148126
4,Month-to-month,56.72772723780196,1,0,Electronic check,1,0,21,Male,Fiber optic,1,0,0,0,226.91090895120783,2,0,43.118420720429384,46.46049182468518,18,37,1,2,911.3234236806109
5,Month-to-month,31.964597257534624,1,0,Electronic check,1,0,40,Female,Fiber optic,0,0,0,0,159.82298628767313,2,1,11.464909224697209,62.4147202371143,78,6,1,2,1873.285821432072
9,Month-to-month,70.51295652586435,0,1,Electronic check,0,0,53,Female,Fiber optic,0,0,0,0,634.6166087327792,4,1,93.99505507101036,73.45750756859137,58,20,0,2,2049.8112523981913
3,One year,74.21225869644772,0,0,Electronic check,0,0,32,Female,No,1,0,1,1,222.63677608934316,1,0,4.5409228368491235,48.936364031426336,-10,21,0,1,982.0977101768766
5,Month-to-month,43.943596313048246,0,1,Mailed check,0,0,58,Male,Fiber optic,0,0,0,0,219.71798156524125,2,1,8.474451042030529,43.27648530768408,-9,6,0,1,1382.2956413969266
4,One year,74.08586531976981,0,0,Electronic check,0,0,42,Male,No,0,0,1,1,296.34346127907924,5,1,33.28462250614288,63.942734605148786,29,7,0,2,1433.8764439045747
21,One year,83.38382954513268,1,1,Bank transfer,0,0,35,Female,DSL,1,0,0,0,1751.0604204477863,2,0,6.489167372022721,70.87679071539053,89,10,0,2,3058.2168435109547
4,Month-to-month,59.6492373877747,1,1,Electronic check,1,0,36,Female,No,1,0,0,1,238.5969495510988,5,2,34.20481727569882,72.19106425620205,78,16,1,2,1996.537167101507
65,Two year,64.43910098340592,1,1,Bank transfer,1,0,46,Female,Fiber optic,1,0,1,0,4188.541563921385,2,1,13.624575000480933,72.45619446549745,52,0,0,2,3356.0958244230646
8,Month-to-month,60.18775719188065,0,0,Mailed check,0,0,21,Male,DSL,0,0,1,1,481.5020575350452,2,1,201.7963051636013,64.66681469340168,42,10,0,2,1740.487619154105
25,One year,50.977252372307525,1,1,Credit card,1,0,56,Female,Fiber optic,0,0,0,0,1274.431309307688,1,1,80.56485857742368,60.41956140109428,2,1,0,2,1531.0556667799542
70,Two year,65.51291596636942,1,1,Credit card,1,0,48,Male,DSL,0,0,0,1,4585.9041176458595,2,0,22.87531287518361,40.08635004155668,52,4,0,2,3796.370448397661
28,Two year,55.87175037747852,0,0,Mailed check,1,0,39,Male,DSL,0,1,0,0,1564.4090105693986,2,0,86.30479029328413,61.36118665266852,21,25,0,2,1999.8000056274375
12,One year,57.711617432764236,1,0,Credit card,0,0,22,Male,Fiber optic,0,0,1,1,692.5394091931709,3,1,121.73836729224473,61.098509046396,-9,13,0,2,1261.100913711439
27,One year,73.16500740815437,0,1,Bank transfer,0,0,44,Female,Fiber optic,1,0,0,1,1975.455200020168,2,1,19.279898021001653,44.69345801932486,13,11,0,2,2027.9812342351852
1,One year,62.237836329504646,0,0,Electronic check,1,1,72,Female,DSL,1,1,1,0,62.237836329504646,5,0,153.31195520826859,46.14343940044071,-6,39,0,2,731.0459160775391
6,Month-to-month,113.50715027758686,0,0,Electronic check,1,0,37,Male,DSL,1,0,0,0,681.0429016655212,9,1,12.754270943564324,22.22348920167281,-57,63,1,1,1791.2688975837482
14,Month-to-month,97.48421279266181,0,0,Electronic check,1,0,41,Female,Fiber optic,0,0,0,1,1364.7789790972654,7,1,13.000069571109893,27.779587972808717,-17,13,1,1,2034.2915559732871
65,Two year,76.89538088737223,1,1,Credit card,1,1,76,Male,DSL,1,0,0,1,4998.199757679195,2,0,80.77369379199415,58.43580399376774,44,42,0,2,4201.577158190406
39,Two year,76.8577616631699,1,1,Credit card,1,0,42,Female,Fiber optic,0,0,0,1,2997.452704863626,2,0,36.54340229645685,67.59094782342859,63,2,0,2,3252.2091058200544
19,One year,78.65177321947354,0,0,Credit card,0,0,44,Male,Fiber optic,1,1,0,0,1494.3836911699973,1,1,12.11992170556327,76.41716318628757,-7,0,1,1,1762.7376013533417
4,One year,50.2326870824275,0,0,Mailed check,1,0,49,Female,Fiber optic,0,1,1,1,200.93074832971,2,0,93.26758582667325,68.61635710019854,66,14,1,2,1271.6682167872389
1,One year,48.66036845525635,1,0,Electronic check,0,1,67,Female,DSL,0,0,0,0,48.66036845525635,0,1,27.263177132446295,44.749597136346054,48,1,0,2,1098.3681342623504
3,Month-to-month,56.372823186086606,1,0,Electronic check,1,0,56,Male,Fiber optic,1,1,0,1,169.11846955825982,1,0,82.37932033258704,40.6205957189616,-18,6,0,2,499.39398907229577
4,Month-to-month,38.53801417251928,0,0,Electronic check,0,0,55,Female,DSL,1,0,1,0,154.15205669007713,0,1,69.45752781359093,55.8242391544186,29,19,0,2,543.6617370737573
70,Two year,87.20527724413806,1,1,Credit card,1,0,35,Male,DSL,0,1,0,1,6104.3694070896645,2,0,8.267755059955393,76.20335976114625,51,9,0,2,3980.140806835535
40,Two year,83.45916368754828,1,1,Credit card,1,0,49,Male,No,1,0,0,0,3338.3665475019316,4,0,101.28624137431322,64.55241163238915,1,3,1,2,2826.8413641296747
22,Month-to-month,109.13678551800959,0,0,Electronic check,1,1,78,Female,Fiber optic,0,0,0,1,2401.009281396211,11,3,3.2941661112978373,7.701328412257298,11,323,1,0,3795.1649989670514
10,Month-to-month,50.74234251507975,1,1,Mailed check,1,1,79,Male,Fiber optic,0,0,0,0,507.42342515079747,2,1,41.13761478124131,74.00208266806729,39,42,0,2,1275.7393091506756
23,Month-to-month,90.06074138556644,0,0,Electronic check,1,0,23,Male,Fiber optic,0,0,0,1,2071.397051868028,12,0,27.943321178800666,9.162876355883824,-18,67,1,1,2586.500996961202
36,Two year,63.717165775175594,1,1,Bank transfer,1,0,43,Female,Fiber optic,0,0,1,0,2293.8179679063214,3,0,99.85235479292406,78.89794389558662,38,7,0,2,2767.8765313976246
71,Two year,75.50380925931078,1,1,Bank transfer,1,0,42,Female,No,1,0,1,0,5360.770457411066,1,0,40.14492529084855,55.537596573176494,50,44,0,2,3959.4088960462864
50,Two year,76.26696279994333,1,1,Credit card,1,0,47,Male,Fiber optic,0,0,0,1,3813.3481399971665,3,0,94.50382871303997,75.60679985595834,68,17,0,2,4023.2916970896904
46,Two year,90.5431627546629,1,1,Bank transfer,1,0,36,Male,Fiber optic,0,0,1,0,4164.985486714493,5,0,54.506214151142615,75.72716324614579,55,11,0,2,3515.146926686073
9,Month-to-month,30.650510671293635,1,1,Electronic check,0,0,39,Male,Fiber optic,0,0,0,0,275.8545960416427,1,0,272.13257158784506,57.507907765328,100,15,0,2,1995.9971226641474
18,Two year,57.824359850087696,1,0,Bank transfer,1,0,57,Female,DSL,1,0,1,0,1040.8384773015785,0,0,16.13342490562723,68.99118417849658,29,1,0,2,2109.6308152314787
34,One year,80.65620094273768,1,1,Bank transfer,0,0,20,Male,Fiber optic,0,0,1,0,2742.3108320530814,2,1,37.69618449072322,62.464417022697624,90,6,0,2,4147.483754851489
1,Month-to-month,45.16097733592956,0,0,Mailed check,1,0,23,Male,Fiber optic,0,1,0,1,45.16097733592956,2,0,181.56220263000787,50.367658645188406,69,12,0,2,1129.6183746066831
42,Two year,74.91394548755738,1,1,Bank transfer,1,1,72,Male,Fiber optic,0,1,1,0,3146.38571047741,3,1,60.08643236152516,51.75771935555592,45,4,0,2,3395.189512605871
15,One year,61.860868815645844,1,0,Mailed check,0,0,53,Female,Fiber optic,1,0,0,0,927.9130322346876,1,0,67.29702310198071,60.46375182515623,47,0,0,2,1909.9075137475995
28,One year,85.54205530813472,1,1,Mailed check,1,0,19,Female,Fiber optic,0,1,1,1,2395.177548627772,5,0,158.82412524349363,56.546425091068905,-7,0,0,2,2290.852679017003
68,Two year,68.62119475165328,1,1,Bank transfer,1,0,45,Female,Fiber optic,0,1,1,0,4666.241243112423,3,0,8.519045630692371,60.00542058029419,-17,3,0,2,3187.004174327842
33,Two year,72.36012280299323,1,0,Bank transfer,0,1,70,Female,DSL,1,0,0,0,2387.884052498777,0,0,30.80186642560878,40.704885812241336,34,17,0,2,2638.9528868590505
9,Month-to-month,59.971527101381085,0,1,Electronic check,0,0,44,Male,DSL,0,1,0,0,539.7437439124297,3,2,45.53719961217795,78.37055538709974,69,1,0,2,1725.9953126354476
27,One year,76.0634360907122,1,1,Bank transfer,1,0,54,Male,Fiber optic,0,1,1,0,2053.7127744492295,2,0,0.7086101286817835,64.70405579763222,45,9,0,2,2975.5806228939546
36,Two year,97.13270131394307,1,1,Credit card,1,0,53,Male,DSL,1,1,0,1,3496.7772473019504,4,0,23.03227171793227,78.71931722563474,30,2,0,2,2846.796008109477
14,Month-to-month,87.03817446744436,0,0,Electronic check,1,1,73,Female,Fiber optic,0,0,0,0,1218.534442544221,3,6,32.858039087280126,12.550241576182053,-63,23,1,0,2050.3520954240093
16,Two year,70.99334055205507,1,0,Mailed check,0,0,32,Male,No,1,0,0,0,1135.8934488328812,4,1,21.55623644247984,40.26064125144216,32,2,0,2,1977.8690158709642
59,Two year,70.61549636752778,1,1,Bank transfer,1,0,29,Male,Fiber optic,0,0,0,0,4166.31428568414,0,1,22.876294551274228,70.13775900788177,66,37,0,2,4480.729278038008
2,Month-to-month,56.093114766608934,1,1,Electronic check,0,1,71,Female,Fiber optic,0,0,1,0,112.18622953321787,0,0,177.50821480000624,57.535476257372835,11,14,0,2,1042.8053200245008
10,One year,63.4976745429609,1,1,Electronic check,1,0,21,Female,Fiber optic,0,0,0,0,634.976745429609,2,1,18.465141636042265,46.76285880081515,81,2,1,2,1904.1515447351867
4,One year,49.442574823705826,1,0,Electronic check,0,0,37,Female,Fiber optic,0,0,0,0,197.7702992948233,4,2,16.81793873940716,73.04854491665418,91,41,0,2,3163.7589126636603
29,Two year,84.10000975517914,0,1,Bank transfer,0,1,76,Male,No,1,0,0,0,2438.900282900195,3,2,28.793770416596313,54.26753653412385,81,47,0,2,2593.9407668608865
22,Month-to-month,111.6498871119709,0,0,Electronic check,1,0,59,Female,Fiber optic,0,1,1,1,2456.29751646336,8,6,1.9669892529677546,21.783449811650488,-25,25,1,0,3189.0446064063963
14,Month-to-month,100.47601556549621,0,0,Electronic check,1,0,44,Male,Fiber optic,1,0,1,0,1406.6642179169469,7,2,5.882848284026974,26.979962498643904,6,26,1,1,2661.551862720775
10,Month-to-month,59.259739269642694,0,1,Mailed check,0,0,40,Female,Fiber optic,0,0,0,1,592.5973926964269,0,1,55.50876376720047,71.47321412832812,-7,3,1,2,1389.6597354372363
54,Two year,84.7799100563035,1,1,Bank transfer,1,0,58,Female,Fiber optic,1,0,0,1,4578.11514304039,4,1,25.62950559420634,65.13906412819473,38,14,0,2,3309.955933476601
18,Month-to-month,112.81220208458102,0,0,Electronic check,1,1,77,Female,Fiber optic,0,0,0,1,2030.6196375224583,11,2,13.529189982773094,7.968515134776931,2,27,1,1,3026.0654004550497
11,Month-to-month,38.58549944868441,1,0,Electronic check,0,0,21,Male,No,1,0,0,1,424.4404939355285,1,0,1.278902093283053,61.3498281250315,28,2,0,2,1321.5543371080034
32,Two year,57.35790824642486,1,0,Mailed check,1,0,40,Male,DSL,0,0,0,0,1835.4530638855956,3,1,60.62027915583562,65.57373680698956,67,16,0,2,3067.470619378624
67,Two year,61.590638599542785,1,1,Bank transfer,1,0,49,Female,Fiber optic,1,1,0,0,4126.572786169367,2,0,230.68735074642453,73.59436288192916,20,47,0,2,3799.8882017145816
29,Two year,77.29624647821271,0,1,Bank transfer,0,1,69,Female,DSL,0,0,0,1,2241.5911478681687,6,1,191.7965195917823,54.1798926070615,75,6,0,2,2838.286707254825
27,Two year,75.82775473535672,0,1,Bank transfer,0,0,52,Male,DSL,1,1,0,1,2047.3493778546315,2,0,4.306682772846161,55.65822701290857,53,28,0,2,2832.3671384874247
14,Month-to-month,113.44253759005821,0,0,Electronic check,1,0,22,Male,DSL,1,0,1,0,1588.1955262608149,6,0,14.752804780633744,25.093968209705075,0,100,1,2,1942.6473794932904
4,Month-to-month,35.233031695394814,1,1,Mailed check,1,0,55,Female,Fiber optic,0,0,0,0,140.93212678157926,2,1,24.13807950738696,69.70669513442483,77,9,0,2,1720.6766942712984
26,One year,62.19982073210743,1,0,Mailed check,0,1,71,Male,Fiber optic,0,1,1,1,1617.1953390347933,1,0,37.90525372808367,79.47018399153231,83,15,0,2,3385.4993898154225
16,One year,83.70108205150441,1,0,Bank transfer,1,0,31,Male,DSL,0,0,1,1,1339.2173128240706,2,0,13.288751285226478,63.85031084790661,48,13,0,2,2249.0011541125114
23,One year,84.9831806554937,1,1,Mailed check,1,0,31,Male,DSL,0,1,0,0,1954.613155076355,2,0,24.225654127107035,70.54627159311237,75,1,0,2,2909.1113273977535
8,One year,35.349563058731164,1,1,Mailed check,0,0,21,Female,DSL,0,0,1,0,282.7965044698493,1,0,23.59233934449092,69.30910151946516,19,36,0,2,907.9935948513031
45,Two year,79.53576520259759,1,1,Credit card,1,0,20,Male,No,1,0,1,0,3579.1094341168914,2,0,57.783526132824456,61.03784769443244,12,26,0,2,2673.053202932672
31,Two year,64.19205677125494,1,1,Credit card,1,0,24,Male,Fiber optic,1,0,1,0,1989.953759908903,2,2,5.4589300464825525,70.6056789787281,58,7,0,2,3339.908525296277
55,Two year,75.07656658945487,1,1,Credit card,1,1,76,Male,Fiber optic,0,0,0,0,4129.211162420018,0,1,50.769284564290466,45.28610819586778,100,13,0,2,4439.201841193042
68,Two year,73.61482985223051,1,1,Bank transfer,1,1,75,Female,DSL,1,0,1,0,5005.808429951675,3,0,60.08249856675204,45.904252413258526,41,9,0,2,4250.314060444123
38,Two year,97.18423509687958,1,1,Bank transfer,1,0,56,Female,Fiber optic,1,0,1,1,3693.0009336814237,1,1,65.58220217337522,50.71528035897646,-16,6,0,2,2392.677277555694
30,One year,69.05782945175315,1,0,Bank transfer,0,0,29,Female,Fiber optic,1,0,0,1,2071.7348835525945,2,0,45.975144430373234,47.800702351095055,83,14,0,2,2913.2336987755125
19,Month-to-month,94.14087471752055,0,0,Electronic check,1,1,73,Female,Fiber optic,1,1,0,0,1788.6766196328904,5,3,23.41020008749442,21.9882194675986,-36,69,1,1,2417.1403395832995
22,Month-to-month,74.15968384257536,0,0,Electronic check,1,0,21,Female,No,0,1,0,0,1631.513044536658,3,5,12.088528868625673,5.115918884748475,-14,3,0,1,2140.920616886268
5,Month-to-month,72.022137527301,0,0,Electronic check,0,0,38,Male,Fiber optic,1,1,1,0,360.11068763650496,5,0,181.37852291628997,74.53873381070701,37,31,0,2,2189.703532803469
17,Month-to-month,82.02227818379546,0,0,Electronic check,1,1,76,Female,Fiber optic,0,1,0,0,1394.3787291245228,8,4,19.343610112343594,6.388157975175114,-16,24,0,1,2342.2297438340115
68,Two year,81.08930643015651,1,1,Credit card,1,0,24,Female,Fiber optic,0,0,0,1,5514.072837250643,1,1,0.6881589238586819,49.598514816943805,48,1,0,2,3662.443809456887
9,Month-to-month,97.21248572478193,0,0,Electronic check,1,0,48,Female,DSL,1,0,1,0,874.9123715230373,12,1,67.34053583164199,25.97022851229046,-68,109,1,1,1352.0059509759037
19,One year,74.325717695326,0,1,Bank transfer,1,0,19,Female,DSL,0,0,1,0,1412.188636211194,1,0,67.74032374314376,43.36948517699945,100,35,0,2,2866.1457979356674
5,One year,62.07898406216971,0,0,Electronic check,1,0,45,Male,Fiber optic,1,0,0,0,310.39492031084853,1,0,57.581162047856665,44.414416452070355,27,45,0,2,1000.7514714721277
17,Month-to-month,70.18233513923381,0,0,Electronic check,1,0,44,Male,Fiber optic,1,0,0,0,1193.0996973669749,5,3,26.305484376646135,14.619600293941438,-98,1,1,1,1159.6869493721779
62,Two year,93.06858639724074,1,1,Credit card,1,1,71,Female,Fiber optic,0,1,0,0,5770.252356628926,1,1,50.321900858604614,53.77808914188643,22,3,0,2,3365.5482647079407
4,One year,63.2037060599917,1,0,Mailed check,0,0,63,Male,Fiber optic,0,0,0,1,252.8148242399668,2,2,4.578976961023193,46.072977509079266,48,16,0,1,2800.2258013748997
40,Two year,69.43430396574749,1,1,Credit card,1,0,32,Male,Fiber optic,1,0,0,0,2777.3721586299,1,0,13.593406557243945,70.08652261792992,35,2,0,2,2646.5490253259713
7,Month-to-month,85.6541584675676,0,0,Electronic check,1,0,64,Female,DSL,0,1,0,1,599.5791092729731,4,3,18.679737537599543,9.309153351380306,-25,39,1,1,1253.8844765916629
3,Month-to-month,35.81368401464403,0,0,Mailed check,1,1,77,Male,DSL,0,0,0,0,107.4410520439321,2,0,75.20862859174468,43.04661500948804,13,8,0,2,663.766108462903
10,Month-to-month,55.487853345043575,1,0,Mailed check,1,0,18,Female,DSL,1,0,0,0,554.8785334504357,2,0,27.077529308479804,49.123600498964834,26,13,0,2,1343.2128703001529
63,Two year,93.75698450446896,1,1,Bank transfer,1,1,74,Male,Fiber optic,0,1,0,0,5906.690023781544,2,1,19.81973407763548,43.92932526159533,47,11,0,2,4114.72871865405
8,Month-to-month,73.34705214152561,1,1,Electronic check,1,0,63,Female,Fiber optic,1,1,1,0,586.7764171322049,2,0,3.325475236106511,62.276830144970404,6,16,0,2,1078.4132263340105
24,One year,70.29274002718596,1,1,Bank transfer,0,0,30,Female,DSL,0,0,1,0,1687.0257606524628,2,0,49.58105904041527,41.74561729734051,77,2,0,2,2926.601346013841
35,One year,71.46143094502841,1,1,Credit card,1,0,46,Male,No,1,0,0,1,2501.150083075994,5,0,151.15330483273826,68.92270146815832,1,55,0,2,2000.137196642455
6,Month-to-month,91.7645665747666,0,0,Electronic check,1,1,78,Female,No,0,0,0,1,550.5873994485996,7,2,13.458955254892764,22.00463893936238,-30,52,1,1,962.6683122016177
15,Month-to-month,70.7314269602535,0,0,Electronic check,1,0,53,Female,Fiber optic,0,0,0,0,1060.9714044038026,10,1,3.7120869529052785,21.70170243350024,-18,59,1,1,2073.2947023959928
58,Two year,76.74322486495741,1,1,Bank transfer,1,0,31,Female,DSL,1,0,0,1,4451.1070421675295,0,1,80.51487048332132,71.90927235988843,56,18,0,2,4471.448229603883
2,One year,42.8476149754235,0,1,Electronic check,1,0,51,Male,No,1,0,0,0,85.695229950847,1,1,44.49175984401327,70.17348725011885,23,5,1,2,1086.90247627119
27,One year,68.77707006635833,0,1,Mailed check,0,0,63,Female,DSL,1,0,0,1,1856.980891791675,0,1,12.374916533297585,73.72643202662371,49,6,0,2,3121.037591426608
6,One year,33.618819659706126,0,1,Mailed check,1,0,50,Female,DSL,1,0,1,0,201.71291795823674,1,0,23.809495143454598,57.82002890643351,16,7,0,2,1373.4721887867881
36,Two year,93.88669445490297,1,1,Credit card,1,0,24,Male,DSL,0,0,0,0,3379.9210003765065,3,1,7.654344167035865,69.40791791258636,33,16,0,2,2733.539722042903
2,One year,63.933004691344856,1,0,Mailed check,1,0,59,Female,No,0,0,1,0,127.86600938268971,0,1,44.26696674343823,49.64100803527721,47,17,0,2,1813.5768654897145
12,Month-to-month,116.91825075951297,0,0,Electronic check,1,0,18,Male,No,0,0,0,1,1403.0190091141558,10,4,28.762940674736264,26.99384008580999,-34,21,1,1,2163.358186869401
7,Month-to-month,114.88526132362902,0,0,Electronic check,1,1,73,Female,No,0,0,1,0,804.1968292654032,12,1,0.10206333259215584,21.323631165025493,-46,8,1,1,2036.8079855242647
36,Two year,82.93397382540871,1,1,Credit card,1,0,55,Female,DSL,0,0,0,1,2985.6230577147135,3,0,123.0551313480287,64.6117521983401,100,4,0,2,3975.690825113594
57,Two year,64.870476445011,1,1,Credit card,1,0,55,Female,Fiber optic,1,0,1,0,3697.6171573656266,0,0,11.397611622073503,65.92523465241564,39,35,0,2,3320.243885503544
46,Two year,83.33029969824463,1,1,Bank transfer,1,1,71,Female,Fiber optic,1,0,0,0,3833.1937861192528,3,0,247.39319066146098,64.94561480760579,1,0,0,2,2367.975309051979
24,One year,81.59061951178666,0,1,Bank transfer,0,1,74,Female,No,1,0,0,0,1958.1748682828797,3,1,15.180908859643868,73.99475998475236,44,5,0,2,1978.3028295688378
10,Month-to-month,49.35250059674435,1,0,Mailed check,1,0,26,Male,Fiber optic,0,0,0,0,493.52500596744346,1,0,21.23981643080072,74.09763533849485,29,38,0,2,2057.5081430006503
47,Two year,69.07858777461456,1,1,Credit card,1,0,37,Female,No,0,0,1,1,3246.693625406884,1,0,254.4778072275771,43.13833952768117,83,1,0,2,3698.869941424368
23,One year,54.529031690048704,0,1,Mailed check,1,0,29,Female,No,0,0,0,1,1254.1677288711203,4,0,10.297183874894847,68.40433067256173,41,5,0,2,1912.940927265432
46,Two year,71.05766762333585,1,1,Credit card,1,0,26,Male,Fiber optic,0,1,0,1,3268.652710673449,0,2,17.451671445705347,52.58779101760075,49,46,1,2,3368.670469868069
2,Month-to-month,49.91251174317064,1,0,Electronic check,1,0,45,Male,Fiber optic,1,0,0,1,99.82502348634128,3,0,41.909509420838276,64.98900286757413,51,4,0,2,1210.4612982275721
18,Month-to-month,115.40769716137515,0,0,Electronic check,1,1,75,Male,Fiber optic,1,0,0,0,2077.3385489047528,5,6,1.5436059513869842,23.52322591271832,-12,6,1,0,2966.592006037073
21,One year,78.34929330259459,1,0,Mailed check,0,0,41,Female,DSL,0,0,0,0,1645.3351593544864,1,1,55.587291364184374,51.77047358880443,24,0,0,2,1928.3948974335844
18,Month-to-month,86.67285102658236,0,0,Electronic check,1,0,27,Female,Fiber optic,0,0,0,0,1560.1113184784826,10,3,39.10008196145755,21.276307215686895,52,0,1,2,2057.4876576212187
58,Two year,75.2363810204395,1,1,Bank transfer,1,0,36,Male,Fiber optic,0,0,0,1,4363.71009918549,2,0,23.593468843602487,49.518504917581225,-8,6,0,2,2863.175650374332
55,Two year,67.758154690711,1,1,Credit card,1,0,53,Female,DSL,0,0,0,0,3726.6985079891047,5,0,92.55038743439668,54.52405326159986,16,5,0,2,2902.796682427307
27,Two year,62.38533294833573,0,0,Mailed check,1,0,44,Male,Fiber optic,1,0,0,0,1684.4039896050647,2,0,24.0656200990071,63.813939178527406,23,21,0,2,2369.669934127777
17,Two year,81.45175715366793,1,0,Bank transfer,1,0,21,Male,DSL,1,0,0,1,1384.6798716123549,1,0,284.29573176166724,62.811783798401635,36,3,0,2,2126.2188197275354
8,Month-to-month,34.806292586607576,0,1,Electronic check,0,0,51,Female,Fiber optic,0,0,0,0,278.4503406928606,1,1,92.46577971658262,67.74900091723808,86,6,0,2,2395.947857251821
50,Two year,66.3721608247592,1,1,Bank transfer,1,1,72,Male,Fiber optic,1,1,0,0,3318.60804123796,5,2,34.18665021132768,58.90485079149606,9,52,1,1,4173.371361352956
3,One year,66.63617077066533,1,0,Electronic check,1,0,29,Male,Fiber optic,0,0,0,0,199.908512311996,1,0,25.119881480767543,65.27591952608392,79,8,0,2,1479.659528901947
61,Two year,60.881406411900166,1,1,Bank transfer,1,0,57,Female,DSL,1,0,0,0,3713.7657911259103,2,0,59.735802023215875,58.48583491733869,44,0,0,2,4063.662132379831
1,Month-to-month,78.80391662362595,1,0,Mailed check,1,0,59,Female,DSL,1,0,1,0,78.80391662362595,0,0,47.43996977223682,54.72496578743943,-36,4,1,2,272.0069355222338
5,Month-to-month,47.87566642136184,0,1,Mailed check,0,0,30,Male,Fiber optic,0,0,1,1,239.3783321068092,3,1,279.06334780796595,61.80033688891987,67,31,0,2,1877.0091777727107
70,Two year,79.77924525180372,1,1,Credit card,1,1,79,Female,DSL,1,1,1,1,5584.5471676262605,0,0,23.999272762869648,69.87082003929365,28,40,0,2,3755.1799941701825
50,Two year,67.8243709217806,1,1,Credit card,1,0,45,Male,No,0,0,1,1,3391.21854608903,3,2,3.218544082849115,74.40728748842776,4,9,1,1,3397.627119375661
17,Two year,87.81184979749538,1,0,Mailed check,0,0,59,Female,Fiber optic,0,1,0,1,1492.8014465574215,2,0,85.63998721854703,67.39375734379735,14,26,0,2,1645.157103667297
54,Two year,95.8290690370469,1,1,Credit card,1,0,51,Female,DSL,1,0,0,0,5174.769728000533,1,0,36.71664867272136,71.05204368483423,11,45,0,2,3824.883053604704
11,Month-to-month,96.74833528327022,0,0,Electronic check,1,0,55,Male,No,1,0,0,0,1064.2316881159725,10,4,32.223811144922216,27.683690253160133,27,2,1,1,2542.546055555377
10,Month-to-month,97.53828631860765,0,0,Electronic check,1,1,72,Male,No,0,0,0,0,975.3828631860765,4,3,67.16835895572362,26.833064826209487,51,0,1,2,2385.8590659308184
35,Two year,66.54162090973955,1,1,Mailed check,1,1,66,Female,Fiber optic,0,0,1,1,2328.9567318408845,1,1,93.7175726187799,72.02540010076635,7,0,0,2,1481.1699146700848
30,Two year,78.83532298032496,0,0,Bank transfer,1,0,34,Female,DSL,0,1,0,0,2365.059689409749,2,1,1.345629212682307,41.81106960374982,63,14,1,2,3037.9483127548574
11,Month-to-month,72.53006935609024,0,0,Electronic check,1,1,73,Female,DSL,0,0,1,0,797.8307629169926,9,5,8.124247647240841,12.97245732937934,-48,201,1,0,2204.26381942744
16,Month-to-month,119.47740596474385,0,0,Electronic check,1,0,23,Female,Fiber optic,0,1,1,1,1911.6384954359016,3,5,17.56463894883444,26.40360454248732,-42,31,1,0,2814.2311430456043
16,Month-to-month,101.8320517679364,0,0,Electronic check,1,0,43,Female,Fiber optic,0,0,0,0,1629.3128282869825,4,4,4.870093842336852,24.10533751835025,0,63,1,1,2389.086352280994
67,Two year,87.01680830188357,1,1,Credit card,1,0,41,Male,DSL,1,0,1,0,5830.126156226199,2,1,4.285167238230003,48.837757017126364,81,5,0,2,5145.694274643184
37,Two year,83.90894261023458,1,1,Bank transfer,1,0,20,Male,DSL,0,0,1,0,3104.6308765786794,3,1,121.8561946522315,72.85642960799782,52,27,0,2,3524.480910195279
45,Two year,85.12952441853125,1,1,Bank transfer,1,1,75,Female,Fiber optic,1,0,0,1,3830.828598833906,5,0,33.73661639519668,59.863710061561015,21,3,0,2,3422.3545642616855
70,Two year,81.01739650182772,1,1,Credit card,1,0,30,Male,Fiber optic,1,0,1,1,5671.21775512794,1,1,70.794403336379,47.6327308441001,59,12,0,2,4351.725344793463
13,Month-to-month,71.74994206319928,0,0,Electronic check,1,1,65,Male,Fiber optic,1,0,0,1,932.7492468215908,6,3,3.403697287243803,13.097249999306626,-8,59,1,1,2264.9062104558275
46,Two year,68.84253485814914,1,1,Credit card,1,0,24,Female,Fiber optic,0,1,1,0,3166.75660347486,1,0,2.4857842016487846,54.15762902239776,87,11,0,2,4027.080766159332
17,Two year,74.45723228911555,0,0,Credit card,1,0,47,Female,Fiber optic,0,1,0,0,1265.7729489149644,3,0,14.789768571973648,61.095553863083275,13,9,0,2,1385.3318220270949
45,Two year,72.94001579645895,1,1,Bank transfer,1,0,41,Male,DSL,0,0,1,0,3282.3007108406528,2,0,8.321655093029163,72.79284511024048,18,5,0,2,2666.43178493058
15,Month-to-month,111.03127965335973,0,0,Electronic check,1,0,55,Male,Fiber optic,1,0,0,1,1665.469194800396,12,5,10.8925297526777,9.394514169386651,-3,9,1,1,2569.553206275248
28,Two year,68.82764870561783,0,1,Credit card,0,0,31,Male,Fiber optic,0,0,0,1,1927.1741637572993,1,1,11.926576163242602,68.90538180746965,48,8,0,2,2771.370753096521
67,Two year,64.49217377644877,1,1,Bank transfer,1,0,61,Male,Fiber optic,0,0,0,1,4320.975643022068,2,1,5.286931992282858,70.0860661591516,11,0,0,1,4672.584628663224
18,Month-to-month,71.95661272419296,0,0,Electronic check,1,0,44,Male,No,0,0,0,0,1295.2190290354733,9,3,1.610407415598727,23.211694122239184,-40,104,1,0,2753.3356609704506
56,Two year,80.34317157790314,1,1,Credit card,1,0,49,Male,No,0,0,0,0,4499.217608362575,0,1,57.03030241605398,43.08378289842297,59,4,0,2,4521.871606568963
7,Month-to-month,73.90521520104564,0,0,Electronic check,1,1,70,Male,Fiber optic,1,0,0,0,517.3365064073195,6,1,21.092977027645745,20.5448802449049,-15,107,1,1,1493.3311143582123
5,One year,64.27693102813117,0,0,Electronic check,1,0,21,Female,No,1,0,0,1,321.38465514065587,4,1,24.75286910384885,67.51335858601124,64,2,0,2,1748.472739200146
9,Month-to-month,104.01328143642873,0,0,Electronic check,1,0,61,Female,Fiber optic,0,1,1,0,936.1195329278586,6,4,6.4549886067312325,23.15624279819324,-19,139,1,0,3241.6508202115647
48,Two year,94.58435343820148,1,1,Credit card,1,0,44,Female,DSL,0,0,1,0,4540.048965033671,3,1,16.64039290327664,72.3122758615784,23,17,0,2,2832.941897865389
31,Two year,62.834601800958794,1,1,Mailed check,0,1,65,Male,Fiber optic,0,0,0,1,1947.8726558297226,2,0,56.869119491695336,60.18468374416511,8,31,0,2,1836.1476393283199
30,One year,84.08530878477545,1,1,Mailed check,1,0,57,Female,Fiber optic,1,0,0,1,2522.5592635432636,0,0,62.50374826777127,69.3647611915686,50,2,0,2,2762.646537253211
8,Month-to-month,73.05166999861203,1,0,Electronic check,0,0,41,Male,Fiber optic,0,0,1,1,584.4133599888962,1,1,14.327151731705477,74.6145852729338,56,26,0,2,1749.5819461561218
6,One year,56.820519154001516,1,0,Electronic check,0,0,31,Male,Fiber optic,1,1,0,0,340.9231149240091,2,0,31.30312127329587,72.51961475270572,52,1,1,2,2421.88765248126
18,Two year,67.99111766262813,0,1,Bank transfer,0,0,33,Female,Fiber optic,0,0,1,1,1223.8401179273062,1,0,172.17664372033772,62.85922195672146,100,16,0,2,3191.9008944476504
23,Month-to-month,111.72249786738816,0,0,Electronic check,1,0,25,Male,Fiber optic,0,1,0,0,2569.6174509499274,12,4,26.927651042844595,25.69374879926947,-3,61,1,1,2540.8913222057186
48,Two year,89.69392202290037,1,1,Bank transfer,1,0,20,Female,Fiber optic,1,0,0,0,4305.308257099217,0,0,5.068159785950544,68.40573057757607,39,31,0,2,3165.810131299645
48,Two year,65.47996252214685,1,1,Credit card,1,0,55,Female,Fiber optic,0,0,1,0,3143.0382010630487,2,0,58.50115340062986,47.52538925384389,12,16,0,2,2798.968553220169
7,Month-to-month,42.8682729200817,0,0,Mailed check,1,0,19,Male,Fiber optic,0,0,0,0,300.0779104405719,3,0,8.65848760067575,50.98900843159373,100,7,1,2,2223.2037340722727
14,Month-to-month,112.16958231645353,0,0,Electronic check,1,0,47,Female,No,1,0,1,1,1570.3741524303493,8,2,6.2875798186570755,14.404499807447738,-19,49,1,1,2107.3156324855963
14,Month-to-month,70.84314350410521,0,0,Electronic check,1,0,43,Male,Fiber optic,0,0,0,0,991.804009057473,5,1,40.33943564527762,29.071535770036803,7,13,0,2,1226.0998271579454
21,Two year,87.8899150682505,1,1,Bank transfer,0,0,27,Male,Fiber optic,0,0,0,0,1845.6882164332605,5,1,18.569693230605527,78.25752788988007,46,25,0,2,3134.2183316389282
3,One year,68.89388527684386,1,0,Mailed check,1,0,26,Male,DSL,1,0,0,0,206.68165583053158,2,1,102.31765882827838,60.0336120767955,86,11,0,2,2791.986605682844
45,Two year,94.10912079502845,1,1,Credit card,1,0,18,Female,DSL,1,0,0,0,4234.91043577628,2,0,85.44813740787056,45.80761873284172,100,20,0,2,4391.266262963785
31,Two year,88.52256451052081,0,0,Mailed check,1,0,36,Female,DSL,0,0,0,0,2744.1994998261453,2,0,10.265226665748898,64.10662557783384,28,2,0,2,2869.723650580688
41,Two year,71.18814153885917,1,1,Bank transfer,1,0,25,Male,DSL,0,0,0,0,2918.713803093226,2,2,52.5985857207739,50.33028875423648,44,21,1,2,2950.8620454677935
21,Two year,52.004281197598736,1,1,Mailed check,1,0,36,Female,No,1,0,0,0,1092.0899051495735,4,0,84.97481400772583,64.23071420880828,88,0,0,2,2125.221108880365
21,Two year,79.6725163706606,0,0,Mailed check,1,0,63,Male,DSL,0,1,0,1,1673.1228437838727,3,0,12.82827414565745,70.01852499812517,56,16,0,2,2488.8137288437047
71,Two year,62.087945161798864,1,1,Bank transfer,1,0,54,Male,Fiber optic,1,1,0,0,4408.244106487719,2,1,96.50358620531394,53.65861973337374,51,4,0,2,3849.129849929958
67,Two year,94.38260926587783,1,1,Bank transfer,1,0,26,Male,Fiber optic,0,0,0,1,6323.634820813815,4,1,35.86180508256626,65.81047661674985,48,72,0,2,4417.261349810017
21,One year,52.6335096865721,1,0,Bank transfer,0,0,18,Female,No,0,0,0,1,1105.303703418014,2,0,1.7655480856130332,49.71436677002016,48,24,0,2,2279.77406295165
62,Two year,99.14525149602122,1,1,Bank transfer,1,0,54,Female,DSL,1,1,0,1,6147.005592753316,2,0,53.518889322739824,47.5985807709106,20,51,0,2,3407.4389058613597
10,Month-to-month,116.80734932992651,0,0,Electronic check,1,0,56,Male,Fiber optic,1,0,0,0,1168.073493299265,6,7,8.441593730335423,25.740207557127558,-40,25,1,0,2990.611474203591
68,Two year,85.20834993316576,1,1,Credit card,1,0,27,Female,Fiber optic,0,0,1,1,5794.1677954552715,0,1,11.601448889292172,75.13639353299959,1,60,0,1,4507.944956803978
3,Month-to-month,36.51758398573959,1,0,Electronic check,1,0,55,Female,Fiber optic,1,0,0,0,109.55275195721877,0,0,47.198598402806134,61.942688557107104,52,17,0,2,1452.8374459573495
21,Month-to-month,105.37692448073369,0,0,Electronic check,1,0,33,Male,Fiber optic,1,0,0,1,2212.9154140954074,8,0,1.4765899537208318,16.096190471188223,-29,228,1,0,3465.577134558732
69,Two year,80.86920186544853,1,1,Bank transfer,1,0,25,Male,Fiber optic,0,0,0,0,5579.974928715948,1,0,108.17014856828219,60.15179163817139,92,8,0,2,4455.907305543541
15,Month-to-month,100.02364316251371,0,0,Electronic check,1,0,38,Female,No,0,1,1,0,1500.3546474377056,11,1,9.256419330941888,17.811081684629656,-10,46,1,1,2539.202312624195
7,Month-to-month,106.79736008616112,0,0,Electronic check,1,0,31,Male,DSL,1,1,0,0,747.5815206031278,9,6,24.66885755021814,16.506975195798923,-18,56,1,0,2913.2779894478335
10,One year,66.58526363615758,0,0,Electronic check,0,0,45,Male,DSL,1,0,0,1,665.8526363615758,5,0,56.12501480699737,51.42902659945294,60,68,0,2,2305.7463437357874
10,Month-to-month,85.36863596020224,0,0,Electronic check,1,1,69,Male,Fiber optic,0,0,1,0,853.6863596020224,11,4,26.8259916483417,10.285315141227844,5,19,1,1,2473.132629767202
19,Month-to-month,81.852075445934,0,0,Electronic check,1,0,59,Male,Fiber optic,0,0,0,0,1555.189433472746,8,3,57.32762753438196,17.800621251705422,-25,27,1,1,1857.8507437475575
4,Month-to-month,58.85102008452792,0,0,Electronic check,0,0,28,Female,DSL,1,0,0,0,235.40408033811167,2,0,34.732828773057996,64.81852643757779,26,15,0,2,966.812938615129
7,One year,67.17721348186473,1,0,Electronic check,0,0,48,Female,Fiber optic,1,0,0,0,470.2404943730531,1,2,183.15265505045352,47.40524393627345,-1,0,0,2,814.6953930588911
6,Month-to-month,67.36123225442935,0,1,Mailed check,1,0,61,Female,DSL,0,0,1,0,404.1673935265761,4,0,5.334024241520361,62.86029543805327,27,2,0,2,1329.079312384508
5,Month-to-month,77.31893266791855,1,1,Electronic check,1,0,60,Male,DSL,0,1,1,0,386.5946633395927,3,0,200.3514406312461,42.16368441571859,84,19,0,2,1847.2218795013248
25,One year,65.27729823476746,0,1,Credit card,1,1,66,Male,Fiber optic,0,0,1,0,1631.9324558691865,0,0,115.8819102444065,51.12347721558487,7,11,0,2,1961.771505144924
4,Month-to-month,31.985560378612362,0,0,Mailed check,1,0,59,Female,No,0,1,1,0,127.94224151444945,2,0,80.81347084117891,76.21346753318313,44,5,1,2,1087.483875444692
50,Two year,76.63629464587763,1,1,Bank transfer,1,0,50,Female,DSL,1,0,0,1,3831.814732293881,3,0,54.68313660738236,66.63041901402808,74,0,0,2,3940.668434359463
21,Month-to-month,119.48614452331532,0,0,Electronic check,1,1,67,Female,No,0,1,0,1,2509.2090349896216,7,2,2.851899462706901,17.640650305120168,-40,20,1,1,2231.2960789584085
18,One year,81.47516791283851,1,1,Bank transfer,1,0,54,Female,DSL,1,1,1,0,1466.5530224310933,1,0,67.76977958530149,66.52406963319848,27,11,0,2,2209.004328389602
2,Month-to-month,45.31196226142002,0,0,Electronic check,1,0,22,Male,Fiber optic,0,0,1,0,90.62392452284004,2,1,26.050025334346035,52.618344882468975,65,8,0,2,1899.9797873682123
57,Two year,70.75835783305884,1,1,Credit card,1,0,32,Female,Fiber optic,0,0,1,1,4033.2263964843537,1,0,36.994191634181995,69.68259020075006,15,30,0,2,3649.454310247086
14,One year,64.83336338375958,1,1,Credit card,0,0,55,Female,DSL,0,1,1,0,907.6670873726341,3,1,213.38434494146844,47.71256947849304,33,1,0,2,1986.8877083076125
8,Month-to-month,49.0990022731473,0,1,Electronic check,0,1,73,Female,Fiber optic,0,1,0,0,392.7920181851784,3,0,58.140799597247714,62.81367684871292,13,60,0,2,1146.0514724365687
19,Two year,63.06894732578393,0,1,Mailed check,0,0,61,Male,No,1,1,1,1,1198.3099991898946,0,0,47.16285142823611,56.47962372083572,1,28,0,2,1399.483256417388
56,Two year,93.22754042080308,1,1,Credit card,1,0,55,Female,Fiber optic,0,0,1,1,5220.742263564973,1,0,92.21754736112628,67.54219851878383,7,2,0,2,3252.811409945935
26,Two year,72.40017456309036,1,1,Mailed check,0,1,72,Female,DSL,0,1,1,1,1882.4045386403493,2,0,23.792246590185044,60.31243891374431,27,11,1,2,1727.6355357008665
49,Two year,79.46390648975012,1,1,Credit card,1,0,52,Male,Fiber optic,0,0,1,0,3893.7314179977557,2,0,10.779340645873795,74.8327899985602,17,27,0,2,3095.9176411172803
2,Month-to-month,39.67236140059687,0,0,Mailed check,0,0,58,Female,DSL,0,1,1,1,79.34472280119374,1,1,41.30152726041941,49.69056905916612,79,0,0,2,1617.199723636059
15,Month-to-month,115.18624601869038,0,0,Electronic check,1,0,64,Female,Fiber optic,1,0,0,0,1727.7936902803558,5,3,49.512317679359796,28.44149205945468,21,94,1,1,2973.2088164524685
6,Month-to-month,105.71589853051864,0,0,Electronic check,1,0,57,Male,Fiber optic,0,1,0,0,634.2953911831119,7,1,6.227348506192963,29.1398048928963,10,60,1,1,2405.872479050402
31,One year,77.41355127685425,0,0,Bank transfer,0,0,61,Male,Fiber optic,1,1,1,0,2399.8200895824816,5,0,15.1891032435455,62.40917827082599,-1,31,1,2,2161.7754684037836
15,Month-to-month,71.30147749085674,0,0,Electronic check,1,0,63,Male,No,0,0,0,1,1069.522162362851,9,3,7.58700514394104,13.0214895840428,15,62,1,1,2877.0559375939342
10,Month-to-month,48.12916062973385,1,1,Mailed check,0,0,39,Male,DSL,0,1,0,0,481.29160629733855,2,0,32.62007714208415,69.78574126634477,41,25,0,2,1558.809339847807
31,One year,89.65516873793183,1,1,Bank transfer,1,0,41,Female,Fiber optic,0,1,1,1,2779.3102308758866,2,0,25.438481717018977,43.924524773627816,44,1,0,2,2454.311947810196
55,Two year,85.8642365369144,1,1,Bank transfer,1,0,51,Male,DSL,1,0,1,1,4722.5330095302925,3,0,21.444681851497407,51.45773890793299,36,1,0,2,3250.2116117585792
45,Two year,89.58921328342163,1,1,Bank transfer,1,0,36,Female,Fiber optic,0,1,0,0,4031.5145977539732,2,3,8.760411450521095,52.5332234998328,66,1,0,1,4301.669864092308
66,Two year,62.425157042658725,1,1,Credit card,1,0,43,Female,Fiber optic,1,1,0,1,4120.060364815476,1,0,90.32028855670757,60.261254997659464,41,0,0,2,4122.830882460029
28,One year,87.48758195503419,0,0,Mailed check,1,0,35,Male,Fiber optic,0,1,0,0,2449.652294740957,3,0,10.536998727639896,51.059134903627786,69,37,0,2,2935.943256991385
7,Month-to-month,52.77508476096101,0,0,Mailed check,0,0,25,Female,Fiber optic,0,0,1,0,369.42559332672704,0,0,52.114217658199514,40.51760947532968,18,1,0,2,804.7916635488848
6,Month-to-month,76.76199139923612,0,0,Electronic check,1,1,75,Male,Fiber optic,0,1,1,1,460.5719483954167,5,2,6.4389860745446805,27.30501295431302,-28,140,1,1,1136.6511871260327
35,One year,60.93277279828567,0,1,Mailed check,1,0,60,Male,Fiber optic,1,0,0,0,2132.6470479399986,0,0,5.624890142092211,63.88576483188403,59,6,0,2,2629.953064959312
22,Month-to-month,93.57912980471163,0,0,Electronic check,1,0,61,Male,Fiber optic,0,0,0,0,2058.7408557036556,9,5,14.203803484340602,23.041906386975395,-2,52,0,1,2137.492850876145
32,One year,59.612229980637565,1,1,Bank transfer,1,1,73,Male,Fiber optic,0,1,0,0,1907.591359380402,0,1,179.77358333313362,44.18406463624319,19,28,0,2,2362.206340203954
10,One year,32.02928560673475,0,0,Electronic check,0,0,46,Male,Fiber optic,1,0,1,0,320.29285606734754,4,0,85.83726543581487,60.405098273850946,-27,0,0,2,568.8235938041232
39,Two year,79.06781900164637,1,1,Bank transfer,1,0,22,Male,DSL,1,1,1,1,3083.6449410642085,0,0,41.37595197520445,70.01555510317871,6,0,0,2,3015.356743515988
16,One year,54.499918312555415,1,1,Credit card,1,0,37,Male,No,0,0,0,0,871.9986930008866,3,1,59.92559827467682,45.24182992620257,75,0,0,2,2718.8648482019744
25,One year,80.1434143599798,1,1,Mailed check,1,1,75,Female,Fiber optic,0,0,1,0,2003.585358999495,4,1,139.350185054739,68.52206688756813,77,0,0,2,3150.5442913968336
16,One year,81.16549027190399,1,1,Mailed check,1,0,59,Male,DSL,1,1,1,1,1298.6478443504639,2,1,30.031156397749342,58.74614857756693,41,26,0,2,2352.938712746477
64,Two year,88.37531868349564,1,1,Credit card,1,1,67,Male,Fiber optic,0,1,1,1,5656.020395743721,0,0,85.91560986045698,45.39570407059219,43,2,0,2,3918.470237725165
8,Month-to-month,37.91415253496868,1,0,Mailed check,1,0,42,Male,DSL,0,0,1,1,303.31322027974943,1,0,99.37574646125748,60.86539561187533,41,30,0,2,1343.8970132986549
58,Two year,62.09355503146033,1,1,Credit card,1,0,60,Male,DSL,1,1,0,1,3601.4261918246993,3,0,18.291661616828577,55.71632181406737,-6,75,0,1,3752.7628906051154
42,Two year,64.91883234118507,1,1,Bank transfer,1,0,47,Male,No,0,1,0,0,2726.5909583297725,3,0,1.4589791146173585,72.7120233929391,36,8,0,2,3017.342330888846
20,Two year,67.1571623606767,1,1,Bank transfer,1,0,44,Female,No,1,0,0,1,1343.1432472135339,2,0,25.183920041482665,42.69549315598049,51,0,0,2,2395.788077816111
61,Two year,77.76510852663006,1,1,Bank transfer,1,0,34,Male,No,1,1,1,1,4743.6716201244335,3,1,18.58463190907371,54.54409109980372,20,24,0,2,3011.930363144424
36,Two year,86.16303181487993,1,1,Credit card,1,0,63,Female,No,1,0,1,0,3101.8691453356773,0,0,38.63307129169523,78.72007058177638,35,10,0,2,2773.6264468364416
40,Two year,76.09308498746223,1,1,Credit card,1,1,65,Female,Fiber optic,1,0,1,1,3043.7233994984895,1,1,66.41352054709668,52.90092239188548,61,52,0,2,3819.5942878007095
54,Two year,73.6721482196873,1,1,Bank transfer,1,0,48,Male,Fiber optic,1,0,0,0,3978.2960038631145,4,0,2.150436479673917,59.8548623863154,42,36,0,2,3831.440434598943
21,One year,74.38325185214403,0,1,Bank transfer,0,1,77,Female,Fiber optic,0,0,0,0,1562.0482888950246,0,0,18.151956461388334,46.75732696919901,59,11,0,2,2629.2305693101075
23,One year,60.86066310932286,1,1,Bank transfer,0,0,21,Male,Fiber optic,0,1,1,0,1399.7952515144257,2,1,15.34597302044819,56.982396218935264,-25,8,1,1,2564.5084616526847
8,One year,72.3648372767747,0,0,Mailed check,0,0,52,Female,Fiber optic,1,1,0,0,578.9186982141975,2,0,8.483460178556488,49.26667616694617,45,9,0,2,1599.0878235551056
58,Two year,89.63925001098315,1,1,Credit card,1,0,24,Female,Fiber optic,0,0,0,0,5199.076500637023,4,1,8.386352502048592,41.7691861468053,26,5,1,2,2748.6299663339164
25,One year,83.32581215449702,0,0,Bank transfer,0,1,69,Female,Fiber optic,0,0,1,1,2083.1453038624254,1,0,139.7811387821071,47.35888396279527,74,16,0,2,2981.715843590912
19,Month-to-month,93.68153777423048,0,0,Electronic check,1,0,32,Female,Fiber optic,1,0,1,1,1779.9492177103791,5,4,26.55359083435477,24.837854719080667,23,46,1,1,2479.9141900242653
27,Two year,55.24899807109161,0,1,Credit card,1,0,36,Male,Fiber optic,1,0,0,0,1491.7229479194737,3,0,72.83921101742855,52.099683772086394,32,9,0,2,2334.18949754961
20,Two year,60.76204220321942,0,0,Mailed check,1,0,46,Female,Fiber optic,1,0,0,1,1215.2408440643885,3,0,8.574727797196463,52.551533864576,61,6,0,2,3057.4568891926174
13,Month-to-month,74.83448581688715,0,0,Electronic check,1,1,68,Male,DSL,1,1,0,1,972.848315619533,12,5,6.316960930476077,13.34146038388328,23,90,1,0,3607.6777875618527
5,Month-to-month,57.14390661804026,1,0,Electronic check,1,0,33,Female,No,1,1,1,0,285.7195330902013,0,0,7.259437566173692,73.21911439230982,60,23,1,2,1634.278452599901
8,Month-to-month,75.09580539189415,1,1,Mailed check,0,0,32,Female,Fiber optic,1,1,0,0,600.7664431351532,2,1,70.8396092054547,79.220796760133,25,0,0,2,1561.9658678000178
38,Two year,70.86188189644969,1,1,Bank transfer,1,0,47,Female,DSL,1,0,0,0,2692.7515120650883,2,1,101.33490050208667,54.66854106124612,35,10,0,2,3505.5861546453248
23,One year,52.83956764605546,0,0,Credit card,1,0,52,Female,No,1,0,1,1,1215.3100558592755,2,0,28.747366350675215,71.48344684336259,-16,12,0,2,1851.9023411447358
6,Month-to-month,62.73878756421301,0,0,Electronic check,0,0,31,Female,Fiber optic,1,0,1,0,376.4327253852781,0,0,100.07647875890235,74.4089590042743,100,1,0,2,2294.0193447801357
18,Month-to-month,83.61922896316447,0,0,Electronic check,1,0,61,Male,Fiber optic,0,1,0,1,1505.1461213369605,5,2,23.476354346387804,19.075895935037952,-48,15,1,1,1813.046572585898
22,Month-to-month,84.95401058277056,0,0,Electronic check,1,0,31,Male,Fiber optic,0,0,1,1,1868.9882328209524,9,5,5.654151062634371,8.241563028798982,-3,142,1,0,3384.2668193267505
58,Two year,87.41192064463493,1,1,Bank transfer,1,1,78,Female,No,0,0,0,0,5069.891397388826,3,2,35.53911389427505,40.22690433318532,27,6,0,1,4078.7877590328585
16,Two year,78.75639261300844,1,1,Bank transfer,0,0,26,Male,No,0,0,0,1,1260.102281808135,2,0,8.715669809086839,77.73702775122617,58,0,0,2,2245.863807874713
18,Month-to-month,103.67582637360545,0,0,Electronic check,1,0,44,Male,Fiber optic,0,0,1,1,1866.164874724898,8,1,28.549790871898985,22.538843114969723,-53,154,1,1,1908.8909964611837
40,Two year,66.82659034199993,1,1,Bank transfer,1,0,45,Male,Fiber optic,1,0,0,0,2673.063613679997,1,0,13.626700333368342,57.18622275230946,26,4,0,2,2563.546885510861
2,Month-to-month,37.92601170137047,1,1,Electronic check,0,0,37,Female,No,0,0,0,1,75.85202340274094,3,0,17.169990254064817,76.54459425933699,13,3,0,2,912.3916218928134
18,One year,52.0388827527556,1,0,Mailed check,1,1,73,Male,Fiber optic,0,1,0,0,936.6998895496008,1,1,68.70206891810798,42.69995128940002,44,22,0,2,1683.6456396402104
7,One year,79.83416389673398,0,0,Mailed check,1,0,61,Male,DSL,0,1,0,0,558.8391472771378,2,1,13.605834379773347,40.95471410064863,50,10,0,2,1920.9509074790383
30,Two year,86.4090879712979,0,0,Mailed check,1,0,25,Male,Fiber optic,1,1,0,0,2592.272639138937,2,0,32.35291717828803,65.73879955097917,27,2,0,2,2322.338170502313
38,Two year,72.70125791506948,1,1,Credit card,1,0,43,Female,Fiber optic,1,0,0,1,2762.64780077264,2,2,12.760127018896023,72.8425009419991,3,18,1,1,2798.7473994741863
10,Month-to-month,70.12803740758139,0,0,Mailed check,1,1,74,Female,DSL,1,0,0,1,701.2803740758138,2,0,80.97391433392605,73.17034940759032,50,18,0,2,2672.7825720064384
6,Month-to-month,40.98613750551984,0,0,Electronic check,0,0,61,Female,DSL,1,0,0,0,245.91682503311904,1,0,55.37676839443656,60.06965687252373,28,39,0,2,1189.8864849268507
19,One year,89.86403648219641,0,1,Credit card,0,0,61,Female,No,0,0,0,0,1707.416693161732,1,1,9.149202492585436,53.568113140466295,52,12,1,2,2422.110733471376
11,Month-to-month,57.8712372335071,1,0,Mailed check,1,0,19,Female,No,0,1,0,1,636.5836095685781,0,0,131.9374098556436,49.54238733848243,80,17,0,2,2036.5057710707406
58,Two year,85.82962040382449,1,1,Credit card,1,0,23,Female,Fiber optic,1,0,1,0,4978.11798342182,0,0,60.29902753006111,45.40809249650375,79,5,0,2,4591.938628694847
56,Two year,62.112158418741124,1,1,Bank transfer,1,0,21,Male,DSL,0,1,1,1,3478.280871449503,0,0,90.30836258946621,56.04096037959246,26,9,0,2,3339.757804236843
53,Two year,62.154328279921046,1,1,Bank transfer,1,0,33,Male,Fiber optic,0,1,0,0,3294.1793988358154,1,0,121.11014616382954,72.27144604206794,48,1,0,2,3718.666967731401
18,One year,73.78393815795911,0,0,Bank transfer,1,0,55,Male,No,0,1,0,1,1328.110886843264,1,1,97.53089183892112,59.02310078789743,96,31,0,2,3029.56531991236
12,Two year,61.59038408114624,0,0,Bank transfer,0,0,22,Female,DSL,1,0,0,0,739.0846089737549,2,0,94.92399757329368,43.11863263279858,-5,28,0,2,1365.8123216424917
8,Month-to-month,48.97306902967324,1,1,Mailed check,1,0,26,Male,Fiber optic,0,1,1,1,391.7845522373859,2,2,13.341271691122587,44.741352730082866,56,2,0,2,1209.0339958635786
70,Two year,93.4192094552931,1,1,Credit card,1,0,62,Male,Fiber optic,0,0,0,0,6539.344661870517,1,1,26.23998558551091,42.996924250962934,44,30,0,2,4607.774214160856
7,Month-to-month,98.03715980077085,0,0,Electronic check,1,0,60,Male,Fiber optic,1,0,0,0,686.260118605396,8,3,36.752440063546956,24.4640322817467,-62,42,1,1,1738.6618381256794
22,Two year,73.07780970575841,1,0,Credit card,1,0,42,Female,DSL,0,0,0,0,1607.711813526685,1,0,56.04443998768717,56.84328348355947,13,18,0,2,1558.066884201758
27,Two year,60.44936804073138,0,1,Bank transfer,1,0,58,Male,No,1,0,0,1,1632.1329370997473,1,0,13.723173102514654,43.253887537441756,74,4,0,2,2908.3259326887023
66,Two year,71.13757633001738,1,1,Credit card,1,0,48,Male,Fiber optic,0,1,1,0,4695.080037781147,4,0,196.42254782672234,61.71491171804374,7,16,0,2,3360.305765428953
6,Month-to-month,68.97658409119666,0,0,Mailed check,0,0,43,Female,Fiber optic,0,0,0,0,413.85950454717994,2,0,75.33226063596064,53.96430878432218,35,34,1,2,1677.3242228580843
65,Two year,61.174566364095696,1,1,Credit card,1,1,70,Male,No,0,0,1,1,3976.3468136662204,1,0,111.10906627431912,52.10982767468703,30,20,0,2,3790.4291868057194
66,Two year,92.91833784885944,1,1,Bank transfer,1,0,38,Female,Fiber optic,0,1,0,1,6132.610298024723,1,1,30.682854230211966,51.66961974693226,11,2,0,2,3712.229306915919
34,One year,53.43164353048146,0,1,Mailed check,1,0,41,Male,Fiber optic,0,0,0,0,1816.6758800363696,7,0,195.45135167593725,65.07355453173646,18,38,0,2,2282.9698962755924
5,Month-to-month,66.24563733122199,0,0,Mailed check,0,0,36,Male,Fiber optic,1,1,0,1,331.2281866561099,4,1,47.37241684257931,59.34439082553892,77,5,0,2,1686.0933718440865
29,Two year,81.971352306706,1,0,Mailed check,1,0,46,Male,Fiber optic,0,0,0,0,2377.1692168944737,2,1,37.51159588454637,45.394661526332385,46,2,0,2,2721.9602365644027
3,Month-to-month,76.11538877417924,1,0,Electronic check,0,0,24,Male,Fiber optic,0,0,1,1,228.34616632253773,5,0,31.5374345724799,64.96412382248856,69,4,0,2,2056.7924813147265
6,Month-to-month,100.68532409247884,0,0,Electronic check,1,0,22,Female,Fiber optic,0,0,1,1,604.111944554873,7,4,6.910798037418971,9.8547333362425,-43,147,1,0,2624.943970769656
29,One year,56.582515064792815,1,1,Bank transfer,1,1,74,Male,No,0,0,1,1,1640.8929368789916,2,0,56.91413677682031,67.90627676265328,35,16,0,2,2678.473123254536
21,One year,61.73178612835289,0,1,Mailed check,1,0,22,Female,No,1,1,0,1,1296.3675086954106,1,2,53.98770539235844,67.7588135573979,21,13,0,2,1367.9963848952557
7,Month-to-month,86.091375408454,0,0,Electronic check,1,0,62,Female,Fiber optic,0,0,1,1,602.639627859178,10,3,21.257031416624763,29.160586396636923,-58,8,1,1,1409.897620232185
9,Month-to-month,49.31181976495448,1,1,Mailed check,1,0,22,Male,DSL,0,0,0,0,443.8063778845903,3,0,6.042755602380918,52.5945356993131,22,5,1,1,2042.3379534843632
43,Two year,92.39440749442345,1,1,Bank transfer,1,0,18,Female,No,0,1,1,0,3972.9595222602084,3,0,102.11295967834259,42.543322873491284,69,57,0,2,3839.952767159322
31,Two year,53.13553707881034,0,1,Credit card,1,0,19,Female,Fiber optic,0,0,1,0,1647.2016494431205,2,0,30.121335031536095,59.84877488594884,35,13,0,2,2999.1648892781013
12,Two year,53.45273093944658,0,0,Mailed check,1,0,32,Male,DSL,0,0,0,1,641.432771273359,4,1,54.379826414015916,79.92741409381159,25,29,0,2,1416.1623458189194
40,Two year,87.43870943931937,1,1,Credit card,1,1,78,Female,Fiber optic,0,0,1,1,3497.548377572775,0,0,6.332297161524947,72.55604381620319,10,21,0,2,2859.753687017821
61,Two year,87.97261500504814,1,1,Bank transfer,1,0,41,Female,Fiber optic,1,0,1,1,5366.329515307936,1,0,59.631855302520066,67.13176489892722,99,18,0,2,4764.886421162102
11,Month-to-month,66.48392068236205,1,1,Mailed check,1,0,46,Female,Fiber optic,0,0,1,0,731.3231275059826,1,0,5.242557900733175,77.01665022646446,16,22,0,2,1122.1586640632302
57,Two year,78.63251228080995,1,1,Credit card,1,0,18,Female,Fiber optic,1,1,1,0,4482.053200006167,1,1,57.36181691550538,49.37179433884843,5,0,0,2,2996.053634873622
10,Month-to-month,88.93453316665011,0,0,Electronic check,1,0,20,Male,No,0,0,1,0,889.3453316665011,5,3,13.747814900624586,27.25694107221618,-7,15,1,1,2528.7929790907065
21,Month-to-month,100.45408275105068,0,0,Electronic check,1,1,72,Female,Fiber optic,0,0,1,0,2109.5357377720643,4,2,30.543112154917097,15.712779021167556,-68,78,1,1,1633.2939142249631
27,Two year,84.03250665880489,0,0,Mailed check,1,0,34,Male,Fiber optic,1,1,1,0,2268.877679787732,0,2,21.35960171721629,61.27406183252799,12,8,0,2,2300.8736875812647
5,One year,61.9693210727049,0,1,Mailed check,0,0,38,Female,Fiber optic,0,0,0,0,309.84660536352453,1,0,20.597977732185388,62.088562250805545,62,17,0,2,1953.6408994151982
14,Month-to-month,99.31339215966341,0,0,Electronic check,1,1,76,Male,No,0,0,0,1,1390.3874902352877,4,4,35.24804769527142,24.78349634906854,-27,43,1,1,2110.3929750821985
10,Month-to-month,116.01355988007694,0,0,Electronic check,1,0,51,Female,No,0,0,0,1,1160.1355988007695,1,2,31.30873477719025,12.095907730328166,-20,12,1,1,2704.851545379719
43,Two year,97.17706777892457,1,1,Bank transfer,1,0,19,Female,Fiber optic,0,0,1,0,4178.613914493756,2,2,147.80683514944735,54.03899609340894,15,26,0,2,2206.888046994504
4,One year,42.80105865307566,0,0,Electronic check,1,0,58,Female,Fiber optic,0,1,0,0,171.20423461230263,0,0,34.83222644393148,71.6347932742345,61,9,0,2,1750.9230448495068
12,Month-to-month,113.11526182883352,0,0,Electronic check,1,0,49,Female,DSL,0,0,0,0,1357.3831419460023,13,2,34.90099998260571,28.614956671743435,29,23,1,2,2188.092184923613
13,One year,83.423544355717,0,1,Credit card,0,0,50,Female,Fiber optic,0,1,1,1,1084.506076624321,1,0,271.4750855299871,68.9812070386348,11,35,0,2,1560.0974092084011
32,One year,60.070351951550144,1,1,Credit card,0,0,34,Female,Fiber optic,0,0,1,0,1922.2512624496046,2,0,96.33349114391959,77.10234236927329,-10,0,0,2,1746.7448444561758
69,Two year,81.29030124595904,1,1,Credit card,1,0,33,Male,DSL,0,0,0,0,5609.030785971174,2,0,25.44205689824152,44.93183914515542,1,20,0,2,3873.1158080439022
33,Two year,61.69617974242054,1,1,Credit card,1,1,70,Female,No,0,0,1,0,2035.9739314998778,1,1,62.100707908743004,69.28816091340938,12,17,0,2,2398.867957323578
8,Month-to-month,75.95785227702324,0,0,Electronic check,1,1,70,Male,Fiber optic,0,0,1,0,607.6628182161859,9,6,25.125937423725343,27.230295793519492,-79,84,1,0,1650.4010988845612
39,Two year,69.05405977365943,1,1,Credit card,1,0,34,Female,Fiber optic,0,0,0,0,2693.108331172718,2,0,10.965289300973229,59.22150397853316,35,48,0,2,2821.6507772043747
31,One year,82.32045680387094,0,0,Mailed check,0,0,37,Female,DSL,0,1,0,0,2551.934160919999,1,0,23.06724887388864,72.51152248863025,31,6,0,2,2351.6391472653354
20,Month-to-month,98.78750417601553,0,0,Electronic check,1,0,21,Male,Fiber optic,1,1,1,0,1975.7500835203107,5,3,78.59215235064441,23.22991997756666,1,86,1,1,2653.1210677795734
20,One year,75.14524862275572,1,0,Mailed check,0,0,43,Male,Fiber optic,1,0,0,1,1502.9049724551144,3,0,13.350273505839509,42.273354029651564,9,0,0,2,1592.3557744078782
18,Month-to-month,75.59864852434967,0,0,Electronic check,1,1,70,Female,No,1,0,0,1,1360.775673438294,8,3,0.6360550833449345,10.2008040483949,-2,34,1,1,2957.224562944217
12,One year,86.64995213130538,1,1,Mailed check,0,0,26,Male,No,0,0,1,0,1039.7994255756646,2,0,4.421351184821908,47.02790537674629,4,8,0,2,1836.7607716294401
71,Two year,99.13589115202385,1,1,Bank transfer,1,0,39,Female,DSL,0,0,1,1,7038.648271793693,1,1,85.46561227627481,44.34218148992158,-25,14,0,2,3473.632294450281
15,One year,82.48418155456359,0,1,Credit card,0,0,37,Male,DSL,1,1,0,0,1237.262723318454,2,0,166.06100567306748,62.9017441709179,16,0,0,2,1689.1304177392142
44,Two year,82.3192295513056,1,1,Bank transfer,1,0,56,Male,Fiber optic,1,0,0,0,3622.046100257446,3,0,217.74626075748506,62.28285741185347,53,7,0,2,3092.9837107640005
41,Two year,67.04381885322378,1,1,Bank transfer,1,0,36,Female,Fiber optic,1,0,1,0,2748.796572982175,1,1,221.80598280517808,58.1855370639308,32,16,0,2,2997.4889402190975
14,Two year,84.96183657364656,0,1,Bank transfer,1,0,38,Female,DSL,1,1,0,0,1189.465712031052,5,3,32.2667399034716,76.30907467304154,80,3,1,2,2703.321211202324
28,One year,88.88731872748164,1,1,Bank transfer,0,0,33,Female,DSL,1,0,0,0,2488.844924369486,1,1,233.17436240552522,61.231204611123246,-18,30,0,2,1441.2444180591406
2,Month-to-month,50.58738337951216,0,0,Electronic check,0,0,38,Female,No,0,0,0,1,101.17476675902432,1,0,36.582919907172474,79.97241245407425,41,33,0,2,1273.8886394538843
22,Month-to-month,93.18658679656605,0,0,Electronic check,1,0,33,Female,Fiber optic,1,0,1,0,2050.104909524453,8,3,44.429758056080246,8.636479054347763,16,35,1,1,3048.484126482138
8,Month-to-month,61.362920031798915,0,1,Mailed check,0,0,57,Male,Fiber optic,1,0,0,0,490.9033602543913,1,0,77.76266604544028,59.0048403078753,37,30,0,2,1694.3561275619786
22,Month-to-month,77.94825470113153,0,0,Electronic check,1,1,74,Male,Fiber optic,1,0,1,1,1714.8616034248937,8,1,3.242159527223892,15.002743707534584,-78,38,1,1,1196.9856629062988
32,One year,79.82455620704977,1,1,Credit card,0,1,67,Female,Fiber optic,0,1,0,0,2554.3857986255925,3,0,125.25474226260971,68.8830471643233,-3,58,0,2,2063.2874257768344
44,Two year,79.53498515931756,1,1,Credit card,1,1,77,Male,DSL,0,0,0,0,3499.5393470099725,3,0,102.65130121474353,68.46757482333959,38,11,0,2,3091.143539260532
17,Month-to-month,104.38025504968965,0,0,Electronic check,1,1,68,Male,DSL,0,0,1,0,1774.464335844724,8,1,7.260280445945046,29.714345809094677,33,20,1,2,2391.182841961518
49,Two year,94.0736494749579,1,1,Bank transfer,1,1,68,Male,Fiber optic,0,0,0,0,4609.608824272937,2,0,14.657380527753851,72.69075464783745,100,4,0,2,3867.240189270834
5,One year,46.64751234811867,1,0,Electronic check,1,0,57,Male,Fiber optic,0,0,0,0,233.23756174059332,2,0,57.86433897530648,79.77445840465671,39,1,0,2,1276.9698206674998
7,Month-to-month,48.15945618581125,0,0,Mailed check,0,0,47,Male,Fiber optic,0,0,0,0,337.1161933006788,6,0,58.1678691997675,72.2776963643866,60,24,0,2,2252.7441913854095
64,Two year,78.78975051962735,1,1,Bank transfer,1,0,20,Female,Fiber optic,1,0,0,0,5042.54403325615,1,0,31.63245401102611,62.40773692714295,33,9,0,2,3498.7820566317887
13,One year,89.18882573815243,0,1,Credit card,1,0,43,Male,DSL,0,0,1,1,1159.4547345959816,0,0,73.68815966231718,76.7314554903466,100,72,0,2,2994.867944495502
18,One year,56.11983146712698,0,1,Mailed check,1,0,53,Male,DSL,0,0,0,1,1010.1569664082856,1,1,45.96867444932103,58.80549957954832,83,28,0,2,3064.169383190802
38,Two year,78.40649057953759,1,1,Bank transfer,1,1,74,Female,No,0,0,1,1,2979.4466420224285,2,3,50.96370164447989,42.38607463334154,44,2,0,1,3922.309093619659
31,Two year,63.236475427134984,1,0,Bank transfer,0,0,22,Female,Fiber optic,0,0,0,0,1960.3307382411845,2,1,80.78724639809897,54.852048351921695,26,10,0,2,2160.2305134207727
57,Two year,65.79860289519269,1,1,Bank transfer,1,0,19,Female,Fiber optic,0,1,0,0,3750.520365025983,3,0,21.63905272892692,51.966191130228694,13,18,0,2,3088.682347839486
63,Two year,81.70183213581691,1,1,Credit card,1,1,71,Female,Fiber optic,0,1,1,0,5147.215424556465,2,2,9.75467891902321,44.26767262390767,-39,1,0,1,2750.347304521182
13,Month-to-month,117.11305868292806,0,0,Electronic check,1,0,53,Male,DSL,1,1,1,1,1522.4697628780648,7,3,10.848287840716505,18.531671779224524,2,13,0,1,2223.281806530567
7,One year,73.13375814728629,1,1,Electronic check,0,0,32,Female,DSL,0,0,1,1,511.936307031004,5,0,41.264307432300946,59.761555826357224,40,15,1,2,1211.9912072019843
9,Month-to-month,35.8402053866976,0,0,Mailed check,1,0,56,Male,DSL,0,0,1,0,322.5618484802784,2,1,43.570812498660004,44.075907934903505,57,14,0,2,1207.7892208499916
11,Month-to-month,109.93065079617256,0,0,Electronic check,1,0,28,Male,No,0,0,1,1,1209.2371587578982,5,4,14.828586299510416,5.621435429475062,-23,73,1,0,2784.6224875945095
52,Two year,95.95603296024942,1,1,Bank transfer,1,0,30,Female,Fiber optic,0,0,0,1,4989.71371393297,1,0,122.68753306601353,70.3284876890918,64,24,0,2,4240.681033742295
60,Two year,93.43992255124837,1,1,Bank transfer,1,1,74,Male,No,0,0,1,0,5606.395353074902,0,1,51.302545000863134,52.50263718693898,11,5,0,2,3177.542007590183
22,Month-to-month,98.99916602260419,0,0,Electronic check,1,0,38,Male,Fiber optic,0,0,1,0,2177.981652497292,7,1,18.123172213369728,21.32482873000394,-60,40,1,1,1755.9590658422237
71,Two year,62.96963491953546,1,1,Bank transfer,1,1,72,Female,No,0,0,1,0,4470.844079287018,4,0,11.21266208822879,65.5588881111756,29,40,0,2,4224.292237183314
9,Month-to-month,37.46340063346236,0,0,Mailed check,1,0,51,Male,Fiber optic,0,0,0,1,337.17060570116126,1,0,164.96659255488012,49.78745906464404,38,4,0,2,1900.07482141842
69,Two year,78.5773294490217,1,1,Credit card,1,0,50,Male,Fiber optic,1,0,0,0,5421.835731982497,1,1,189.22586236805884,77.4201375981478,68,13,0,2,4454.149965642702
18,One year,67.16688111036248,0,1,Bank transfer,1,0,28,Female,DSL,0,0,1,1,1209.0038599865247,1,0,45.79253980464004,69.45642244018481,26,65,0,1,2997.2078033336147
24,Two year,66.42131705823508,0,0,Bank transfer,0,1,69,Female,DSL,1,0,1,1,1594.1116093976418,0,0,31.991121814999573,41.45482584524681,60,3,0,2,2688.6531903855075
9,Month-to-month,76.08633347258308,0,0,Electronic check,1,0,41,Male,DSL,0,1,1,0,684.7770012532477,2,0,41.705319157234676,56.284734665744494,35,8,0,2,1869.4633972303309
33,One year,68.21470934014255,1,0,Bank transfer,0,0,21,Female,DSL,0,1,1,0,2251.085408224704,2,0,3.1971525257720805,74.44619495142449,12,0,0,2,1919.9220745565315
9,Month-to-month,90.36232086310352,0,0,Electronic check,1,0,46,Female,Fiber optic,0,0,0,0,813.2608877679316,7,6,4.676641998130906,24.955953348688315,-18,10,1,0,2587.869697371701
59,Two year,83.73943051903738,1,1,Credit card,1,0,43,Female,Fiber optic,1,0,0,0,4940.626400623206,2,2,41.64360296911438,41.32493407406579,15,10,0,2,3397.8985502225037
36,Two year,79.13021178303694,1,1,Credit card,1,0,36,Male,No,1,0,1,1,2848.6876241893297,4,2,49.96996156781027,63.63611747175072,29,13,0,2,2394.7309229968896
17,One year,71.39515261870359,1,1,Credit card,0,0,18,Male,Fiber optic,0,1,1,0,1213.717594517961,1,1,9.04617683609211,64.44725489176068,28,5,0,2,2242.2472028452985
10,Month-to-month,91.70381970984597,0,0,Electronic check,1,0,52,Male,Fiber optic,1,1,0,0,917.0381970984597,13,2,2.0566793796749443,6.262876957132211,-4,7,1,1,2226.0366349205324
52,Two year,79.13039536780894,1,1,Bank transfer,1,0,19,Male,No,0,0,1,0,4114.780559126065,0,1,22.104793339336894,48.95323352827647,23,22,0,2,3457.6096803233386
60,Two year,77.85409404790569,1,1,Credit card,1,0,28,Male,No,1,0,1,1,4671.245642874342,3,0,55.483324447008386,53.59439435982804,10,1,0,2,3264.6034499363527
67,Two year,93.18350227461002,1,1,Credit card,1,0,37,Female,Fiber optic,1,1,0,0,6243.294652398871,3,0,4.112010189929174,77.28347427188129,10,22,0,2,3826.5412411520088
7,Month-to-month,49.057344101736774,1,0,Mailed check,1,0,35,Female,No,1,0,1,0,343.40140871215743,1,0,77.78051847064548,62.13125931501881,52,8,0,2,1607.376011037977
59,Two year,81.05113841352811,1,1,Credit card,1,0,40,Female,No,1,0,0,1,4782.017166398158,3,0,56.45048385708514,66.6015125639576,20,4,0,2,3380.9498257970768
4,One year,56.491694448103516,0,0,Mailed check,0,0,45,Female,Fiber optic,1,0,0,0,225.96677779241406,2,0,2.464377858023147,75.41838883994029,32,37,1,2,1181.341831714121
62,Two year,75.41503532189446,1,1,Credit card,1,0,58,Female,DSL,0,1,0,1,4675.732189957457,1,0,57.361903190149256,62.853238851453995,77,29,0,2,4696.502442104207
68,Two year,94.55846322940042,1,1,Bank transfer,1,0,35,Male,Fiber optic,1,0,0,0,6429.975499599228,1,3,137.34785087026654,57.5869664123249,-26,36,1,1,4186.762855707898
66,Two year,92.01419516093627,1,1,Credit card,1,0,27,Male,DSL,0,0,0,0,6072.9368806217935,2,0,20.611429806287404,67.5322500468283,49,8,0,2,3627.026236127914
35,Two year,52.553239681044545,0,0,Bank transfer,0,0,64,Female,No,1,1,0,0,1839.3633888365591,3,1,10.458198054351772,71.44629807115012,60,8,0,2,3227.6213084033034
18,Month-to-month,116.50134189440811,0,0,Electronic check,1,0,37,Female,Fiber optic,0,0,1,0,2097.024154099346,11,4,3.6393771774951262,11.887824622390156,14,2,1,1,2847.934068919083
58,Two year,80.404388499953,1,1,Credit card,1,0,48,Female,DSL,1,1,1,1,4663.454532997274,2,0,156.32091326610768,41.05651514613729,33,17,0,2,3496.273820029572
6,Month-to-month,114.54059471569016,0,0,Electronic check,1,0,56,Female,DSL,0,0,0,0,687.2435682941409,5,3,17.81129731786542,29.064607734294032,-7,26,1,1,2034.0710804526846
2,Month-to-month,78.92529834663449,1,0,Mailed check,0,0,57,Male,Fiber optic,0,0,0,0,157.85059669326898,3,0,184.7253370841955,44.58630585274084,94,5,0,2,2369.6122169859646
64,Two year,70.66700786647911,1,1,Bank transfer,1,0,62,Female,Fiber optic,0,0,0,0,4522.688503454663,3,2,17.37044769420043,60.33734110590466,14,18,0,1,4151.114231943573
36,Two year,80.08614439847948,1,1,Credit card,1,0,47,Male,Fiber optic,0,0,0,1,2883.1011983452613,2,3,31.178652474429903,44.493951086941514,28,14,1,1,3109.7509160176955
62,Two year,63.45698443050186,1,1,Bank transfer,1,0,27,Female,Fiber optic,1,0,0,1,3934.3330346911152,3,1,129.03204164564582,60.126075966492046,53,2,0,2,3643.9882548561663
1,Month-to-month,42.612641692758515,0,0,Electronic check,0,0,55,Male,Fiber optic,0,1,0,1,42.612641692758515,4,0,47.46650830279264,59.39629002079616,32,2,0,2,982.3718636306236
14,Month-to-month,105.57564501559092,0,0,Electronic check,1,1,67,Female,DSL,0,0,0,1,1478.059030218273,6,2,25.545078815629765,19.352154479968434,-21,40,1,1,2066.214801702524
44,Two year,95.29837761824399,1,1,Credit card,1,0,41,Female,Fiber optic,1,1,0,1,4193.128615202735,3,0,28.10596846702353,50.56206305403464,65,9,0,2,3698.4484407549016
18,One year,78.62278541892289,0,1,Mailed check,1,0,44,Female,Fiber optic,0,0,0,1,1415.2101375406119,2,0,43.066640225673694,77.23677508179718,71,17,0,2,2739.2135616626056
32,Two year,75.77912103919533,0,1,Bank transfer,0,1,72,Male,Fiber optic,0,0,0,0,2424.9318732542506,1,0,38.01377233035372,60.2453940546352,74,4,0,2,3752.05711421482
22,Month-to-month,99.46691889752739,0,0,Electronic check,1,0,44,Female,No,1,0,0,0,2188.272215745603,9,6,4.912054366145301,19.485190842501325,-36,49,1,0,3263.7624785591915
47,Two year,83.77163002247099,1,1,Bank transfer,1,1,79,Female,DSL,0,1,0,0,3937.2666110561363,1,1,223.5381375626956,43.590985873446265,57,23,0,2,3189.058683900272
10,Month-to-month,36.15260617951625,0,1,Mailed check,0,0,54,Female,DSL,0,0,0,1,361.5260617951625,3,0,15.451908639196851,60.683170158960884,43,18,0,2,1840.044172840366
19,Two year,65.78211113574581,1,1,Credit card,0,0,55,Male,No,0,0,0,1,1249.8601115791703,0,1,23.185591389477874,45.7178162546975,21,9,0,2,1835.6464854859066
12,One year,67.81116467348978,1,1,Bank transfer,1,0,58,Male,DSL,1,1,0,0,813.7339760818775,1,2,18.98743144322054,72.5759925253711,61,10,1,2,2100.992524095031
11,Month-to-month,45.48159050014229,1,1,Mailed check,0,1,78,Female,DSL,0,1,0,0,500.2974955015652,2,0,56.94333864326647,61.444349185341935,54,8,0,2,1575.6914048116732
13,One year,69.33876257293404,1,1,Bank transfer,0,1,72,Male,Fiber optic,0,0,1,1,901.4039134481426,1,0,9.538026190416357,55.03053241455224,84,4,0,2,2604.4873207222463
9,Month-to-month,55.203503987421215,0,1,Electronic check,1,0,20,Female,Fiber optic,0,1,0,0,496.8315358867909,0,1,1.3064167092022874,60.008550634467866,31,6,0,2,1322.6368373681446
43,Two year,69.38613767103398,1,1,Credit card,1,0,58,Female,DSL,1,0,0,1,2983.603919854461,1,1,38.566052927169935,63.62216409166571,60,22,0,2,3698.949351985046
2,Month-to-month,30.267449434711143,0,1,Mailed check,1,0,40,Female,DSL,1,0,0,0,60.534898869422285,1,0,67.65813312126951,79.51413425306924,-38,12,0,2,144.3431578855213
60,Two year,98.96658514512063,1,1,Credit card,1,0,46,Male,DSL,0,0,1,1,5937.995108707238,0,0,121.13832043374332,61.75450290960532,93,3,0,2,4871.547353908086
2,Month-to-month,40.39119207294179,0,0,Mailed check,0,0,26,Female,Fiber optic,0,0,1,1,80.78238414588358,0,1,138.8150664282555,43.127431994846596,3,16,0,2,1101.4274663508947
3,One year,63.11859299563768,1,0,Electronic check,0,0,64,Male,DSL,0,1,0,0,189.35577898691304,2,1,0.09584625868339836,71.12022165621072,25,7,0,2,1162.5670800723901
54,Two year,69.01755021854775,1,1,Bank transfer,1,0,22,Male,DSL,0,0,1,1,3726.947711801579,0,0,78.29740907143395,41.34889956329866,31,1,0,2,3644.0894117034695
17,Month-to-month,77.70780248126707,0,0,Electronic check,1,1,67,Female,Fiber optic,1,1,0,0,1321.03264218154,5,3,6.228192858026576,29.27982828528211,-34,34,1,1,1958.3165255978547
5,Month-to-month,36.013548156430346,1,0,Mailed check,1,0,22,Male,DSL,0,1,0,0,180.06774078215173,0,1,106.95594748769281,71.44115292559165,61,0,0,2,1327.7918260958706
11,Month-to-month,39.68585253881489,1,1,Mailed check,0,0,58,Female,Fiber optic,1,1,0,1,436.5443779269638,3,0,109.94043915051319,62.540990281810544,38,8,1,2,1422.4692779395077
30,One year,67.07365637475912,1,0,Credit card,1,1,76,Male,DSL,0,0,0,0,2012.2096912427737,3,0,123.99386346546662,55.267768499199505,-3,2,0,2,1322.6954529610352
4,Month-to-month,76.05347431497907,0,1,Mailed check,1,0,53,Male,Fiber optic,0,1,0,1,304.2138972599163,3,0,24.565139437762625,53.9856955173233,14,8,0,2,1403.1331531899777
11,Month-to-month,62.1416695407869,0,0,Mailed check,0,0,59,Male,No,0,0,1,0,683.5583649486559,3,0,153.24543499915845,40.48530463862916,51,0,0,2,2382.837493158281
71,Two year,92.42743711945064,1,1,Credit card,1,0,30,Female,DSL,0,0,1,0,6562.348035480995,3,1,82.50610209025189,55.32942026841401,2,8,0,2,3251.716558862873
5,Month-to-month,54.74913973562305,1,0,Electronic check,1,0,64,Male,DSL,0,0,1,1,273.7456986781152,1,1,29.010889947036695,56.38781890302424,64,8,1,2,2059.0084113032926
66,Two year,73.59075308604471,1,1,Credit card,1,0,29,Female,DSL,1,0,0,0,4856.989703678951,1,1,31.32352177226319,51.82101475227533,2,33,0,2,3568.424616778768
20,One year,75.42604284635755,0,1,Mailed check,1,0,23,Male,Fiber optic,0,0,0,0,1508.5208569271508,2,0,16.10045292634688,61.47598428032175,20,29,0,2,2259.0668647918906
28,Two year,52.51905760586643,1,1,Bank transfer,1,0,50,Male,Fiber optic,1,0,0,0,1470.53361296426,0,1,8.265209927258045,64.49150792560965,29,23,0,2,2411.5753286446784
40,Two year,75.01039617770665,1,1,Bank transfer,1,0,30,Female,Fiber optic,0,0,0,0,3000.415847108266,2,0,33.26905106911661,50.69090098359294,73,11,0,2,3678.2588722174623
27,One year,67.13002801039613,1,1,Mailed check,1,0,62,Male,No,0,0,1,0,1812.5107562806957,3,0,106.61442256084732,61.21531818822071,23,9,0,2,2186.1129244400736
14,One year,64.28264555013224,1,0,Credit card,0,0,37,Female,Fiber optic,0,1,0,0,899.9570377018514,0,1,39.82140826730591,55.12735409753982,40,5,0,2,1880.0665227551156
17,Two year,54.29885615874725,0,1,Credit card,1,0,55,Male,Fiber optic,0,0,1,0,923.0805546987033,2,1,20.30518294456148,51.36252405093397,48,2,0,2,1651.8292623117204
9,Month-to-month,36.35167879866159,0,0,Mailed check,1,0,36,Male,Fiber optic,0,0,1,0,327.1651091879543,1,0,22.20283626963278,71.33844678361615,24,21,0,2,980.4781334845813
24,Two year,50.88556651768584,1,1,Credit card,0,0,31,Female,DSL,1,1,0,1,1221.25359642446,4,1,43.49363115659761,48.422861745068786,71,15,0,2,2292.6266545849485
63,Two year,69.3020543346152,1,1,Credit card,1,0,21,Male,Fiber optic,0,0,0,0,4366.029423080758,0,1,44.01634773534309,46.05495385594018,25,4,0,2,3456.3987076469643
39,Two year,85.31625322713737,1,1,Credit card,1,0,42,Female,DSL,0,0,0,1,3327.3338758583573,2,1,17.13505521484903,73.65858760638528,49,5,0,2,3032.8066457766213
2,Month-to-month,60.200249886975,0,0,Electronic check,0,0,30,Male,Fiber optic,0,0,0,0,120.40049977395,0,0,36.14670038885851,71.5738312757399,36,1,0,2,1744.6385551053527
9,Month-to-month,82.59541326837108,0,0,Electronic check,1,0,36,Female,Fiber optic,0,1,0,0,743.3587194153397,7,6,38.928942195858845,29.645943997806466,-86,53,1,0,1543.0102999982712
1,One year,57.72445571605854,0,0,Mailed check,0,1,79,Male,No,0,0,1,0,57.72445571605854,1,0,28.07391260985567,48.402496306405226,100,6,0,2,2164.3217828501265
30,Two year,87.1258088358257,0,1,Bank transfer,0,0,38,Female,DSL,1,1,0,0,2613.774265074771,4,0,6.291597353363779,76.91281794483373,47,19,0,2,2667.63333766699
16,Month-to-month,100.88702503124989,0,0,Electronic check,1,0,21,Male,No,0,0,0,0,1614.1924004999983,6,0,12.457781166830653,26.65650333070916,28,59,1,2,1744.2765637817265
7,Month-to-month,33.757147658879326,1,0,Mailed check,1,0,35,Male,Fiber optic,0,0,0,1,236.3000336121553,0,1,103.05232251869853,75.4855913713888,34,39,1,2,1629.6497025729047
18,Month-to-month,79.32027070340555,0,0,Electronic check,1,0,21,Male,Fiber optic,0,1,0,1,1427.7648726613,10,2,5.382500338851538,27.795777888261586,-61,92,1,1,1552.7635208810605
6,Month-to-month,45.862760822485,1,0,Mailed check,0,0,37,Female,Fiber optic,1,1,1,1,275.17656493491,1,0,33.403801524947795,63.70072218703747,21,4,1,2,1217.6621918683877
7,Month-to-month,78.19088305940903,0,1,Mailed check,0,0,42,Male,Fiber optic,0,0,0,0,547.3361814158632,1,2,63.45643980251869,67.44839425545285,62,46,0,2,2439.3980539065265
5,One year,62.68889614780782,0,0,Electronic check,1,0,42,Male,Fiber optic,0,0,1,1,313.4444807390391,4,0,115.50145316651415,41.455625440532216,-71,22,1,2,100.0
18,Month-to-month,117.67867687061486,0,0,Electronic check,1,0,26,Male,Fiber optic,0,0,0,0,2118.2161836710675,13,6,34.31299705751232,5.941820211735172,16,12,1,1,2845.2701465836635
5,Month-to-month,44.49936963220709,1,0,Electronic check,1,0,44,Female,Fiber optic,1,0,0,0,222.49684816103547,1,0,62.27876156792969,68.86864747149184,32,4,0,2,1444.8339835683507
13,Month-to-month,71.09033965621978,0,0,Electronic check,1,1,78,Female,DSL,1,0,0,0,924.1744155308572,9,0,10.326925911967688,29.821924765307468,0,72,0,1,1584.1313142059655
30,One year,62.786778849383595,0,1,Mailed check,1,0,34,Female,Fiber optic,0,0,1,1,1883.6033654815078,2,0,138.8115486122116,54.15867045237694,27,6,0,2,1998.4972775479662
49,Two year,61.69166996890725,1,1,Credit card,1,0,26,Male,Fiber optic,1,0,1,0,3022.891828476455,2,1,43.110658554555314,70.40809179849632,32,11,0,2,2888.695731494608
17,One year,65.20423994863216,1,1,Mailed check,1,0,59,Female,Fiber optic,0,1,0,0,1108.4720791267468,0,0,157.8667420041119,77.52768813747926,49,0,0,2,2359.28406989862
23,One year,51.89393618986277,1,1,Credit card,1,1,79,Female,Fiber optic,0,0,1,0,1193.5605323668437,3,0,57.14962653171989,51.51164796062652,87,11,0,2,2522.9928883839475
26,One year,73.13791023410786,0,1,Mailed check,0,0,46,Female,Fiber optic,1,0,1,1,1901.5856660868044,2,0,60.19218987997913,67.11404725584256,38,10,0,2,2273.8502694424374
6,Month-to-month,52.581949775941894,0,0,Mailed check,1,0,57,Male,No,0,0,1,1,315.49169865565136,3,0,51.84622701445802,60.58857842057305,71,9,0,2,1435.4926385592544
9,One year,74.48437062858325,0,0,Mailed check,0,0,27,Female,Fiber optic,1,1,1,1,670.3593356572493,1,0,1.048637767149339,48.409015646987555,1,31,1,2,1485.2991615012409
27,One year,56.70811103958908,1,1,Credit card,0,0,32,Female,DSL,0,0,1,1,1531.118998068905,3,0,37.42245690986832,59.40635179250862,58,5,0,2,2411.0676333761044
11,Month-to-month,39.456934816337004,0,1,Mailed check,0,0,32,Female,No,0,0,1,0,434.02628297970705,1,1,13.067721375804746,52.705812988889505,54,1,1,2,1894.3236544789418
70,Two year,89.44801700243048,1,1,Bank transfer,1,0,43,Male,Fiber optic,1,1,1,0,6261.361190170133,6,3,24.899352597105107,63.786215191048626,30,5,0,1,4567.432755090797
20,One year,88.83968594095256,0,1,Bank transfer,0,0,58,Female,No,0,1,0,1,1776.7937188190513,2,1,27.019518584327805,68.43156494623926,-13,3,0,2,1421.1794367440898
11,One year,74.24633734224832,0,0,Electronic check,0,0,60,Male,DSL,0,0,0,0,816.7097107647315,1,1,7.674037119326765,58.62026098883321,31,8,0,2,1545.1110792537397
2,Month-to-month,48.680282976702955,0,0,Mailed check,0,0,60,Male,DSL,0,1,1,0,97.36056595340591,2,0,76.70297235940225,64.76710697941388,48,18,0,2,957.622523645103
14,Two year,70.99561131020602,1,1,Bank transfer,1,1,70,Male,Fiber optic,0,0,1,0,993.9385583428842,2,0,167.9136694488056,72.05677103535774,31,29,0,2,1763.689708618765
10,One year,64.67549185231601,1,1,Electronic check,1,0,25,Female,Fiber optic,1,0,1,0,646.7549185231601,2,2,173.89801495465514,57.71825135693301,79,26,0,2,2349.385505094642
12,One year,50.724377491518226,1,0,Credit card,0,0,44,Male,DSL,1,1,0,0,608.6925298982187,2,0,34.33419877123053,62.8905031615066,49,2,0,2,2163.3068653230903
13,Month-to-month,70.60687291576002,0,0,Electronic check,1,0,47,Female,No,1,0,1,0,917.8893479048803,7,5,8.484996145947607,7.4501892563900896,-44,95,1,0,2544.662043171436
58,Two year,87.23023571841942,1,1,Bank transfer,1,0,45,Male,DSL,0,0,0,0,5059.353671668327,3,0,73.37635443247902,48.77284308948218,40,1,0,2,3751.8109527816787
28,One year,75.70984138534452,0,1,Bank transfer,1,0,23,Female,Fiber optic,0,0,0,0,2119.8755587896467,2,0,34.97035762692147,52.13192738815103,54,17,0,2,2784.0570374708595
64,Two year,78.02388075932535,1,1,Bank transfer,1,0,23,Male,DSL,1,1,0,0,4993.5283685968225,4,1,36.49327836198221,50.333111978736724,62,8,0,2,4266.747596879395
46,Two year,98.93829559904692,1,1,Bank transfer,1,1,71,Female,DSL,0,1,0,1,4551.161597556158,1,0,5.930437257406879,51.802819166170096,6,10,0,1,3748.804806810262
21,Month-to-month,102.08685224070116,0,0,Electronic check,1,1,67,Female,DSL,0,0,0,0,2143.8238970547245,10,0,3.1731616791795814,7.327204430636806,-44,1,1,1,2182.633891387259
4,Month-to-month,62.541397524466404,0,0,Mailed check,1,0,39,Female,No,1,0,1,1,250.16559009786562,2,0,23.87402930322797,42.22900539587002,46,12,0,2,1498.34866525653
21,Month-to-month,100.43652412924243,0,0,Electronic check,1,0,58,Female,No,0,0,1,0,2109.167006714091,7,3,0.19398881735323337,8.53972704509192,-1,171,1,0,3466.0559210553884
37,Two year,86.5048511603328,1,1,Credit card,1,0,49,Female,Fiber optic,0,0,1,1,3200.6794929323137,1,1,183.36699413880538,72.82959373482649,6,24,0,2,1996.3960396316636
51,Two year,89.84829029927354,1,1,Credit card,1,0,38,Female,Fiber optic,1,1,1,0,4582.262805262951,1,2,73.19275735321956,55.741845988325736,46,19,0,2,3722.4862994638233
37,Two year,61.005678331090905,1,1,Bank transfer,1,0,44,Male,No,0,0,0,1,2257.2100982503634,0,0,1.7993440349504666,51.02629911750999,51,0,0,2,2918.8008246683403
34,Two year,64.01270103489314,0,0,Bank transfer,0,0,43,Male,Fiber optic,0,0,1,0,2176.4318351863667,3,0,14.445634470461414,48.54012832336575,-21,3,0,2,2001.3493571222623
69,Two year,95.37697102007908,1,1,Bank transfer,1,0,42,Female,Fiber optic,0,0,0,1,6581.011000385457,3,0,15.97841811698856,70.187461319127,73,32,0,2,4124.39686598392
42,Two year,65.19719698142805,1,1,Bank transfer,1,0,26,Male,No,0,0,1,1,2738.282273219978,0,1,24.123164060950657,46.2951738369791,85,7,0,2,3597.016272504286
3,One year,78.68712910192468,0,0,Electronic check,0,0,39,Male,No,0,0,1,0,236.06138730577405,1,1,19.449857467219893,57.47906308953631,29,5,1,2,1827.382501469554
55,Two year,63.81046031818505,1,1,Bank transfer,1,0,50,Male,Fiber optic,1,0,1,0,3509.575317500178,3,1,114.59909542423917,55.83829879487813,35,23,0,2,3377.899379548492
36,Two year,66.608157573514,1,1,Bank transfer,1,0,22,Male,DSL,0,0,0,0,2397.8936726465045,4,1,25.689620660363005,51.34442159349514,55,13,0,2,3279.0779231518677
23,Month-to-month,92.2659809111876,0,0,Electronic check,1,0,21,Male,No,0,0,0,1,2122.1175609573147,13,5,52.234342986602826,23.4779920176715,17,194,1,0,3937.767557725689
69,Two year,98.16132510340162,1,1,Credit card,1,0,63,Male,No,1,0,0,1,6773.131432134712,5,0,27.902198792409397,44.586759473247966,31,19,0,2,4597.065196200452
29,Two year,89.67825483212607,0,0,Credit card,0,0,20,Male,Fiber optic,1,0,1,0,2600.669390131656,2,1,40.683684771551015,78.21678348382522,53,3,0,2,2576.8759114816803
32,Two year,67.79866626940354,1,1,Bank transfer,0,0,37,Male,No,0,1,0,1,2169.5573206209133,0,1,12.875906233193849,52.374622964365955,45,4,0,2,2882.585126896972
60,Two year,97.22427219386148,1,1,Credit card,1,0,42,Female,Fiber optic,1,1,0,0,5833.456331631689,4,0,6.157464688793309,71.51132081468963,93,17,0,2,4635.7286037272
17,Month-to-month,98.52764274749862,0,0,Electronic check,1,0,62,Male,DSL,1,1,0,0,1674.9699267074766,8,4,15.473532694362998,24.90211833558019,-17,7,0,1,2790.446688679629
11,Month-to-month,54.3733917731987,0,0,Mailed check,0,0,30,Female,DSL,0,0,0,0,598.1073095051856,2,0,11.825455978951544,65.93491434764923,36,11,0,2,1611.458639739583
42,Two year,72.48592226785789,1,1,Bank transfer,1,0,53,Female,DSL,0,0,0,1,3044.4087352500314,2,0,0.17116533091258138,77.0420206383229,16,11,0,2,2661.811742588547
53,Two year,69.83229757224612,1,1,Bank transfer,1,0,33,Female,No,0,0,0,0,3701.111771329044,2,1,23.73659716257565,41.06475301028454,95,35,0,2,4713.175209760995
31,Two year,50.88882558079754,1,0,Bank transfer,0,0,18,Male,No,0,0,0,1,1577.5535930047236,1,2,34.675953080879154,47.147091678203225,18,7,0,2,2788.0789297546135
40,Two year,88.61963628397098,1,1,Bank transfer,1,0,37,Female,DSL,0,1,1,0,3544.785451358839,5,0,64.41591096350352,73.8094860392346,32,1,0,2,3199.851050370857
55,Two year,78.19675558030349,1,1,Credit card,1,0,20,Female,Fiber optic,0,0,0,1,4300.821556916691,2,0,93.588437677645,72.97844000476252,16,7,0,2,3247.9119174673174
9,Month-to-month,74.99684532843098,0,0,Electronic check,1,1,69,Female,DSL,0,0,1,0,674.9716079558788,10,2,16.276666145358142,19.67477472525689,-6,7,1,1,2285.400348271741
13,Month-to-month,71.754380560815,0,0,Electronic check,1,1,65,Female,Fiber optic,0,0,0,0,932.806947290595,6,2,27.96660299236303,22.606119375827756,7,31,1,1,1738.5766297248194
23,One year,67.0737115558249,1,1,Credit card,0,0,59,Female,No,0,0,0,0,1542.6953657839726,2,0,102.68368764915195,69.28851481035774,66,2,0,2,2762.3854641651187
29,Two year,88.55235878483998,0,1,Mailed check,1,0,18,Female,Fiber optic,0,1,0,0,2568.0184047603593,2,1,5.468744120318577,70.83629505131913,28,1,0,1,2697.5804819648665
10,Month-to-month,37.49313994432758,1,0,Mailed check,1,0,21,Female,DSL,0,1,0,0,374.93139944327584,4,0,20.727905788126936,51.76028473598883,30,8,0,2,1673.7364353105415
17,Two year,62.793436931678684,0,0,Bank transfer,0,0,27,Female,Fiber optic,0,0,0,0,1067.4884278385375,2,0,30.237089838903437,73.93467068724738,78,22,0,2,1936.3458635425152
30,One year,82.05249059421891,0,0,Bank transfer,0,0,21,Female,Fiber optic,0,1,1,1,2461.5747178265674,2,1,24.631431583098216,68.12298681168308,55,15,0,2,2850.31505358596
3,Month-to-month,50.13927670232475,1,0,Electronic check,1,1,73,Male,Fiber optic,0,0,0,0,150.41783010697424,1,0,13.404828122285265,67.44441735287431,-21,2,0,2,540.6695573392055
67,Two year,65.5646339556435,1,1,Credit card,1,0,60,Female,Fiber optic,1,0,1,0,4392.830475028115,2,0,104.84566296449988,71.22068975985454,55,52,0,2,4327.496133612466
62,Two year,71.64576991140716,1,1,Credit card,1,0,25,Male,Fiber optic,1,0,0,0,4442.037734507244,4,0,137.15900030804008,79.98191214224617,42,22,0,2,4141.05719902612
11,One year,68.48861536927927,0,0,Mailed check,0,0,52,Female,Fiber optic,1,1,1,0,753.374769062072,2,0,19.212256689460062,74.435737750314,35,13,0,2,1979.854207951529
63,Two year,61.16285521375815,1,1,Bank transfer,1,1,70,Male,Fiber optic,0,1,0,1,3853.2598784667634,3,1,190.6666453896371,64.34734060910334,40,19,0,2,3976.7126515007053
14,Two year,80.04920755632328,1,0,Bank transfer,1,0,34,Male,Fiber optic,1,1,1,1,1120.688905788526,2,0,3.927681606208813,67.29448309618095,30,28,0,2,1752.9026208967916
11,Month-to-month,104.22245242315987,0,0,Electronic check,1,1,70,Female,Fiber optic,0,1,1,0,1146.4469766547586,5,2,10.675788709852876,16.42157774366511,26,31,1,1,3064.06046568367
4,One year,48.9012474717201,1,0,Electronic check,1,0,43,Male,No,0,1,0,1,195.6049898868804,2,0,71.4677393425665,76.94302270613339,59,1,0,2,1800.6755418487294
64,Two year,73.21632015503096,1,1,Credit card,1,0,39,Male,DSL,0,1,0,0,4685.844489921981,2,1,142.80146235428558,74.46821352057499,42,0,0,2,4005.323068527195
22,One year,76.21862805905718,1,0,Credit card,1,0,46,Male,DSL,0,1,0,0,1676.809817299258,0,1,92.12623382537845,50.26351047155071,-10,64,0,2,1395.4676127484838
48,Two year,99.53663957648305,1,1,Bank transfer,1,0,44,Male,No,0,0,1,1,4777.758699671187,0,0,75.96809881641117,77.04853440342785,39,5,0,2,3719.0008015230396
54,Two year,96.5694606380588,1,1,Bank transfer,1,0,48,Female,DSL,1,0,0,0,5214.750874455175,3,2,51.744547949175114,58.14974867389729,17,11,0,1,3886.025520514473
43,Two year,93.84981168076197,1,1,Bank transfer,1,1,78,Female,Fiber optic,0,1,0,1,4035.5419022727647,3,0,19.076564325083076,75.05123732347538,69,15,0,2,3866.6237494868874
3,Month-to-month,66.01339619736979,0,0,Electronic check,1,0,47,Male,DSL,0,0,1,1,198.04018859210936,0,1,83.25131990200113,42.85339663660209,-3,20,1,2,1096.5894761412565
16,Month-to-month,93.85333747836363,0,0,Electronic check,1,1,71,Female,Fiber optic,0,0,0,1,1501.653399653818,7,4,2.0916224406839157,21.120929198895297,-6,34,1,1,1687.8086260920368
10,Month-to-month,71.60812268645591,0,0,Mailed check,0,0,46,Male,No,0,0,0,0,716.0812268645591,4,2,116.14752731088046,48.86098627785751,63,8,1,2,2098.4663487362927
40,Two year,94.96906896553406,1,1,Bank transfer,1,0,28,Male,No,0,1,0,1,3798.7627586213625,2,0,8.504260920366043,73.4303021553159,68,35,0,2,2910.09158075473
2,One year,73.66271783458363,0,1,Electronic check,1,0,25,Male,DSL,1,0,1,0,147.32543566916726,3,0,34.516599118462246,56.032693826282696,90,4,0,2,2092.085065052413
10,Month-to-month,48.86259928578477,0,1,Mailed check,0,0,28,Male,Fiber optic,0,0,0,0,488.6259928578477,0,1,123.9735574208273,65.55073663066138,6,6,0,2,1019.1959687098838
17,Month-to-month,116.693351992566,0,0,Electronic check,1,0,51,Male,No,0,0,1,0,1983.786983873622,6,2,0.5617611787166373,18.086340353724985,-69,4,1,1,1547.209381004857
1,Month-to-month,55.92464874711202,0,1,Mailed check,0,0,40,Female,Fiber optic,0,1,0,1,55.92464874711202,3,0,5.1871262924412065,48.20236106961126,48,1,1,2,1407.4640340951153
4,One year,35.64290723563811,1,0,Mailed check,1,0,22,Male,Fiber optic,0,0,1,1,142.57162894255245,2,1,61.39289145609057,71.48901190556559,87,22,0,2,1780.4230254446943
6,Month-to-month,33.61146741362389,0,1,Mailed check,0,0,64,Female,DSL,0,1,1,0,201.66880448174334,1,0,45.3937550131963,67.80607158356582,-8,40,0,2,503.5038280536648
53,Two year,60.49238812064302,1,1,Credit card,1,0,22,Female,Fiber optic,0,0,0,0,3206.09657039408,2,1,32.87977008970927,75.24647831072923,70,36,0,2,3839.718451287746
21,One year,81.41780123408958,0,0,Credit card,1,0,18,Female,Fiber optic,1,1,0,1,1709.7738259158812,3,1,58.13242721654235,73.0719492370392,61,12,0,2,2708.837156140962
5,Month-to-month,32.6788279803704,0,0,Electronic check,1,0,58,Male,No,1,1,0,0,163.394139901852,2,0,0.38876209521039995,40.22848363164337,23,13,1,2,706.7354218636993
1,Month-to-month,38.55512392067009,1,0,Electronic check,0,0,18,Female,No,1,0,1,0,38.55512392067009,1,0,5.574224532343622,62.55301768367255,45,1,1,2,1241.7704910032628
12,Month-to-month,97.31239838014443,0,0,Electronic check,1,0,51,Male,DSL,0,0,0,0,1167.7487805617332,7,2,3.817534856990761,9.766680303851274,-72,80,1,1,1518.610314163209
25,One year,81.89679885155303,0,0,Mailed check,1,0,19,Female,Fiber optic,1,1,0,1,2047.4199712888258,1,0,119.95939200180031,55.95523326648707,21,0,0,2,1966.5644365682483
45,Two year,65.83026272979006,1,1,Credit card,1,0,42,Male,DSL,0,1,0,0,2962.361822840553,3,0,12.512500046686252,50.3458438993542,5,1,0,2,2747.7324381882354
11,One year,55.00989677613926,1,1,Mailed check,1,1,76,Female,Fiber optic,0,1,0,0,605.1088645375319,1,0,10.779026217682295,52.42122352009723,18,1,1,2,1341.6584023957007
2,Month-to-month,45.97947131299992,0,1,Mailed check,1,0,47,Female,Fiber optic,0,0,1,0,91.95894262599984,4,0,36.42411943423965,74.61494255929192,25,12,1,2,918.3884647587771
1,Month-to-month,65.25316421026895,0,1,Electronic check,1,0,59,Female,DSL,0,1,0,1,65.25316421026895,2,0,24.73277174061644,71.93194537122963,19,17,0,2,1023.2719104196543
4,One year,78.47196878379393,0,1,Electronic check,0,0,46,Male,DSL,0,1,0,0,313.8878751351757,2,1,161.00564993522033,55.38632302396956,-1,22,0,2,946.4141760935448
9,Month-to-month,90.74239849049115,0,0,Electronic check,1,0,38,Male,No,0,1,1,0,816.6815864144204,8,1,76.97061183403866,22.866832903712428,-24,172,1,1,1922.242260400596
23,One year,78.51623161459351,0,0,Mailed check,0,0,34,Female,Fiber optic,1,1,0,1,1805.8733271356507,1,1,214.58713783227557,62.327644042649524,32,1,0,2,2513.475067400378
14,One year,59.40680956498447,1,1,Bank transfer,0,0,32,Male,Fiber optic,0,0,1,1,831.6953339097826,4,1,59.84473076471995,60.975182059277984,70,7,0,2,2758.7609176182755
68,Two year,61.24462399669431,1,1,Bank transfer,1,0,28,Male,DSL,0,0,0,0,4164.634431775213,3,0,84.16963561401568,45.996295482072526,56,7,0,2,4118.415804604421
23,One year,51.741863113735015,1,0,Credit card,0,1,70,Female,Fiber optic,1,0,1,0,1190.0628516159054,3,1,4.888261045096612,76.77944496464994,100,66,0,2,2647.603627073709
6,Month-to-month,90.02946786599055,0,0,Electronic check,1,0,59,Male,No,0,0,1,1,540.1768071959433,6,4,2.4041210070030177,21.002780759944372,-23,32,1,1,1684.461233890944
18,Month-to-month,93.02545799540894,0,0,Electronic check,1,0,19,Female,DSL,0,0,0,0,1674.458243917361,3,3,9.258274866553446,12.988514760299134,-16,134,1,1,2349.4643143750204
38,Two year,86.86569126184119,1,1,Bank transfer,1,0,29,Male,Fiber optic,1,0,1,0,3300.8962679499655,1,0,43.10268733941527,41.021659832135114,60,4,0,2,2881.7618131357362
7,Month-to-month,92.58183423416118,0,0,Electronic check,1,1,79,Female,Fiber optic,0,0,0,1,648.0728396391282,7,3,2.8276253181416537,5.0529499488268135,-20,2,1,1,2087.5433442470617
15,Two year,76.61051697289841,1,1,Credit card,1,0,52,Male,DSL,0,0,0,1,1149.157754593476,2,1,1.704040397643407,72.4073616902353,75,28,0,2,2690.38015218419
47,Two year,92.98139232348129,1,1,Bank transfer,1,0,46,Female,Fiber optic,0,0,0,0,4370.125439203621,2,0,105.21730025397713,70.3813089186073,90,25,0,2,4017.7507273194906
24,Two year,59.87246980616145,1,1,Bank transfer,0,0,47,Male,DSL,1,0,1,1,1436.9392753478746,1,1,28.26065157399061,69.52931457600558,44,3,0,2,2290.0761949579846
10,Month-to-month,55.62881079621059,1,0,Mailed check,0,0,47,Male,DSL,0,0,0,0,556.2881079621059,0,0,41.923149026791876,58.20437506063189,70,4,0,2,2160.5716520543497
7,One year,73.08124750419893,1,1,Mailed check,1,1,75,Male,Fiber optic,1,1,0,0,511.5687325293925,0,0,5.306422018022312,69.26972795767415,6,5,0,2,1435.687220060965
48,Two year,89.30540938803331,1,1,Credit card,1,0,30,Male,DSL,0,0,1,0,4286.659650625599,5,1,118.25516282473542,77.75697727160076,77,8,0,2,4227.154566329247
11,Month-to-month,53.39297313170799,0,1,Mailed check,1,0,44,Male,No,1,1,0,0,587.3227044487879,2,0,47.681379326540515,43.20485730493916,24,19,0,2,1522.8473525350805
18,One year,53.60031761783755,0,1,Credit card,0,0,64,Male,DSL,0,0,0,0,964.8057171210759,0,0,62.307351378584926,73.9870727838005,78,13,0,2,2532.7950075434046
9,Month-to-month,71.9704018804636,0,0,Mailed check,0,0,44,Male,No,0,0,1,0,647.7336169241723,1,1,36.414889754705555,48.27592442192919,14,30,0,2,1510.002402944106
9,One year,63.51269880221796,0,0,Mailed check,0,0,48,Male,No,0,1,0,1,571.6142892199616,2,1,14.508414163232425,45.21308927210707,27,7,0,2,1142.5930846611318
69,Two year,74.99214271127185,1,1,Bank transfer,1,0,58,Female,Fiber optic,1,0,0,0,5174.457847077758,1,0,35.25517399216166,67.78762656865169,15,20,0,2,3334.698432102641
59,Two year,61.175777830260294,1,1,Bank transfer,1,0,42,Male,DSL,0,0,0,1,3609.3708919853575,4,1,8.475245770523873,51.580605582489255,42,28,0,1,4240.5081956067825
10,Month-to-month,78.84316060469578,0,0,Electronic check,1,1,65,Female,DSL,1,0,0,1,788.4316060469578,7,3,14.092086972175142,16.611724012392525,-39,89,1,1,1652.9438084028907
49,Two year,65.02897075968905,1,1,Bank transfer,1,1,72,Female,DSL,1,1,0,0,3186.4195672247633,4,1,93.967933150728,74.36890235547419,39,17,0,2,3287.635398267356
9,Month-to-month,75.42491725352193,0,0,Electronic check,1,0,20,Female,Fiber optic,1,0,1,1,678.8242552816973,8,3,42.66231266682559,25.352488859906217,-76,151,1,0,2089.707003331676
46,Two year,98.6821072570414,1,1,Bank transfer,1,1,70,Male,Fiber optic,1,0,0,0,4539.376933823904,0,2,5.380501942631949,47.505182822093616,8,20,0,1,3942.537705989951
49,Two year,92.77020419485845,1,1,Bank transfer,1,1,79,Female,Fiber optic,0,0,0,0,4545.740005548064,1,0,6.2710073936350375,69.19371349281786,73,16,0,2,3940.7255599446025
31,One year,52.98476222274833,0,0,Credit card,1,0,38,Female,Fiber optic,0,0,0,0,1642.5276289051983,1,0,114.34315653034459,41.60367043808979,4,3,0,2,2255.551649334098
31,Two year,89.88597759032668,0,0,Bank transfer,1,0,37,Female,DSL,0,1,0,0,2786.465305300127,0,0,8.886980913888694,64.47434661057073,41,3,0,2,3183.6834415692592
29,Two year,81.69950909480285,1,1,Mailed check,0,0,61,Female,Fiber optic,1,1,0,1,2369.2857637492825,5,0,66.27135578584077,73.23832692864416,41,58,0,2,3188.569653030338
10,Month-to-month,60.727050911065774,1,0,Electronic check,0,0,59,Female,Fiber optic,1,1,1,0,607.2705091106577,1,0,10.538414209980406,79.09507828485056,68,1,0,2,2081.0678357804154
34,One year,85.19180829973838,0,0,Credit card,0,0,24,Male,DSL,0,0,0,0,2896.521482191105,3,0,65.71208727986871,42.56976658215048,7,8,1,2,2174.165557705919
25,Two year,89.89378197133993,0,0,Credit card,1,0,48,Female,Fiber optic,1,0,1,0,2247.3445492834985,3,0,45.03183324477804,55.66095773092418,51,0,0,2,2581.059307443104
8,Month-to-month,61.85237767518137,0,1,Mailed check,0,0,57,Male,Fiber optic,0,0,1,0,494.819021401451,0,0,26.0189175036352,61.911771689052856,11,21,0,2,1765.0523072620872
23,Month-to-month,98.31024117535726,0,0,Electronic check,1,1,72,Male,DSL,0,0,1,0,2261.135547033217,7,5,17.613869164847806,22.287610524165537,-55,4,1,0,2604.131662852945
45,Two year,92.66728701802873,1,1,Bank transfer,1,0,22,Male,No,0,0,0,0,4170.027915811293,0,2,8.975484749538595,70.62013646618956,63,3,0,1,4382.230269080902
16,Month-to-month,106.4551641797438,0,0,Electronic check,1,1,71,Female,No,0,1,0,0,1703.2826268759009,5,3,94.28552826648918,14.673262199852207,-2,16,1,1,2507.242637103469
12,Two year,56.66932991221373,1,0,Mailed check,0,0,30,Male,DSL,0,0,1,0,680.0319589465648,1,2,164.0757309336596,77.04740727981823,22,55,0,2,1716.780306474307
48,Two year,67.07548580575417,1,1,Credit card,1,0,30,Female,DSL,0,0,0,0,3219.6233186762,3,0,73.26378011855746,50.827797043168324,20,14,0,2,2935.506797930587
5,Month-to-month,35.65498697119112,0,0,Mailed check,1,0,35,Male,No,1,1,0,0,178.27493485595562,4,0,180.17541751965183,57.47448897474054,63,7,0,2,1649.25197578644
21,One year,68.25198567162224,0,0,Credit card,1,0,38,Female,Fiber optic,0,0,1,1,1433.291699104067,2,1,21.286529018018882,78.36383387215902,-5,8,0,2,1544.9650359831137
18,Month-to-month,92.89068250423125,0,0,Electronic check,1,0,49,Male,Fiber optic,0,0,0,0,1672.0322850761625,5,3,8.836903353890001,16.351516164382915,-43,34,1,1,1528.5533959933173
45,Two year,91.66799953813407,1,1,Bank transfer,1,0,51,Female,No,1,1,1,0,4125.059979216033,2,1,88.22129986572402,79.94332268762255,83,26,0,2,3985.9439094858
47,Two year,64.08598118630152,1,1,Bank transfer,1,0,25,Female,Fiber optic,0,0,0,1,3012.0411157561716,1,0,0.4041515536061321,45.22674922024349,23,16,0,2,3417.2254676791504
61,Two year,75.30105120976033,1,1,Credit card,1,0,45,Male,DSL,0,0,1,0,4593.36412379538,2,1,146.4095512279045,44.57698209139124,18,4,0,2,3038.7185916256517
14,One year,69.88392974709477,0,0,Credit card,0,0,45,Male,Fiber optic,0,0,1,1,978.3750164593267,1,0,34.45491912425671,53.66962156779648,64,3,0,2,2210.719776338584
67,Two year,75.21678816931191,1,1,Bank transfer,1,0,32,Female,Fiber optic,1,0,0,1,5039.524807343898,6,0,198.17723220409897,50.15421998370592,-37,2,0,2,2688.7948038264867
25,One year,63.147895488690544,1,0,Credit card,1,0,34,Male,Fiber optic,0,0,0,0,1578.6973872172637,2,1,73.2158212934873,40.03884723173383,34,20,0,2,2108.655397098725
10,Month-to-month,55.19443983956367,0,0,Electronic check,1,0,47,Male,Fiber optic,0,0,0,0,551.9443983956367,2,1,177.87791384556309,67.6762805000642,46,9,0,2,1415.3531844735799
31,One year,58.17927801002318,0,0,Mailed check,0,0,29,Male,Fiber optic,1,0,0,0,1803.5576183107187,3,0,392.5842316592646,46.29954965617466,10,9,0,2,2063.270997654497
65,Two year,85.60793246238495,1,1,Bank transfer,1,0,61,Male,Fiber optic,0,0,1,0,5564.515610055022,2,2,13.901534062426443,70.75989565634924,63,15,0,2,4070.244871171647
11,Month-to-month,91.4074720996176,0,0,Electronic check,1,0,28,Male,DSL,0,0,1,0,1005.4821930957937,5,2,13.197431168313546,9.577719931658823,22,84,1,1,2452.3991213191603
1,One year,76.210921742133,1,0,Mailed check,1,0,52,Female,Fiber optic,1,0,0,0,76.210921742133,4,0,43.531326219805244,67.5390965172472,87,5,1,2,2074.7175878814774
3,One year,36.63019953734055,0,0,Electronic check,0,0,52,Male,Fiber optic,0,0,0,0,109.89059861202165,3,2,40.09895700238094,42.66097771643605,28,18,1,2,878.2836891665722
23,One year,58.14889847722062,0,1,Credit card,0,0,33,Female,DSL,0,0,0,0,1337.4246649760742,2,1,13.410875262947213,40.413222230957444,-26,4,0,2,1546.7813273239803
36,Two year,82.92165715723397,1,1,Bank transfer,1,0,38,Male,DSL,0,0,0,0,2985.179657660423,0,1,80.09017802912561,72.41567944600406,48,5,0,2,3098.2478824697373
23,One year,57.08855633076376,0,1,Credit card,0,0,40,Female,DSL,0,0,0,0,1313.0367956075665,2,1,54.07413184283949,76.84432568626946,84,4,0,2,3003.254223895662
35,Two year,68.5400626466874,0,1,Mailed check,0,0,41,Female,Fiber optic,1,0,0,1,2398.9021926340592,3,1,83.41040390222518,43.62250129978015,48,6,0,2,3005.005556213883
21,Month-to-month,112.89004686412953,0,0,Electronic check,1,0,58,Male,Fiber optic,1,1,0,0,2370.69098414672,13,3,57.457124005854524,29.55968891254174,30,59,1,1,2739.611353807959
70,Two year,62.797264228377365,1,1,Bank transfer,1,0,64,Male,Fiber optic,0,0,1,1,4395.808495986415,1,0,8.402608122514865,46.4549907034693,21,9,0,2,3586.0603619577805
5,One year,36.3327936423597,1,0,Electronic check,1,0,26,Female,Fiber optic,0,1,0,0,181.66396821179848,0,0,18.80762442521733,58.86253193295865,36,7,0,2,1212.286691436929
48,Two year,67.56158098910127,1,1,Bank transfer,1,0,55,Female,Fiber optic,0,0,0,0,3242.955887476861,0,0,93.5596902446794,61.10960016889236,84,34,0,2,3795.4746983430587
9,One year,60.33446615989429,0,1,Electronic check,0,0,36,Male,Fiber optic,0,0,1,1,543.0101954390486,4,2,44.518596078716435,65.38808836734856,77,2,1,2,2243.76524448639
21,Month-to-month,92.840816310316,0,0,Electronic check,1,1,65,Female,Fiber optic,0,1,1,0,1949.657142516636,10,3,29.10137871425992,28.84569788125897,4,70,1,1,3397.7226519478677
56,Two year,78.27434579521474,1,1,Credit card,1,1,69,Male,No,0,0,1,0,4383.363364532026,0,0,19.876259642473038,73.81083822684585,70,47,0,2,4420.38618032161
42,Two year,76.71959735481937,1,1,Credit card,1,0,38,Male,DSL,0,0,0,0,3222.2230889024136,1,1,44.332215903516335,60.775791198598355,63,12,0,2,3570.900877285778
46,Two year,63.736318879011826,1,1,Bank transfer,1,1,72,Female,Fiber optic,0,0,0,1,2931.870668434544,1,1,106.87707740601056,61.37662890846434,72,18,0,2,3495.2575482457846
57,Two year,87.03364980349504,1,1,Bank transfer,1,0,34,Male,Fiber optic,0,1,0,1,4960.918038799217,1,0,141.78894392367957,40.40270924184982,56,14,0,2,4261.943137507412
50,Two year,97.69548076408933,1,1,Bank transfer,1,1,73,Female,DSL,0,0,1,1,4884.774038204467,2,1,9.18983253453572,50.022833654228045,20,1,0,2,3441.696339981144
44,Two year,99.03963398395169,1,1,Bank transfer,1,1,75,Male,DSL,0,1,1,1,4357.743895293875,0,1,46.986296363511784,72.81487254202298,79,7,0,2,3863.2878184269052
11,Month-to-month,65.95114102168006,1,0,Mailed check,1,0,20,Male,No,0,1,0,1,725.4625512384806,3,0,67.94835177748654,78.34167476448233,49,4,0,2,1807.4918918263909
39,Two year,78.51407820063403,1,1,Bank transfer,1,0,56,Male,Fiber optic,0,1,0,1,3062.0490498247273,4,0,20.86601789431054,75.2619759950698,33,29,0,2,3212.8359325345004
16,Two year,75.05462167905031,0,0,Mailed check,0,0,38,Male,Fiber optic,1,0,0,0,1200.873946864805,0,0,31.421087308193226,44.52332254019369,-3,2,0,2,1211.8244156026292
61,Two year,76.804749113909,1,1,Credit card,1,0,39,Male,DSL,1,0,0,0,4685.089695948449,2,0,392.6655645033303,68.22428001464328,2,11,0,2,3311.54739906277
19,One year,62.23985635028946,1,1,Bank transfer,1,0,21,Female,Fiber optic,0,0,1,0,1182.5572706554997,5,1,114.31430846784549,65.54063851620168,62,33,0,2,2508.3544521210233
2,One year,37.37265046330898,1,0,Electronic check,1,0,44,Female,DSL,0,0,0,0,74.74530092661796,1,0,26.639189425106398,44.42573606415913,-20,3,0,2,441.1762586990941
21,Two year,86.0853547378802,1,1,Bank transfer,0,0,19,Female,No,0,0,1,1,1807.792449495484,3,0,5.705179963151486,70.83971140229238,45,1,0,2,2090.3384790762816
9,Month-to-month,93.96626388857578,0,0,Electronic check,1,0,28,Male,DSL,0,0,0,1,845.696374997182,4,3,4.042875461047458,18.38488629236527,-52,106,1,0,2211.7881503984227
70,Two year,97.75929221452839,1,1,Credit card,1,0,44,Male,Fiber optic,1,0,0,0,6843.150455016987,4,1,23.780657551508728,69.15509218178516,36,49,0,1,4926.99881035825
13,Two year,73.33281912975083,0,1,Credit card,1,0,43,Male,DSL,0,0,1,0,953.3266486867608,3,1,54.161432748864435,79.3796443272887,53,32,0,2,2564.997618830362
9,Month-to-month,33.0608329071786,0,0,Mailed check,1,0,19,Male,Fiber optic,1,0,1,0,297.5474961646074,2,0,50.762305319188236,50.762674865426796,10,6,0,2,550.7394145792756
41,Two year,95.87831721694138,1,1,Credit card,1,0,33,Female,Fiber optic,1,1,0,1,3931.0110058945966,3,0,8.161470574229158,68.02212013480775,100,18,0,2,3950.9456167119806
69,Two year,92.74828228476932,1,1,Bank transfer,1,0,58,Male,DSL,1,0,1,0,6399.631477649083,1,1,141.83589827488598,65.24229670552222,32,10,0,2,3750.173061877611
2,One year,58.859987321128074,0,1,Mailed check,0,0,60,Female,Fiber optic,0,0,0,1,117.71997464225615,2,1,28.121674221496587,70.39078118946789,47,13,0,2,1909.4912102229198
52,Two year,89.6684824605172,1,1,Bank transfer,1,1,76,Male,Fiber optic,0,0,1,1,4662.761087946894,2,1,26.07730844273176,52.11749895782309,17,11,0,2,2987.411157824862
14,Month-to-month,100.30167262601893,0,0,Electronic check,1,0,33,Female,Fiber optic,0,0,0,0,1404.223416764265,7,4,19.733492440597587,11.49024251571941,-62,10,1,1,1247.0173939972985
38,Two year,82.10054459130902,1,1,Bank transfer,1,0,62,Male,DSL,0,1,0,1,3119.8206944697426,1,0,2.4500900327739714,62.385945543543805,28,0,0,2,2516.860623728999
67,Two year,73.66698007587684,1,1,Credit card,1,0,63,Female,Fiber optic,1,0,0,0,4935.687665083748,2,1,8.60515804131227,77.82043189410595,33,26,0,2,3270.6479430077284
32,One year,74.32281790796327,0,1,Bank transfer,1,0,54,Female,DSL,0,1,1,0,2378.3301730548246,1,0,61.44935257500441,77.45037596214371,79,16,0,2,3422.570716803522
22,Month-to-month,75.88382563226494,0,0,Electronic check,1,1,68,Male,No,0,0,0,0,1669.4441639098288,7,4,27.39459387877477,9.283955482718145,-35,2,1,1,1926.8648992204483
42,Two year,74.1384296218713,1,1,Bank transfer,1,1,77,Female,Fiber optic,0,0,1,1,3113.814044118594,0,1,123.9090398424288,70.75781685097769,-4,34,0,2,2907.8030799471444
46,Two year,80.90158866928213,1,1,Bank transfer,1,0,62,Male,Fiber optic,0,1,0,0,3721.473078786978,2,1,5.105997640314127,51.88242542400936,97,28,0,2,4333.566913632208
19,Two year,54.72650554135798,1,1,Bank transfer,1,1,78,Male,DSL,0,1,0,0,1039.8036052858017,6,0,56.83572597024027,63.31509622343563,14,20,0,2,1796.7996866796673
65,Two year,86.20037355328435,1,1,Credit card,1,0,59,Female,No,0,0,0,0,5603.024280963483,1,0,9.175663779362676,52.35764405870634,29,4,0,2,4000.4778827015775
19,Month-to-month,108.80244794346902,0,0,Electronic check,1,0,59,Male,No,0,0,0,0,2067.2465109259115,6,3,0.35037262934382485,14.14644615424577,-7,32,1,1,2665.7589732462607
22,Month-to-month,95.19828899126968,0,0,Electronic check,1,0,47,Male,DSL,0,0,1,1,2094.3623578079328,12,0,35.211488693091425,12.342992063071213,-2,189,1,1,2473.8500114537164
23,Month-to-month,72.21477154984962,0,0,Electronic check,1,1,74,Male,No,0,1,0,0,1660.9397456465413,8,1,25.05799613324138,6.86959831990961,22,26,1,1,3060.687702155699
59,Two year,66.59298701387048,1,1,Credit card,1,0,49,Female,DSL,1,1,0,0,3928.9862338183584,1,0,12.173332836763265,75.89171107477375,19,0,0,2,3409.054329595254
10,Month-to-month,81.69241845427388,0,0,Electronic check,1,0,32,Female,DSL,0,0,1,0,816.9241845427388,6,1,14.741944183070167,15.854619118790357,-5,56,1,1,1826.1702389080447
69,Two year,82.72370049351468,1,1,Credit card,1,0,52,Female,DSL,0,0,0,0,5707.935334052513,2,1,88.168346448231,53.08474764798734,14,42,0,2,3408.0129433371735
8,Month-to-month,84.88599240292585,0,0,Electronic check,1,0,35,Female,Fiber optic,0,0,0,0,679.0879392234068,7,3,66.56225312667321,10.22621140187534,-45,39,1,1,1033.5955232296865
5,Month-to-month,78.8010078762247,1,0,Electronic check,1,1,69,Male,Fiber optic,0,0,1,1,394.00503938112354,3,0,30.108034790443895,77.73692401642512,30,0,0,2,1897.2130033234175
6,Month-to-month,94.77357815326667,0,0,Electronic check,1,0,46,Female,Fiber optic,0,0,0,0,568.6414689196,11,4,7.837887810101503,6.777396747421362,-20,4,1,1,1973.0409648323719
63,Two year,86.08492982121751,1,1,Bank transfer,1,0,37,Female,No,1,0,1,1,5423.350578736703,2,0,128.12250626593686,41.659152472807676,49,0,0,2,3932.8608579215443
56,Two year,94.05794550205061,1,1,Credit card,1,0,30,Female,Fiber optic,1,0,1,0,5267.244948114834,1,2,115.06303428631203,73.29821856107921,50,3,0,2,3979.5087362923005
13,One year,57.390599536854275,1,1,Bank transfer,0,0,39,Female,Fiber optic,0,0,0,0,746.0777939791055,7,0,59.80504769415945,50.316747815523705,38,12,0,2,1984.9719209038344
71,Two year,84.69407029651897,1,1,Credit card,1,0,53,Female,DSL,0,1,0,0,6013.278991052847,3,0,15.084794553360496,72.87943340259889,-11,5,0,2,3229.508262724571
14,Month-to-month,88.10743917401184,0,0,Electronic check,1,1,78,Male,No,0,0,0,1,1233.504148436166,10,4,19.704740642281756,10.362108422924805,-18,109,1,0,3090.285928577561
21,Month-to-month,119.63623097968139,0,0,Electronic check,1,0,57,Female,Fiber optic,1,0,1,1,2512.360850573309,5,1,20.616685848424815,9.20528506407243,16,58,1,1,3297.3540384378693
47,Two year,62.761181635513985,1,1,Credit card,1,1,78,Female,DSL,1,0,0,1,2949.7755368691573,2,3,175.80323916831915,61.82945567159407,71,29,0,2,4015.313209983725
19,Month-to-month,101.97342197460519,0,0,Electronic check,1,0,22,Female,Fiber optic,1,0,0,1,1937.4950175174986,9,3,36.562656563165,19.65677110345165,-73,56,1,1,1075.0419968079354
31,One year,78.64540252614279,1,0,Credit card,1,0,46,Female,Fiber optic,1,1,0,1,2438.0074783104264,4,0,101.74990923554894,50.846436365133954,73,8,0,2,3156.213267376565
61,Two year,91.70085567851677,1,1,Bank transfer,1,1,66,Male,No,0,0,0,0,5593.752196389523,3,0,69.57839278442573,67.85037616626556,48,1,0,2,4278.858577547324
4,One year,38.08188468922959,0,1,Mailed check,1,0,24,Female,DSL,1,0,1,0,152.32753875691836,5,0,108.92619154219926,51.685171250999815,54,5,0,2,1501.6134438204197
1,Month-to-month,52.724136647767835,0,0,Electronic check,1,0,33,Male,Fiber optic,0,1,1,0,52.724136647767835,1,0,38.24330001355035,53.35184224946821,46,6,0,2,1340.4436946560465
21,Month-to-month,82.6109196634186,0,0,Electronic check,1,1,71,Female,Fiber optic,0,0,1,1,1734.8293129317906,10,3,19.416961039564185,21.731389601599552,-36,75,1,1,1661.7238505043185
14,Month-to-month,88.44423111870029,0,0,Electronic check,1,0,38,Male,Fiber optic,0,0,1,1,1238.219235661804,7,3,29.423633818965502,6.15357239449124,0,8,1,1,2446.39436191278
38,Two year,73.33629288636442,1,1,Credit card,1,1,70,Male,No,1,0,1,1,2786.7791296818477,2,1,52.814518903418154,48.089388685783845,94,7,0,2,4036.97936804027
23,One year,67.39743601453637,1,0,Credit card,0,0,60,Female,Fiber optic,1,0,0,0,1550.1410283343364,3,0,49.484216431884,78.77771451443502,73,3,0,2,3167.695274408915
16,One year,52.11915173210387,0,0,Bank transfer,0,0,48,Male,Fiber optic,0,1,0,0,833.906427713662,1,0,21.23755128234763,66.21816015040572,59,5,0,2,2403.2407530877863
49,Two year,66.93920297063829,1,1,Credit card,1,0,27,Female,Fiber optic,1,0,0,1,3280.020945561276,2,0,65.82118692878659,53.43121260701905,11,19,0,2,2875.68427936478
15,Two year,66.957980290966,1,1,Mailed check,1,0,53,Female,Fiber optic,1,0,1,1,1004.3697043644901,4,1,15.970824281253513,67.96383034811436,29,0,0,2,1530.2817623392257
39,Two year,90.92356166789864,1,1,Credit card,1,0,63,Female,No,1,1,0,0,3546.0189050480467,2,0,114.32065967194566,63.16253963736123,42,40,0,2,2941.0480075135665
37,Two year,69.94321030859768,1,1,Credit card,1,1,67,Female,Fiber optic,1,0,0,1,2587.898781418114,0,0,22.826071419258614,45.337182253401,82,18,0,2,2924.6576826392516
16,Month-to-month,112.40139513286407,0,0,Electronic check,1,1,77,Male,Fiber optic,1,0,0,0,1798.422322125825,6,1,11.066918254459656,15.249494213431001,-70,52,1,1,1502.3598665747859
55,Two year,99.35361251421752,1,1,Credit card,1,0,58,Female,DSL,0,0,0,1,5464.448688281964,4,2,57.55101034092758,61.50208172947777,48,12,0,2,4082.5429725719637
2,Month-to-month,65.60039805990813,0,0,Electronic check,1,0,23,Female,Fiber optic,1,0,1,0,131.20079611981626,1,1,4.9594081642275425,61.68873704433706,75,8,0,2,1582.4148523419144
22,One year,50.925850041082555,0,0,Credit card,1,0,56,Male,Fiber optic,0,0,0,0,1120.3687009038163,0,0,41.15008359649219,63.953187277781744,62,0,0,2,2888.2117638939185
24,Two year,52.8014090132466,0,0,Credit card,1,0,26,Male,DSL,1,0,0,0,1267.2338163179184,1,1,60.30296636207887,46.847395273643045,60,2,0,2,3227.137169778819
9,Month-to-month,58.77505092345295,0,0,Mailed check,0,0,51,Male,Fiber optic,1,0,0,1,528.9754583110765,1,0,82.34721751233793,61.95764780510356,42,3,0,2,1940.6376466671952
34,Two year,77.53412798160913,0,1,Mailed check,1,0,47,Female,Fiber optic,0,1,1,0,2636.1603513747104,2,0,19.053373956754047,66.33781466326967,42,6,0,2,2806.859357556169
68,Two year,81.79391036338063,1,1,Credit card,1,0,41,Male,Fiber optic,1,0,1,1,5561.9859047098835,3,0,48.56242064862511,46.15378958124954,19,6,0,2,3542.0435885775432
52,Two year,64.25374905023098,1,1,Credit card,1,0,45,Female,Fiber optic,0,0,0,1,3341.194950612011,1,0,111.23949007171362,40.256056192048334,24,0,0,2,3564.828460106349
4,Month-to-month,66.01866063661015,1,0,Electronic check,1,0,30,Female,Fiber optic,0,0,0,1,264.0746425464406,0,0,28.16895678195609,62.769523096716355,83,26,0,2,2289.462911588639
32,One year,55.98358811653447,1,1,Bank transfer,0,0,54,Male,Fiber optic,0,0,0,1,1791.474819729103,0,0,63.999103514031816,61.92686706267455,-16,1,0,2,1449.8494726247575
18,Month-to-month,109.30577239015662,0,0,Electronic check,1,0,22,Female,Fiber optic,0,1,0,0,1967.503903022819,5,4,64.12136273696424,26.789187929096165,11,14,1,1,2550.371206400323
48,Two year,72.68782867061594,1,1,Credit card,1,0,19,Female,Fiber optic,0,0,0,1,3489.0157761895653,1,0,24.980637531204646,64.94475800433264,0,34,0,2,2587.4861850187976
8,Month-to-month,73.64799319564774,0,0,Electronic check,1,0,56,Female,No,0,0,0,0,589.183945565182,5,2,1.9428664358970729,15.26455627715811,10,229,1,0,3340.758849586785
52,Two year,83.43240583887608,1,1,Bank transfer,1,0,50,Male,Fiber optic,1,1,1,1,4338.485103621556,5,0,60.67715668062584,76.89960890283986,24,3,0,2,3053.7139920315967
61,Two year,72.90111911385661,1,1,Bank transfer,1,0,38,Female,Fiber optic,1,0,1,0,4446.968265945253,1,1,20.04079025030042,49.188523049582685,34,13,0,1,4449.924678516083
68,Two year,93.92063540997606,1,1,Credit card,1,0,50,Male,Fiber optic,0,0,1,0,6386.603207878372,2,0,30.28863251745659,42.42967056739868,-13,59,0,2,3265.2368859982435
17,Two year,89.11388349312227,1,1,Mailed check,1,0,61,Female,Fiber optic,0,0,0,1,1514.9360193830787,2,0,42.99522707534237,45.66973844513549,9,15,1,2,1421.820198724843
33,One year,84.49366447855505,0,1,Credit card,1,0,28,Female,DSL,1,1,0,0,2788.2909277923163,1,0,2.0926040054227366,44.48649116336082,31,19,0,2,2645.695460044861
20,One year,86.91492697951563,1,1,Credit card,0,0,56,Male,Fiber optic,0,0,0,0,1738.2985395903124,2,0,38.899413720621425,55.09710117209007,36,5,0,2,2494.0590573817058
3,Month-to-month,61.52943486542718,1,0,Electronic check,0,0,35,Male,Fiber optic,0,0,1,1,184.58830459628155,1,0,118.46061681638542,77.40999939693305,14,9,0,2,1032.4441380810447
66,Two year,98.55289101929404,1,1,Credit card,1,0,18,Female,Fiber optic,0,1,0,0,6504.490807273406,1,0,100.4518239708414,50.640166195455016,67,3,0,2,3911.083569901675
48,Two year,65.63838510087078,1,1,Bank transfer,1,0,37,Female,Fiber optic,1,0,0,0,3150.6424848417973,2,0,36.51434176564444,74.12415613749371,0,10,0,2,2875.3816085730277
69,Two year,83.17065415282107,1,1,Credit card,1,0,60,Female,Fiber optic,0,0,0,0,5738.775136544654,2,1,29.116138922112846,57.09292838418272,57,12,0,2,4568.065269840167
19,Two year,62.51956729975504,0,0,Credit card,0,0,22,Male,Fiber optic,0,0,0,0,1187.8717786953457,3,1,8.060616233204655,71.69478159518664,-27,13,0,2,977.3389871887715
15,Month-to-month,107.34518276777617,0,0,Electronic check,1,0,21,Female,DSL,1,0,0,1,1610.1777415166425,7,3,10.780393295772331,10.99218088347918,-64,257,1,0,2683.4571291021675
37,Two year,69.48111428433344,1,1,Bank transfer,1,0,32,Female,Fiber optic,0,0,0,1,2570.8012285203376,2,0,30.694130417631612,67.68515582114667,9,16,0,2,2474.409872302475
2,One year,48.206052842075266,0,0,Mailed check,1,1,73,Male,DSL,0,0,0,0,96.41210568415053,4,0,43.49081358074578,54.44563781224467,37,5,1,2,1385.289962493286
29,One year,63.23904277749885,1,1,Credit card,1,0,39,Male,No,0,1,0,0,1833.9322405474668,1,0,43.328322899315424,55.473356597981066,-44,18,0,2,1750.222021657339
17,Month-to-month,95.14218553215677,0,0,Electronic check,1,1,71,Female,Fiber optic,0,0,0,0,1617.4171540466652,6,2,1.480326507823221,22.966639030158156,-13,35,1,1,2328.756107239459
6,Month-to-month,88.07442149826238,0,0,Electronic check,1,0,48,Female,Fiber optic,1,0,1,0,528.4465289895743,6,2,25.11331049371895,6.8670129002296285,-9,31,1,1,2106.259189427938
27,One year,53.246369964988595,1,0,Credit card,0,0,21,Male,DSL,0,0,0,0,1437.651989054692,3,3,25.801364500433305,62.76027293041739,6,5,1,1,2392.1089823426987
51,Two year,83.3193770465841,1,1,Bank transfer,1,0,19,Male,DSL,0,0,1,1,4249.288229375788,2,0,78.91896623216311,47.442165421693865,32,24,0,2,3240.9084470997223
9,Month-to-month,76.07288681082652,0,0,Electronic check,0,0,40,Male,Fiber optic,1,0,1,0,684.6559812974386,0,0,19.60811145270089,76.1620270497649,33,35,0,2,1735.7354171387785
13,Month-to-month,108.67595951210515,0,0,Electronic check,1,0,56,Male,DSL,0,1,1,0,1412.787473657367,7,3,9.58606708864404,5.334407594379746,-44,86,1,0,2921.1310836524267
70,Two year,68.44449884664544,1,1,Bank transfer,1,0,61,Male,Fiber optic,0,1,0,0,4791.114919265181,1,0,69.75862320933548,56.675786916086096,51,14,0,2,4212.6006719117795
29,Two year,73.24153296684975,1,1,Mailed check,1,0,55,Male,Fiber optic,0,1,1,1,2124.0044560386427,1,1,72.02862587378993,47.62221773946327,56,0,0,2,2529.292554954125
12,Month-to-month,98.69120345944701,0,0,Electronic check,1,1,73,Male,Fiber optic,0,0,0,1,1184.294441513364,6,1,59.10668592960543,21.11396954850049,-22,211,1,1,2000.5581935901473
9,One year,50.11473390381593,0,0,Mailed check,0,0,46,Male,No,0,1,1,0,451.0326051343434,2,0,27.89792674426952,40.83160351685224,66,2,0,2,1482.6579577539474
5,Month-to-month,32.35305989384737,1,0,Electronic check,1,0,59,Female,Fiber optic,0,0,0,0,161.76529946923688,1,0,14.62545768995168,63.00170885394135,50,0,0,2,1157.78267950657
5,Month-to-month,78.07087889232866,0,0,Mailed check,1,0,18,Male,No,1,1,0,1,390.3543944616433,0,3,4.598168546756625,77.18208258402291,46,5,0,1,2683.94899178569
26,One year,60.39518505799228,0,1,Bank transfer,1,0,22,Female,Fiber optic,1,0,0,0,1570.2748115077993,6,0,436.2616197349479,58.859645657836126,35,0,0,2,2697.156996410237
14,Two year,64.71939627750831,0,0,Bank transfer,0,0,28,Male,Fiber optic,1,1,0,0,906.0715478851164,1,0,46.39531087504778,43.3687745674676,39,14,0,2,1805.2830928538488
7,One year,69.45203021010235,0,1,Mailed check,1,0,43,Male,No,1,0,0,1,486.16421147071645,4,1,20.259687285393664,75.65104826921612,39,20,0,2,2070.3507620792925
36,Two year,98.29291551578349,1,1,Bank transfer,1,0,40,Male,DSL,1,0,0,0,3538.544958568206,0,1,45.784871814104555,74.7564596247108,66,23,0,2,3371.0285921945215
68,Two year,74.430900764424,1,1,Credit card,1,0,42,Female,Fiber optic,0,1,0,0,5061.301251980832,1,0,75.01613437519593,61.345365400135066,28,1,0,2,3920.055703094291
21,Month-to-month,83.2465443111203,0,0,Electronic check,1,0,57,Female,Fiber optic,0,0,1,1,1748.1774305335264,11,2,14.806848186312147,29.402642139672714,-33,93,1,1,1730.5750981921346
69,Two year,96.44274811069535,1,1,Bank transfer,1,0,39,Female,DSL,0,1,0,0,6654.549619637979,0,0,77.7706115409639,79.5243939309917,15,35,0,2,4414.015931487374
38,Two year,75.82060679396061,1,1,Credit card,1,1,79,Female,Fiber optic,0,1,0,1,2881.183058170503,2,0,17.10954432274285,73.9519631981539,47,4,0,2,2891.11871575889
7,Month-to-month,32.19405441843718,0,1,Electronic check,1,0,31,Female,Fiber optic,1,0,0,1,225.35838092906027,1,0,67.06969400735703,48.553396628653246,18,16,0,2,1088.3306846433795
20,Month-to-month,81.16857189136844,0,0,Electronic check,1,0,40,Female,DSL,0,0,0,1,1623.371437827369,9,3,12.44063819034984,19.732164781161316,-7,74,1,1,2538.8271014103248
21,Two year,55.87498051875308,0,0,Mailed check,0,1,66,Female,Fiber optic,0,0,0,0,1173.3745908938147,2,1,152.15478677336566,69.03865214089325,31,5,0,2,2056.439678188483
35,One year,85.58385852544774,0,1,Bank transfer,0,1,66,Female,No,0,0,0,1,2995.435048390671,1,0,61.85780340178257,51.39401899280487,51,7,0,2,2821.662248744108
11,Month-to-month,117.73086857520269,0,0,Electronic check,1,0,25,Female,Fiber optic,1,1,0,0,1295.0395543272296,13,3,9.434934251792749,22.097990537333146,-6,17,1,1,2143.9468808196575
23,Month-to-month,98.02543670389866,0,0,Electronic check,1,0,20,Male,DSL,1,0,1,1,2254.585044189669,11,0,0.5645644719156364,12.665357901731255,-5,39,1,1,3126.4195681084607
17,Month-to-month,89.06679085611421,0,0,Electronic check,1,0,21,Female,Fiber optic,0,0,0,1,1514.1354445539416,10,2,8.343853449200049,10.2161398650891,-31,52,1,1,1948.7944824991841
14,Two year,74.54392275077646,1,0,Mailed check,1,0,33,Male,No,0,0,1,0,1043.6149185108704,1,0,14.670487299024199,73.71912719580888,67,12,0,2,1910.0897544871566
3,Month-to-month,57.591436676708426,0,1,Mailed check,0,0,57,Female,Fiber optic,0,1,1,1,172.77431003012526,3,1,75.1945349640379,49.59916795066397,72,5,1,2,1573.9237662939597
1,One year,50.9224748587729,1,1,Electronic check,0,1,79,Male,Fiber optic,0,1,0,0,50.9224748587729,2,0,50.76503840483569,41.107376109932105,60,5,0,2,1402.5561125807153
17,Month-to-month,117.71893001104465,0,0,Electronic check,1,0,51,Male,No,0,1,1,0,2001.221810187759,5,6,11.998834539365461,9.718662564442916,-44,42,1,0,2755.4022839197614
36,Two year,69.38245173339314,1,1,Credit card,1,0,52,Male,DSL,0,0,1,0,2497.768262402153,3,0,75.62520291407796,71.6323741921784,43,6,0,2,2728.489789234487
21,Month-to-month,87.07740584615881,0,0,Electronic check,1,1,72,Female,Fiber optic,0,1,0,0,1828.625522769335,8,4,25.112284551200936,28.094853976210867,-17,132,1,0,3512.041516649813
43,Two year,89.28490427371824,1,1,Bank transfer,1,0,29,Female,Fiber optic,0,0,1,1,3839.2508837698842,5,0,17.994316601980866,43.230422922243065,64,8,0,2,3528.634427081179
41,Two year,92.89573675268232,1,1,Credit card,1,0,62,Female,Fiber optic,1,0,0,0,3808.7252068599755,2,0,143.78950945771558,48.817788980241616,2,19,0,2,2552.179365050314
50,Two year,60.70063963448249,1,1,Bank transfer,1,0,48,Female,DSL,1,0,0,1,3035.0319817241248,2,0,31.159910413519217,65.76243244840984,3,4,0,2,2440.801623893558
25,Two year,73.59011418128422,1,0,Mailed check,1,0,34,Female,Fiber optic,0,0,0,0,1839.7528545321056,5,0,38.56906275498034,40.90048517369263,32,16,0,2,2308.9531616485706
13,Month-to-month,114.29413687858721,0,0,Electronic check,1,1,69,Female,Fiber optic,1,0,1,1,1485.8237794216338,10,3,77.53160801903529,19.05276438710087,-7,36,1,1,2467.498780488406
35,One year,71.50522706414179,1,0,Mailed check,1,0,23,Male,DSL,1,0,0,1,2502.6829472449626,3,0,24.677339063694948,75.9240981713798,18,36,0,2,2368.6791990098536
27,One year,50.830563588978436,0,0,Bank transfer,0,0,42,Female,Fiber optic,1,0,1,1,1372.4252169024178,2,0,20.24432031785797,61.85875796773915,20,8,0,2,1990.704320596662
23,One year,73.56559263510894,1,1,Bank transfer,0,1,66,Male,DSL,1,0,1,0,1692.0086306075057,0,0,72.00219367375915,53.75448129958568,65,12,0,2,2915.5604528101894
35,One year,78.59481642709541,0,1,Mailed check,0,0,18,Female,Fiber optic,0,1,0,0,2750.818574948339,1,0,20.43286091859755,50.17826961046712,59,35,0,2,3251.573501755512
28,Two year,85.39318780582687,1,1,Credit card,1,0,44,Female,No,0,1,0,1,2391.0092585631523,3,1,90.14808326593172,68.28571096428225,50,10,0,2,2552.298776138846
29,Two year,61.18111541647276,1,0,Bank transfer,1,0,31,Male,Fiber optic,1,0,1,0,1774.25234707771,1,1,4.421621974791269,77.61837826768205,35,10,0,2,1779.2388010953662
58,Two year,84.22152630579532,1,1,Bank transfer,1,0,18,Female,No,1,1,1,1,4884.848525736129,2,0,83.83063274387362,69.34115005787586,-24,10,0,2,3031.604958486626
50,Two year,94.67733873407535,1,1,Bank transfer,1,0,29,Male,DSL,0,0,1,0,4733.866936703767,2,1,28.638077346279584,50.14421902005567,23,4,0,2,3505.428179647229
31,One year,55.12099051444307,0,1,Mailed check,1,0,33,Female,Fiber optic,1,1,0,0,1708.7507059477352,2,0,49.281737867540045,78.96538916543658,100,13,0,2,3647.2124600472634
58,Two year,90.37404103010452,1,1,Bank transfer,1,0,51,Female,DSL,0,0,1,1,5241.694379746063,0,1,41.52915137844019,42.45484699494757,23,5,0,2,3081.916397763805
31,Two year,64.30398102745839,1,1,Bank transfer,1,0,57,Male,DSL,0,1,0,0,1993.4234118512102,2,1,55.50858055916676,55.8518699008017,68,2,0,2,2963.873934616073
21,Month-to-month,82.55395120146727,0,0,Electronic check,1,1,73,Male,DSL,0,0,0,0,1733.6329752308127,6,4,1.6894917869445292,11.339083233322722,19,34,1,1,2384.9023396858165
11,Month-to-month,41.567435660007526,1,0,Electronic check,0,0,50,Male,DSL,1,0,1,1,457.2417922600828,2,1,28.875172137456893,46.12731700305184,74,12,0,2,2210.3262392592387
2,One year,39.52067480124551,1,0,Mailed check,1,0,20,Male,DSL,0,0,0,1,79.04134960249102,1,0,100.96891590451759,75.94816464765417,10,42,0,2,428.19791612191614
19,Month-to-month,75.35053363022104,0,0,Electronic check,1,0,34,Female,Fiber optic,0,0,0,1,1431.6601389741998,7,4,34.79378511118053,19.881606632701708,-66,29,1,1,1448.4639333806524
37,Two year,85.70303875788758,1,1,Credit card,1,1,73,Female,DSL,0,0,1,1,3171.0124340418406,1,0,16.67040833464498,54.40163407348748,91,2,0,2,3636.374719541624
6,Month-to-month,69.10009127969707,0,1,Mailed check,1,0,62,Female,Fiber optic,1,0,0,0,414.6005476781824,4,0,64.39233505543537,61.192132058429934,69,6,0,2,1855.5982130650225
54,Two year,62.770172251434396,1,1,Credit card,1,0,64,Female,DSL,0,0,1,0,3389.5893015774573,2,0,8.085759079683589,61.7833163205685,68,2,0,2,4054.121427976888
13,Two year,73.87805585047263,1,1,Credit card,1,0,51,Female,Fiber optic,0,1,0,1,960.4147260561442,7,1,116.5174580341549,43.3166586558342,23,6,0,2,2171.6228943299893
17,Two year,61.38266840319407,0,1,Credit card,1,0,39,Male,Fiber optic,0,1,0,1,1043.5053628542992,2,1,69.22871770215895,48.804663063198745,28,13,0,2,1977.9918835758272
10,Month-to-month,116.76711406984526,0,0,Electronic check,1,0,64,Female,DSL,1,0,0,1,1167.6711406984527,10,4,20.76846577554509,22.7137539302269,40,21,1,1,2800.060043167081
18,One year,56.51745755876184,1,1,Credit card,1,1,72,Female,Fiber optic,0,0,0,1,1017.3142360577132,4,0,43.98249814280538,52.19459631782247,30,10,0,2,1969.8208271568164
19,Month-to-month,83.82052705468374,0,0,Electronic check,1,0,34,Male,Fiber optic,0,1,1,0,1592.590014038991,7,0,19.365790910808773,29.530907354290726,-13,70,0,1,2848.861631780558
8,Month-to-month,87.44333608975887,0,0,Electronic check,1,1,73,Female,Fiber optic,0,1,1,0,699.546688718071,8,0,17.4919093126477,27.527858839983963,-6,47,1,2,1510.934294308714
3,Month-to-month,63.437662722490685,0,0,Mailed check,1,0,51,Male,No,0,1,0,1,190.31298816747204,3,1,88.75275742467217,66.26727710479506,28,9,1,2,1181.799996070113
15,Month-to-month,102.13709502007126,0,0,Electronic check,1,1,66,Male,Fiber optic,0,0,0,0,1532.0564253010689,7,1,8.03987690518502,14.959952704280486,-1,5,1,2,1511.3674219037248
31,One year,77.83314061448607,1,0,Mailed check,0,0,53,Male,DSL,0,1,1,1,2412.827359049068,4,0,46.7468765466121,65.15762604059859,66,8,0,2,2947.7250303438104
41,Two year,67.46893183092166,1,1,Bank transfer,1,0,42,Female,No,0,0,1,0,2766.226205067788,2,0,5.177816143340943,45.84144086305413,48,13,0,2,2727.5065086900017
21,Month-to-month,71.19979729000364,0,0,Electronic check,1,1,69,Male,Fiber optic,0,1,0,1,1495.1957430900766,6,10,24.44263399381842,23.490828129981928,3,102,1,0,3162.32833721248
1,Month-to-month,58.01743371751617,0,1,Electronic check,1,0,43,Male,DSL,0,0,0,0,58.01743371751617,1,2,118.86584906329546,68.21042763360583,60,5,0,2,1896.1138128488865
30,One year,86.14124903651171,0,1,Bank transfer,0,0,44,Female,No,1,0,0,0,2584.2374710953513,4,0,68.30704450239801,43.32997621614976,47,2,0,2,2796.8916440301773
18,Month-to-month,110.27515556299316,0,0,Electronic check,1,0,45,Male,No,1,0,1,0,1984.952800133877,6,4,11.831534568492097,9.08308452276978,34,38,1,1,3485.221214814347
28,Two year,75.16800629798644,1,1,Credit card,0,0,18,Male,Fiber optic,0,0,0,0,2104.70417634362,0,0,187.63118728083577,76.63840141428373,7,16,0,2,2244.556802244395
61,Two year,83.28592919119889,1,1,Credit card,1,0,52,Male,Fiber optic,0,1,0,1,5080.4416806631325,2,2,129.6020321771368,64.6060610159665,54,5,0,2,4114.876509401462
40,Two year,67.83363250347675,1,1,Credit card,1,0,38,Female,No,1,0,0,1,2713.34530013907,2,0,9.081020147701498,57.115147720869615,41,18,0,2,3093.09904471314
5,One year,35.87379494382465,0,0,Electronic check,1,1,74,Female,Fiber optic,0,0,0,1,179.36897471912323,3,0,3.647020054269868,45.35348719433412,100,18,0,2,1844.96303752012
9,Month-to-month,42.07531134280306,0,0,Mailed check,0,0,60,Female,Fiber optic,0,0,1,0,378.67780208522754,1,0,77.7555524118165,49.50421487961265,10,9,0,2,1395.5587925724412
33,One year,80.49678486582894,1,1,Bank transfer,0,0,24,Female,DSL,1,0,1,1,2656.393900572355,2,2,65.26801589857234,61.76759494332944,-9,15,0,1,2717.1067063738915
36,Two year,66.49527578649284,1,1,Credit card,1,0,39,Female,No,0,0,0,1,2393.829928313742,5,1,152.90684101470526,68.01325967891937,40,2,0,2,3156.4853018324716
46,Two year,61.72027807467758,1,1,Credit card,1,0,32,Female,Fiber optic,0,0,0,0,2839.1327914351687,0,0,32.16737047328258,47.41352737708342,14,12,0,2,2641.17439817004
12,One year,80.47851355557157,0,0,Mailed check,1,0,48,Female,Fiber optic,0,0,0,0,965.7421626668588,0,2,3.7182828289815752,54.01761608547835,15,12,0,1,2118.8827427710644
10,Month-to-month,102.27209165917483,0,0,Electronic check,1,0,52,Male,No,0,0,0,1,1022.7209165917484,9,5,1.6358489008891264,9.058807180292156,-42,37,1,0,3422.916367183868
18,Month-to-month,90.00727336422796,0,0,Electronic check,1,0,53,Male,Fiber optic,0,1,0,1,1620.1309205561033,2,0,13.197159348595331,22.71447486971598,0,66,0,1,2985.64645951709
54,Two year,81.2904085335616,1,1,Credit card,1,0,46,Female,Fiber optic,1,0,0,1,4389.682060812326,5,0,5.607162953003251,55.2993275444242,-27,8,0,2,2780.035075004423
30,Two year,69.06352715678538,1,0,Credit card,1,0,32,Male,No,0,1,0,1,2071.9058147035616,0,2,35.67456332266676,66.48746764404491,47,6,0,2,2344.1547048313137
3,Month-to-month,78.10929547459,0,0,Mailed check,1,0,21,Female,Fiber optic,0,0,0,0,234.32788642377,1,1,68.39105570177651,42.821102190613146,28,10,0,2,1572.3060223164603
12,Month-to-month,109.62935800167843,0,0,Electronic check,1,0,28,Female,Fiber optic,1,1,0,0,1315.552296020141,7,2,7.999286652035478,23.483358680971364,-7,7,1,1,2629.246097920608
10,Month-to-month,30.03584293532899,0,1,Electronic check,0,1,70,Male,Fiber optic,0,0,0,0,300.3584293532899,4,1,27.768810855266473,48.24285129771107,65,3,0,2,1557.0954100707304
52,Two year,85.90852684251686,1,1,Bank transfer,1,0,56,Female,Fiber optic,0,0,0,0,4467.243395810877,2,0,62.90560524642163,57.13778341286714,74,4,0,2,4139.48196547352
47,Two year,81.82747553981893,1,1,Bank transfer,1,0,60,Female,Fiber optic,0,0,0,0,3845.89135037149,0,3,99.91278370452811,74.52239565798821,10,5,0,2,2311.9883129654463
56,Two year,80.50460820823221,1,1,Bank transfer,1,0,21,Female,Fiber optic,0,0,0,1,4508.258059661004,2,0,20.04784564236094,79.01263513538213,63,22,0,2,3899.001045071517
13,Two year,50.976572592888886,0,1,Mailed check,1,0,35,Male,DSL,0,0,0,1,662.6954437075556,0,1,21.47241344419726,42.575842990828164,45,11,0,2,1853.3219047493335
14,Two year,50.550587733416,1,1,Mailed check,0,0,33,Female,DSL,0,1,1,0,707.708228267824,3,0,20.356463828595192,56.31431776390673,70,20,0,2,2085.146781428778
18,Month-to-month,99.70796789398257,0,0,Electronic check,1,0,56,Male,No,0,0,1,1,1794.7434220916862,14,1,8.0617514103264,14.40081280651937,-13,27,1,1,2620.8164829398465
59,Two year,98.69424711153101,1,1,Credit card,1,0,46,Female,DSL,1,0,0,0,5822.96057958033,2,1,58.53243955848062,41.91242084587528,-4,7,0,2,3003.8564523431255
11,Month-to-month,114.14028395942424,0,0,Electronic check,1,0,42,Female,Fiber optic,0,0,0,1,1255.5431235536666,5,1,12.087337439241246,9.098286318324085,-45,59,1,1,1748.8492928566861
23,One year,58.895447047875535,0,1,Bank transfer,0,0,63,Female,DSL,1,1,0,0,1354.5952821011374,1,1,4.286767601190357,42.258670747071015,44,1,0,2,2947.706327926367
50,Two year,84.13167222859772,1,1,Credit card,1,0,31,Female,Fiber optic,0,0,0,1,4206.583611429886,1,0,88.95173639849887,47.168609745731786,76,3,0,2,3732.1351160612107
10,Month-to-month,30.06422127634007,1,0,Mailed check,1,0,21,Female,Fiber optic,0,1,0,0,300.6422127634007,1,1,123.49241095438009,70.93352890696589,63,0,0,2,1343.9869540710793
27,Two year,57.82853659713061,0,0,Mailed check,1,0,47,Female,DSL,1,0,0,1,1561.3704881225265,3,1,51.07800582338196,73.1439205309195,75,3,0,2,2702.0687856100185
65,Two year,64.36438527063,1,1,Bank transfer,1,0,64,Female,DSL,1,1,0,1,4183.68504259095,1,0,16.80496638186541,79.16521430510741,48,6,0,2,4743.461041182045
8,One year,32.48905007615219,1,1,Mailed check,0,0,64,Male,DSL,1,0,1,1,259.9124006092175,3,1,2.9170277438333723,59.09885918117013,-3,2,0,1,738.1190822689828
22,Month-to-month,113.72221941030799,0,0,Electronic check,1,0,46,Male,DSL,1,1,0,0,2501.8888270267757,10,3,7.791199802037758,14.770409234746372,-37,16,1,1,2630.8843482318853
12,One year,69.93630170852819,0,0,Credit card,1,0,56,Female,No,1,0,1,1,839.2356205023383,2,0,41.97784474409896,77.08802738709248,100,12,0,2,2532.0641577285314
50,Two year,69.09637983445515,1,1,Credit card,1,0,45,Female,DSL,1,0,0,0,3454.8189917227573,4,0,53.91846411328955,62.078401097193364,25,8,0,2,2993.7202286697143
17,Two year,83.57613375578022,1,0,Credit card,1,0,31,Male,Fiber optic,1,1,1,0,1420.7942738482636,1,1,32.21460098058542,54.09829579617316,-27,0,0,1,1590.5145448779526
8,Month-to-month,100.82939190356232,0,0,Electronic check,1,0,55,Female,Fiber optic,0,0,1,0,806.6351352284986,5,6,1.7028527258456116,8.40837480980906,16,73,1,0,3242.471615433446
7,Month-to-month,76.69993406028354,0,0,Electronic check,1,0,43,Female,Fiber optic,0,0,0,1,536.8995384219847,7,5,38.771494503219095,29.46426840526856,-46,5,1,1,1371.8991673402952
30,Two year,73.9072851211123,0,0,Credit card,0,0,62,Male,No,1,1,1,0,2217.218553633369,1,0,8.16460250217394,74.66250757842337,39,37,0,2,2481.6058559658677
9,Month-to-month,65.39739133505945,1,0,Electronic check,1,0,29,Male,No,1,0,0,1,588.576522015535,2,0,76.3616018314072,51.21542904529375,58,10,1,2,2532.1716163026917
14,Month-to-month,84.19586998322153,0,0,Electronic check,1,1,70,Female,No,0,1,1,0,1178.7421797651014,10,1,5.680279491270252,25.657605881522027,-42,123,1,0,2864.3964076965767
40,Two year,86.36142136814723,1,1,Bank transfer,1,0,59,Female,Fiber optic,0,1,0,1,3454.4568547258896,2,0,1.3248612371606738,57.737053526880395,24,18,0,2,3076.948500612021
17,Month-to-month,90.95525431433533,0,0,Electronic check,1,1,75,Female,No,1,0,0,0,1546.2393233437008,10,5,18.159002661773698,16.548821486343336,0,37,1,1,1875.6607744570563
8,One year,70.16522867590167,0,1,Mailed check,0,0,38,Female,DSL,0,0,0,0,561.3218294072134,3,0,177.7058209580381,45.84287590871736,53,25,0,2,1862.104401947038
1,Month-to-month,76.52243002725154,0,1,Mailed check,1,0,46,Male,Fiber optic,0,0,0,1,76.52243002725154,3,0,26.64342823888319,68.77770427336063,43,51,1,2,1299.8544832542043
11,Month-to-month,78.01331792460333,1,0,Electronic check,1,0,28,Male,Fiber optic,1,0,0,1,858.1464971706366,3,0,6.686198502580241,48.42733247354964,63,0,0,2,2169.664701879348
65,Two year,62.50168907589474,1,1,Bank transfer,1,0,33,Female,DSL,0,0,0,0,4062.609789933158,2,1,59.72553873635197,56.070353121303405,38,2,0,2,4333.783176210146
52,Two year,81.97656953721813,1,1,Credit card,1,0,30,Male,No,0,0,1,1,4262.781615935342,2,0,14.254005757145581,44.35477070181606,52,19,0,2,3941.8192254831474
41,Two year,65.05015131170454,1,1,Credit card,1,1,79,Female,Fiber optic,0,0,1,0,2667.056203779886,0,0,15.718162010044784,65.44902638803983,61,22,0,2,3335.512638900902
19,Two year,85.67879651102422,1,0,Bank transfer,1,0,32,Female,Fiber optic,0,0,0,0,1627.8971337094601,3,0,106.36135713792417,60.830689123847094,46,11,0,2,2705.560464726039
21,Month-to-month,112.14862010242817,0,0,Electronic check,1,0,24,Male,Fiber optic,0,0,0,0,2355.1210221509914,7,2,23.531313615263514,20.503771335918074,-24,8,1,1,2651.405500647524
4,Month-to-month,32.82578453983787,1,0,Electronic check,1,0,26,Female,DSL,0,1,0,0,131.30313815935148,1,0,54.89280311509844,74.2317410143077,-3,21,0,2,806.8086133219022
22,One year,79.47918382884606,0,0,Bank transfer,1,1,70,Female,DSL,0,0,1,0,1748.5420442346133,4,2,96.79098961295568,43.85753345748165,43,3,0,2,2338.667995901242
20,Month-to-month,113.87991865807095,0,0,Electronic check,1,0,57,Male,No,0,1,0,0,2277.5983731614187,9,3,8.876724573402939,14.649506996453901,-16,54,1,1,2340.6468086295777
10,One year,73.76816199503804,1,0,Electronic check,1,0,48,Female,DSL,0,0,0,0,737.6816199503804,1,0,49.556457497712636,61.74565684290464,84,6,0,2,2521.045243897814
45,Two year,64.1654943168115,1,1,Bank transfer,1,0,25,Male,No,0,1,1,0,2887.4472442565175,1,1,13.371978861552904,51.56297250231695,6,4,0,2,2596.736091900322
71,Two year,95.84300447178293,1,1,Credit card,1,0,60,Male,DSL,1,0,1,0,6804.853317496589,2,0,50.45894933073265,56.93536742094702,71,32,0,2,5088.45815916069
11,Month-to-month,96.8215198394746,0,0,Electronic check,1,0,42,Male,No,0,1,0,0,1065.0367182342206,9,2,15.026044951148737,6.199214924997927,-20,50,0,1,1946.530771327987
18,Month-to-month,84.69010144077538,0,0,Electronic check,1,0,58,Female,Fiber optic,1,1,0,1,1524.4218259339568,12,6,2.5840026535676817,29.182431494005858,-14,32,1,0,2713.1533034592435
8,Month-to-month,41.376693846823166,0,0,Mailed check,0,0,54,Male,No,0,0,1,0,331.0135507745853,1,0,99.23318746076045,70.01167716879193,47,8,0,2,1180.0696113404545
13,Month-to-month,78.43141054425477,0,0,Electronic check,1,0,19,Male,Fiber optic,1,0,1,1,1019.6083370753121,4,2,41.82311766589578,7.4233164517726005,30,107,1,1,2305.094423314359
32,Two year,68.57067609704453,1,0,Credit card,1,0,50,Male,Fiber optic,0,1,0,1,2194.261635105425,0,2,27.977405485116982,40.54791902010022,49,2,0,2,2261.6147131055413
10,Month-to-month,113.2920737709971,0,0,Electronic check,1,1,65,Male,Fiber optic,0,0,1,0,1132.920737709971,6,4,3.970257357100782,12.361361845093146,-16,51,1,1,2317.043774733075
43,Two year,75.96183784548444,1,1,Credit card,1,0,47,Female,No,0,0,0,0,3266.3590273558307,3,0,26.989211331452182,71.29388486224912,70,2,0,2,3874.8018571543007
51,Two year,84.2458625973392,1,1,Credit card,1,1,65,Male,Fiber optic,0,0,1,0,4296.538992464299,4,1,25.97548276220862,44.24878275737449,46,18,0,2,3588.446587766448
6,One year,77.20473929651823,1,0,Mailed check,1,0,27,Male,DSL,0,0,0,1,463.22843577910936,1,0,5.017335842259569,46.30771238073453,29,31,0,2,1299.7410145398794
4,Month-to-month,56.874687683661726,1,0,Mailed check,0,0,47,Male,Fiber optic,0,0,1,1,227.4987507346469,2,0,36.221924279534,53.83853333849225,6,5,0,2,638.1554558955224
8,Month-to-month,113.32075647624121,0,0,Electronic check,1,0,20,Female,DSL,0,1,1,0,906.5660518099297,5,5,23.339092573118037,22.16052990195684,-22,36,1,1,2175.8312765055807
11,Month-to-month,79.56465871010536,0,0,Electronic check,1,0,22,Female,Fiber optic,1,0,0,1,875.211245811159,7,1,11.080649834775286,20.368894387629467,-69,19,1,1,1489.2355834247282
36,Two year,85.60011867347654,1,1,Credit card,1,1,71,Male,DSL,1,1,0,1,3081.6042722451557,2,1,18.712763930342152,72.28193030713794,100,0,0,2,4308.362136581049
20,One year,70.12273853915323,1,1,Credit card,0,0,34,Male,DSL,0,1,0,0,1402.4547707830648,1,0,15.22492442084257,46.935762204965755,100,29,0,2,3391.615545664251
30,One year,86.19673681377068,0,0,Mailed check,1,0,59,Female,No,0,1,1,0,2585.9021044131205,0,1,41.66891370851089,60.6606805300906,36,22,0,2,3291.1716885337946
2,One year,69.40798940678532,0,0,Mailed check,0,0,50,Female,Fiber optic,0,0,0,1,138.81597881357064,0,1,14.137377003296564,68.22991429370798,35,29,1,1,2386.4996922033665
10,Month-to-month,87.78436949471872,0,0,Electronic check,1,0,35,Male,Fiber optic,1,0,1,0,877.8436949471871,8,1,6.180985683420318,20.10259404867729,6,12,1,2,1240.416289480751
2,Month-to-month,51.575405992382116,0,0,Electronic check,1,0,56,Male,Fiber optic,0,1,0,1,103.15081198476423,0,0,69.25117825735246,56.777153794566715,24,14,0,2,1447.4650604834687
48,Two year,79.81808413843927,1,1,Credit card,1,0,43,Female,Fiber optic,0,1,0,0,3831.268038645085,4,0,75.5285688026041,64.64026049390466,33,14,0,2,3830.540707466146
16,Two year,80.9492694775117,0,0,Mailed check,0,0,39,Male,DSL,0,1,0,1,1295.1883116401873,2,1,35.07394562655487,62.84271488230252,6,6,1,2,2054.411212464977
9,Month-to-month,31.219549655504835,1,0,Electronic check,0,0,19,Female,No,0,0,0,0,280.9759468995435,2,2,15.523608190562785,71.96258706847163,-4,17,1,1,1408.058842554336
8,Month-to-month,49.90435891181154,1,1,Mailed check,1,0,28,Male,Fiber optic,1,1,1,1,399.23487129449234,2,1,183.75348940636965,65.10918706824143,11,17,0,2,1343.7793444568836
13,Month-to-month,103.53628700393617,0,0,Electronic check,1,0,21,Male,Fiber optic,1,1,0,0,1345.97173105117,5,7,1.5030006434664385,14.144223105547319,-16,45,1,0,2982.3593071987852
42,Two year,99.97864992862523,1,1,Credit card,1,0,60,Female,Fiber optic,0,0,1,0,4199.10329700226,5,0,122.03730114245596,53.23276056351918,-5,33,0,2,2091.600807390584
4,Month-to-month,69.34878996906005,0,0,Mailed check,1,0,34,Female,Fiber optic,1,1,0,0,277.3951598762402,2,1,35.7690920525021,42.505646449513385,26,29,1,2,1019.4628187414827
31,One year,51.993874964578175,1,1,Credit card,0,0,26,Male,DSL,0,1,0,1,1611.8101239019234,0,1,86.97175922541419,58.5479509677473,58,15,0,2,2728.2655564137817
23,Month-to-month,72.76953650104696,0,0,Electronic check,1,0,31,Male,DSL,0,1,1,1,1673.69933952408,9,4,20.484738646482846,11.028654885600595,-52,194,1,0,2474.030253430813
69,Two year,75.4048047961,1,1,Bank transfer,1,0,35,Female,DSL,0,0,0,0,5202.9315309308995,0,0,101.44104746991744,74.34158957411397,42,0,0,2,4467.980941942145
56,Two year,68.24744658073706,1,1,Bank transfer,1,0,62,Female,DSL,1,1,0,1,3821.8570085212755,1,1,2.987263500782577,53.93708377547155,44,0,0,2,3855.604099376714
10,Month-to-month,77.0482893921397,0,0,Mailed check,0,0,22,Male,DSL,1,0,0,0,770.4828939213969,1,0,156.2706337884777,61.231363773470235,36,11,0,2,1605.289703950842
49,Two year,72.80239330083934,1,1,Bank transfer,1,0,41,Male,Fiber optic,0,1,0,1,3567.3172717411276,1,1,49.62121875455676,53.51885414590157,21,5,0,2,2877.692080412903
5,One year,53.83769377541641,1,0,Mailed check,1,0,37,Male,DSL,1,0,1,1,269.1884688770821,1,3,19.49013570632754,68.97317309212734,47,13,0,1,2259.565863324615
6,Month-to-month,100.45603111066484,0,0,Electronic check,1,0,55,Female,Fiber optic,0,0,1,0,602.736186663989,7,1,2.491337372551677,20.363553115100416,-71,10,1,1,1176.682491437359
7,Month-to-month,98.25987605888756,0,0,Electronic check,1,0,61,Male,Fiber optic,0,0,0,1,687.8191324122129,13,3,3.7296991891392994,5.441905385126182,36,153,1,0,3841.6876951037957
12,Month-to-month,98.27016959752521,0,0,Electronic check,1,0,63,Male,DSL,1,0,1,1,1179.2420351703026,8,2,15.502680896134425,21.50233620690136,-36,169,1,0,2404.7831225298455
66,Two year,82.40729033499647,1,1,Bank transfer,1,1,79,Female,Fiber optic,1,0,1,0,5438.8811621097675,2,0,16.941905002776718,50.299925328536816,55,90,0,1,4862.41800460021
33,One year,63.10620119686571,0,0,Credit card,0,0,49,Male,Fiber optic,0,0,1,0,2082.5046394965684,1,3,47.86731172829241,46.4476484187396,24,29,0,1,3669.8584212065743
21,One year,71.02991656381043,0,1,Bank transfer,1,0,43,Male,No,1,0,0,1,1491.628247840019,5,1,48.16780037713724,76.11148274315497,39,27,0,2,1990.78782496743
5,One year,53.23447342225825,1,1,Mailed check,0,0,28,Male,Fiber optic,1,1,0,0,266.17236711129124,3,0,93.93530530701204,45.0331219680771,32,0,0,2,1194.9546612429792
10,One year,68.77047572962474,0,0,Electronic check,0,0,41,Female,DSL,1,0,0,0,687.7047572962474,3,1,357.78974478322317,58.78370568612621,-37,6,0,2,259.6425061733098
12,Month-to-month,107.04088289660577,0,0,Electronic check,1,1,78,Female,Fiber optic,0,0,1,1,1284.4905947592692,8,6,7.616094209960549,19.437840738412152,26,16,1,1,3287.18666296901
8,Month-to-month,94.98351218645267,0,0,Electronic check,1,0,25,Female,Fiber optic,1,1,0,1,759.8680974916214,6,2,13.653197316335852,27.872812932641562,-90,6,1,1,842.2704354664448
44,Two year,83.97475862651736,1,1,Credit card,1,0,51,Male,Fiber optic,0,1,0,1,3694.8893795667636,1,0,116.5521359921189,44.07879360332068,66,8,0,2,3522.4884124872356
67,Two year,79.94283198022836,1,1,Credit card,1,0,41,Male,Fiber optic,0,0,0,0,5356.1697426753,4,0,39.9187773166711,60.50070284991058,43,11,0,2,4321.949771863271
62,Two year,78.9360352597965,1,1,Bank transfer,1,0,59,Male,Fiber optic,0,0,0,0,4894.034186107383,1,1,3.014934066817434,59.447198058031255,38,21,0,2,3566.997342856485
19,One year,55.43629529170796,1,1,Mailed check,1,0,18,Female,Fiber optic,0,0,0,1,1053.289610542451,3,1,9.129264985122274,56.54207546860642,79,4,0,2,2495.745830499398
18,Two year,84.36153478185199,0,1,Bank transfer,0,0,49,Male,DSL,0,0,1,1,1518.5076260733358,0,0,171.04337867516944,66.41515311545118,61,10,0,2,2127.198193846086
17,One year,86.60222919104618,1,1,Bank transfer,0,0,18,Male,No,0,1,1,1,1472.237896247785,2,0,24.390816671940627,66.59313343058626,14,10,0,2,2298.387332689385
8,One year,52.0217285328023,0,1,Electronic check,0,0,56,Female,Fiber optic,0,0,0,1,416.1738282624184,3,1,21.707545352825512,58.06595177182483,17,3,1,2,1231.5603760760353
9,Month-to-month,77.38034095787944,0,0,Electronic check,1,0,26,Male,No,0,0,0,0,696.4230686209149,5,6,52.319712821575024,26.170066470012337,-33,50,1,1,1341.1845079891602
24,One year,81.71459948409884,1,0,Credit card,0,0,24,Male,Fiber optic,0,1,0,0,1961.1503876183722,3,0,28.254327602212392,72.09861796161482,46,53,0,2,2307.8035108510066
9,Month-to-month,84.21719549098967,0,0,Electronic check,1,0,52,Female,Fiber optic,1,0,0,1,757.954759418907,9,2,7.51578599892233,12.405506984138649,12,119,0,1,2224.5700392613785
56,Two year,70.09228999357626,1,1,Bank transfer,1,0,49,Male,Fiber optic,0,0,1,0,3925.1682396402703,5,0,0.28737337504271737,43.99827118224918,84,47,0,2,4201.025429225379
35,Two year,88.11280247134326,0,1,Mailed check,1,0,60,Female,DSL,0,0,0,0,3083.948086497014,2,0,5.658188816083832,64.78402147031082,1,0,0,2,2036.4444396383517
67,Two year,97.71935267264169,1,1,Credit card,1,0,61,Female,DSL,0,1,1,1,6547.196629066993,1,0,77.67001401873544,41.15682091882258,12,1,0,2,3589.328982526305
55,Two year,78.91588531243619,1,1,Bank transfer,1,0,23,Female,Fiber optic,0,1,0,0,4340.37369218399,4,0,137.6276280341729,64.36221116819885,64,7,0,2,3842.930119724981
18,One year,80.18487131062426,0,0,Bank transfer,0,0,38,Male,No,0,0,0,0,1443.3276835912366,2,0,265.89022169350073,77.11654947557975,57,8,0,2,2756.6306274275566
11,Month-to-month,35.03764219797881,1,0,Mailed check,1,0,57,Female,Fiber optic,1,1,0,0,385.41406417776693,3,0,87.29992377650127,62.83796480772567,98,1,0,2,2533.7795458171295
8,Month-to-month,35.30650096545097,1,0,Electronic check,1,0,42,Female,Fiber optic,0,1,1,0,282.4520077236078,4,0,114.10105965997893,71.11684514101222,-9,1,1,2,478.79100447172726
27,One year,65.69423841926239,1,0,Mailed check,1,0,59,Female,Fiber optic,1,1,0,1,1773.7444373200844,4,0,32.655136758463314,57.73716470403124,3,16,0,2,2113.5923914015184
9,Month-to-month,84.27238935999327,0,0,Electronic check,1,0,43,Male,DSL,0,0,1,1,758.4515042399394,5,2,8.263456080104616,27.592532128888223,-18,75,1,1,1575.672914953908
18,One year,75.95194498315554,0,0,Bank transfer,0,0,64,Male,Fiber optic,0,0,0,1,1367.1350096967997,1,0,119.55743046827679,78.99934537863658,22,0,0,2,1962.2856185784185
57,Two year,84.51600643447797,1,1,Credit card,1,0,42,Female,DSL,1,0,0,0,4817.412366765245,5,0,5.97435522878076,67.02614303524527,16,2,0,2,3452.2226177391804
34,One year,54.6618675086079,0,1,Bank transfer,1,0,44,Female,DSL,1,0,0,1,1858.5034952926685,4,1,2.5080731326566044,66.70054001426703,67,64,0,2,2858.4675092683806
18,Month-to-month,73.38367683289917,0,0,Electronic check,1,0,41,Female,DSL,1,0,0,1,1320.906182992185,8,3,1.7057424235136478,19.131240619943927,15,16,1,1,2581.7369462861334
55,Two year,78.06787276926731,1,1,Bank transfer,1,0,60,Male,Fiber optic,1,1,0,1,4293.733002309702,1,1,377.4829845137297,68.24780650510048,30,14,0,2,3532.1559388191745
12,Month-to-month,76.38333174911527,0,0,Electronic check,1,1,74,Female,Fiber optic,0,0,1,0,916.5999809893833,13,3,17.064426221355127,22.9794260567588,9,44,1,1,2292.744889742095
4,One year,67.46576775712171,0,1,Mailed check,0,0,19,Male,Fiber optic,0,0,1,0,269.86307102848684,1,0,1.8649211760423243,65.17335626340005,15,19,0,2,1359.5911017666429
19,One year,82.97900184978008,0,1,Bank transfer,0,0,45,Female,DSL,0,1,0,1,1576.6010351458215,1,1,132.289055052859,60.7922483404948,16,1,0,2,1902.0006061109123
19,Month-to-month,72.88416422917719,0,0,Electronic check,1,0,61,Female,Fiber optic,0,0,0,1,1384.7991203543666,9,2,40.387312384066405,7.158553543727495,-16,1,1,1,2157.8369299015176
26,Two year,63.50195252401301,1,0,Mailed check,1,0,42,Female,DSL,0,0,1,1,1651.050765624338,3,0,131.66106620463725,52.955260862115885,57,1,0,2,2623.0332343099144
56,Two year,85.442830549193,1,1,Credit card,1,0,49,Male,DSL,1,0,0,0,4784.798510754808,3,0,19.139468625104765,48.91054943783941,84,6,0,2,4093.0113241313156
70,Two year,75.89515953857604,1,1,Bank transfer,1,1,65,Male,DSL,1,0,0,1,5312.661167700323,1,0,66.63547940704214,55.90865904357234,60,22,0,2,4103.225626344079
17,One year,86.46196193220692,0,0,Mailed check,1,0,39,Female,DSL,0,1,1,1,1469.8533528475177,2,2,269.7013093547311,71.45750734138835,54,25,0,2,2102.5398887095366
64,Two year,85.37696581146335,1,1,Bank transfer,1,0,49,Male,No,0,0,1,0,5464.125811933654,2,2,32.15157555467232,66.7232182166062,18,2,0,2,3740.2725232910516
27,Two year,80.16807463541403,1,1,Mailed check,0,0,30,Female,No,1,0,0,0,2164.538015156179,0,1,129.97971238266035,57.29979181045161,10,34,0,2,1938.506096711384
42,Two year,87.77801824522835,1,1,Credit card,1,0,24,Female,DSL,0,1,0,0,3686.676766299591,3,1,138.01981968102697,45.41492156917129,16,55,0,2,2864.072042718436
19,Month-to-month,104.1114633788292,0,0,Electronic check,1,0,51,Male,Fiber optic,1,0,0,0,1978.1178041977548,8,5,7.875236550462611,22.791304034248398,-34,11,1,0,2592.0840552844516
21,Month-to-month,90.31637365233627,0,0,Electronic check,1,0,57,Male,Fiber optic,0,1,0,1,1896.6438466990617,5,1,23.662650793064657,5.395889024191398,-11,79,1,1,2580.896795188684
31,One year,88.12864122024746,1,1,Credit card,1,0,18,Male,No,1,0,0,1,2731.987877827671,4,3,57.31227008055938,63.64767767895899,100,10,0,2,3551.9740662707045
16,Month-to-month,91.37469359971601,0,0,Electronic check,1,0,31,Female,Fiber optic,1,0,0,0,1461.9950975954562,6,2,9.234736052926865,16.781748473378006,73,78,1,1,3685.396091055968
5,Month-to-month,36.09446060401795,1,0,Mailed check,1,0,59,Male,DSL,0,1,0,0,180.47230302008973,1,0,47.86302401000049,42.92262083701289,31,14,1,2,838.2329792284979
18,Two year,80.2067436918131,1,0,Mailed check,1,0,62,Male,Fiber optic,0,0,0,0,1443.721386452636,6,1,16.35937342286966,63.2863102432475,-10,5,0,1,2374.136443839437
41,Two year,91.94373089531005,1,1,Credit card,1,0,49,Female,No,0,0,0,0,3769.692966707712,2,1,109.45530767956622,79.81982426811162,73,13,0,2,3681.728848921133
54,Two year,81.29924770237704,1,1,Credit card,1,0,44,Male,Fiber optic,0,0,0,1,4390.1593759283605,3,0,17.852783146958153,51.90950723548611,79,15,0,2,3459.720847759069
3,One year,40.96602006056911,0,0,Electronic check,1,0,60,Female,DSL,0,0,0,0,122.89806018170732,0,0,53.78983709916946,40.22739694104335,9,36,0,2,887.5855227157186
6,Month-to-month,63.26364181184554,1,1,Mailed check,1,0,24,Female,Fiber optic,0,1,0,0,379.58185087107324,1,0,10.781354215379071,51.69429611745132,26,9,0,2,974.2674453468494
54,Two year,78.78567098722836,1,1,Bank transfer,1,0,30,Male,DSL,0,0,0,0,4254.426233310332,5,0,10.402341406905085,64.99591989215135,94,6,0,2,4537.005899335872
58,Two year,93.74949305626897,1,1,Bank transfer,1,0,38,Female,Fiber optic,0,1,1,0,5437.4705972636,1,0,2.008043491980558,45.12314024450296,80,18,0,2,4571.493222032439
25,Two year,78.03928024087307,1,0,Credit card,1,0,29,Female,Fiber optic,1,0,1,0,1950.9820060218267,0,0,103.51062945778388,62.48175598390688,45,22,0,2,2511.1977981619825
70,Two year,61.30582710182674,1,1,Bank transfer,1,0,29,Female,Fiber optic,0,0,1,0,4291.407897127872,0,0,97.92024618875561,79.31201004280184,84,1,0,2,4820.41138488497
7,One year,61.13706381887388,1,0,Mailed check,1,0,45,Female,DSL,1,1,0,1,427.95944673211716,2,0,124.57906331674488,68.80259330221713,-18,6,0,2,682.7059811587511
55,Two year,66.65326430972569,1,1,Bank transfer,1,0,40,Male,DSL,1,1,0,1,3665.9295370349128,1,0,66.52155605598905,69.70504545173328,66,28,0,2,4005.066767000991
67,Two year,69.84278635191993,1,1,Credit card,1,1,71,Female,Fiber optic,1,0,0,1,4679.466685578635,2,0,175.52388762111806,43.062777922735016,22,9,0,2,3105.2916729457065
11,One year,42.814618768460875,0,1,Electronic check,0,0,58,Female,Fiber optic,0,0,1,0,470.9608064530696,1,0,135.05117031525128,76.3890520366061,6,9,0,2,775.385659785416
66,Two year,61.91323281576422,1,1,Bank transfer,1,0,49,Female,No,0,0,1,1,4086.2733658404386,3,0,22.67293296016198,61.00833204982489,44,3,0,2,4357.435684363496
2,Month-to-month,67.11005045605663,0,0,Mailed check,0,0,41,Female,Fiber optic,1,0,1,0,134.22010091211325,2,0,26.10441367024343,44.12809887165213,45,2,0,2,2137.490258212564
25,One year,72.58914401595979,1,1,Bank transfer,0,0,22,Female,Fiber optic,0,0,0,1,1814.7286003989948,3,0,60.328326007696724,51.62854993540135,-13,46,1,2,1328.9949576924193
32,Two year,79.11165954771587,1,0,Mailed check,0,0,40,Male,Fiber optic,0,0,0,1,2531.573105526908,3,0,8.599981691155023,53.23326646041595,52,0,0,2,3203.1821091070815
55,Two year,94.35826741682519,1,1,Credit card,1,0,63,Female,Fiber optic,0,1,0,0,5189.704707925385,3,0,24.462545885698848,70.93236739767269,23,13,0,2,3109.712286841203
14,Month-to-month,93.32964367178097,0,0,Electronic check,1,0,34,Male,DSL,0,0,0,0,1306.6150114049335,4,5,7.657860659886247,12.50995784612136,2,205,1,0,3268.1561012701327
58,Two year,66.60968201770413,1,1,Bank transfer,1,0,52,Male,Fiber optic,0,1,1,0,3863.3615570268394,4,0,182.20510764421567,52.611311414141895,28,11,0,2,3504.96278241624
22,Two year,80.93924813514167,0,1,Bank transfer,1,0,64,Male,Fiber optic,1,0,1,0,1780.6634589731166,1,1,23.08045376553909,46.05401288761338,71,10,0,2,3229.467599577969
14,One year,72.82282836521551,0,1,Bank transfer,0,0,59,Male,Fiber optic,1,0,1,0,1019.5195971130172,0,0,9.433322427672515,41.09413761989916,-9,12,1,2,1012.8520188856705
13,Month-to-month,89.66232323960189,0,0,Electronic check,1,1,65,Female,Fiber optic,0,0,1,0,1165.6102021148245,4,6,1.32718925310588,7.294284562229901,-13,110,1,0,3335.8412738598204
64,Two year,97.20683861753699,1,1,Credit card,1,0,40,Male,No,0,0,0,0,6221.237671522367,0,0,151.03761001214917,68.92848010741014,50,34,0,2,4091.1922277806357
18,One year,66.1394990112202,1,0,Mailed check,1,0,46,Male,DSL,0,0,0,1,1190.5109822019635,1,0,8.932200493754014,65.92195100069478,-3,0,0,2,1446.4220615726588
21,Two year,77.57956625307828,1,1,Mailed check,0,0,55,Male,Fiber optic,1,0,1,1,1629.170891314644,3,1,11.51443695336677,48.436029313191526,-3,28,0,1,2143.501554424268
12,Month-to-month,108.93260755374547,0,0,Electronic check,1,1,68,Male,Fiber optic,0,0,0,1,1307.1912906449456,5,5,17.592500746928614,25.50758197180852,23,17,1,1,3160.299841053807
34,One year,87.2818334495449,0,0,Mailed check,0,0,62,Male,DSL,1,0,0,1,2967.5823372845266,0,1,68.04920330901044,57.542414473522015,58,9,0,2,3073.131124074692
31,Two year,61.182840214822775,1,1,Mailed check,0,1,79,Male,No,1,0,0,0,1896.668046659506,2,0,295.90097425712435,45.20734730117671,11,17,0,2,2455.888518890861
15,Month-to-month,99.8163802501931,0,0,Electronic check,1,1,69,Male,Fiber optic,0,0,0,0,1497.2457037528966,10,4,17.36518714301343,10.895920391975354,-4,110,1,0,3144.4143053292355
20,Month-to-month,110.43576984427199,0,0,Electronic check,1,0,23,Male,Fiber optic,0,0,1,1,2208.71539688544,11,1,7.7640412628989095,21.844480176438573,-35,53,1,1,1763.135738888982
31,One year,67.36000066381908,1,1,Credit card,0,1,69,Male,No,0,0,0,1,2088.1600205783916,2,0,180.03997825489222,45.81669288919869,-8,24,0,2,1524.9918000618718
9,Month-to-month,112.15549782882013,0,0,Electronic check,1,0,29,Female,DSL,0,0,1,0,1009.3994804593812,8,1,55.67448470250365,11.429403511963685,-35,34,1,2,917.1100338164284
48,Two year,85.11800211090544,1,1,Bank transfer,1,0,27,Female,No,1,0,0,1,4085.664101323461,3,1,28.24356515013132,79.50791878819297,62,22,0,2,3459.384267848066
10,Month-to-month,57.380805032687356,0,1,Electronic check,1,0,37,Female,Fiber optic,0,0,0,0,573.8080503268735,4,0,3.2372189627664074,56.62645730971723,73,3,1,2,2691.9166141903647
9,One year,36.29011681730257,1,0,Mailed check,1,1,79,Female,Fiber optic,0,1,0,1,326.61105135572313,1,0,34.224546420708144,70.58448534869912,1,0,0,2,608.903954032025
3,Month-to-month,45.06156473969541,0,0,Electronic check,1,0,55,Female,DSL,0,1,0,0,135.18469421908623,1,0,74.60829952022014,56.6888590472907,75,13,0,2,2289.4393517243657
4,One year,53.169550440232314,0,0,Mailed check,1,0,37,Female,DSL,0,0,0,0,212.67820176092926,1,0,81.18544108534566,66.73641564411156,1,15,1,2,318.3383645515819
5,Month-to-month,79.51112673075369,1,0,Electronic check,0,0,44,Female,Fiber optic,0,0,1,0,397.55563365376844,2,1,42.674513003426114,52.344064855346524,-22,10,1,2,973.9653950547133
28,One year,63.86558777479544,0,0,Credit card,1,0,33,Female,Fiber optic,1,0,1,0,1788.2364576942723,4,1,84.34200343315825,72.71043716832592,76,2,0,2,2686.1366214092263
57,Two year,73.85287074356015,1,1,Credit card,1,0,36,Male,No,0,0,1,0,4209.613632382929,1,1,42.94341267240087,41.54363548929662,25,3,0,2,3278.292863235696
38,Two year,99.66970468671354,1,1,Credit card,1,0,36,Male,Fiber optic,0,1,0,0,3787.448778095115,3,0,113.65274806743895,56.97143742648062,48,20,0,2,3133.580504258856
22,Month-to-month,107.86527976674377,0,0,Electronic check,1,0,25,Male,Fiber optic,0,0,1,0,2373.0361548683627,9,5,48.8543421434272,20.502432181440124,-41,71,1,0,3143.6644522657743
22,Two year,52.93513558975104,0,1,Credit card,0,0,61,Male,DSL,1,0,0,0,1164.5729829745228,1,0,1.8068184697329175,44.654089875189975,18,4,0,2,1878.9099268726243
10,Month-to-month,75.96224556596306,0,0,Electronic check,1,0,29,Female,Fiber optic,1,0,1,0,759.6224556596305,9,5,7.147124292549623,26.17585657414791,-2,216,1,0,2792.432550791318
42,Two year,64.17616518992325,1,1,Bank transfer,1,1,77,Male,Fiber optic,1,1,0,1,2695.398937976777,1,0,21.72127209437779,54.081542612025814,8,9,0,2,2969.421517074844
34,One year,53.04873573780193,0,1,Mailed check,1,0,47,Female,No,1,0,1,1,1803.6570150852656,0,1,34.29800070677226,65.24825479610462,17,22,0,2,2237.296287029443
14,Month-to-month,82.52730294655642,0,0,Electronic check,1,0,58,Female,Fiber optic,0,0,1,0,1155.3822412517898,9,2,1.4777460888865865,21.211642604797746,-35,32,1,1,2202.837660022221
18,One year,61.8083600351345,0,1,Credit card,0,0,60,Male,Fiber optic,0,1,0,0,1112.5504806324209,4,0,39.44140369420588,66.90676313836406,52,17,0,2,3035.8342556951998
11,Month-to-month,31.599723007216237,0,1,Mailed check,0,1,73,Female,Fiber optic,0,0,0,0,347.59695307937864,2,1,0.8406850564981779,76.11537384360608,80,39,0,2,2357.6702486416125
7,Month-to-month,78.86180988861767,0,0,Electronic check,1,1,70,Male,DSL,1,0,1,0,552.0326692203237,7,5,10.456669357321502,26.285058736888168,-32,44,1,0,2580.137711657988
8,Month-to-month,61.2471885203916,1,0,Mailed check,1,0,28,Male,DSL,1,1,0,0,489.9775081631328,2,1,80.73890456358495,45.72475496316548,25,20,1,2,1638.8061970162353
11,Month-to-month,32.81666388996199,0,0,Mailed check,1,0,53,Male,Fiber optic,1,0,1,0,360.98330278958184,2,0,72.03633674101239,55.23868282594685,48,31,0,2,1697.1721761429721
43,Two year,92.32317129423319,1,1,Bank transfer,1,0,43,Male,Fiber optic,0,1,1,1,3969.8963656520273,0,1,80.09088199562521,74.9805768205098,30,46,0,2,2377.338680020486
58,Two year,64.70575952637301,1,1,Credit card,1,0,60,Male,Fiber optic,0,0,0,0,3752.9340525296348,1,0,180.72840879766565,46.51267143634815,33,2,0,2,4058.1836263042755
70,Two year,64.42993781275833,1,1,Bank transfer,1,0,51,Female,Fiber optic,0,0,1,1,4510.095646893083,2,0,125.89720362830408,76.64997698460964,52,5,0,2,4084.3773718760435
17,Month-to-month,85.97745314392033,0,0,Electronic check,1,1,65,Male,DSL,0,0,0,0,1461.6167034466455,4,3,20.793051960231004,17.79977697168431,-50,55,1,1,1497.2556242505764
17,One year,55.00464638597942,0,0,Bank transfer,1,0,41,Female,No,0,0,0,0,935.0789885616501,2,0,24.436758304102987,54.62473548329507,56,8,1,2,2269.831743041905
71,Two year,77.9773534085495,1,1,Bank transfer,1,0,51,Male,DSL,1,1,0,0,5536.392092007015,4,1,99.24159450353133,43.00254431240812,17,0,0,2,3989.6907911319827
18,Month-to-month,96.77541944822488,0,0,Electronic check,1,0,33,Female,Fiber optic,1,0,0,0,1741.9575500680478,6,4,4.558039086196881,28.484255223804084,-41,35,1,0,2416.099975989676
21,Month-to-month,78.3486936836277,0,0,Electronic check,1,0,60,Female,Fiber optic,0,0,0,1,1645.3225673561817,5,2,32.596450582116134,22.05219780040749,-9,109,1,1,2619.6733963870265
9,Month-to-month,63.46927118349346,1,0,Electronic check,1,0,46,Male,Fiber optic,0,0,0,0,571.2234406514411,3,0,65.14901620577633,56.35075727911292,17,11,0,2,1410.0860059036863
19,Month-to-month,77.55914596686272,0,0,Electronic check,1,1,71,Male,No,0,0,1,0,1473.6237733703915,9,2,26.84529050005965,22.00664813025063,-1,89,1,1,2284.5235516025937
29,Two year,86.11906894469826,1,0,Mailed check,0,1,67,Male,DSL,0,1,0,1,2497.4529993962497,3,3,56.73454095661683,73.69839100953459,-1,9,1,1,3058.989840837216
64,Two year,84.90078782918981,1,1,Credit card,1,0,31,Female,DSL,1,1,0,0,5433.650421068148,3,0,166.765620329407,47.19503113573999,4,8,0,2,3355.3203875954828
3,Month-to-month,43.98007163225659,0,1,Electronic check,0,1,71,Male,Fiber optic,0,0,0,0,131.94021489676976,3,0,3.7752348767887365,67.22081190508422,35,18,1,2,915.9368780147894
19,Month-to-month,115.562257787715,0,0,Electronic check,1,0,23,Female,Fiber optic,0,0,0,0,2195.682897966585,12,3,1.1608001834228507,21.827636721517454,-31,105,1,1,2476.5671501715838
2,Month-to-month,42.884782409458985,0,0,Electronic check,1,0,57,Female,Fiber optic,1,0,1,1,85.76956481891797,4,0,28.498306289133613,79.53754733507026,48,0,1,2,903.0997472175011
43,Two year,62.30964207476695,1,1,Bank transfer,1,0,60,Male,No,0,0,0,0,2679.3146092149786,1,1,142.868952348301,65.05056552207552,39,24,0,2,3226.1053947987743
49,Two year,88.70288498926378,1,1,Bank transfer,1,0,29,Male,Fiber optic,1,1,1,0,4346.441364473925,1,0,16.669024278179656,65.43042440235354,59,0,0,2,3720.049795558543
2,Month-to-month,52.063716837503435,1,0,Mailed check,1,0,39,Female,DSL,1,1,0,0,104.12743367500687,1,1,15.76687696012477,72.08211137656562,81,38,0,2,2103.7729077285435
46,Two year,80.89924162064473,1,1,Credit card,1,0,56,Male,DSL,0,1,0,0,3721.3651145496574,2,1,5.259046092840618,40.33425749861652,21,8,0,2,2778.419328919202
15,Month-to-month,115.01880111737995,0,0,Electronic check,1,0,18,Male,No,1,0,0,0,1725.2820167606992,6,2,14.028838021979727,26.7481170304005,34,93,1,1,3208.078230558804
19,Month-to-month,110.7536995341305,0,0,Electronic check,1,0,25,Female,No,1,0,0,0,2104.3202911484796,5,4,15.374604486526449,9.852272439043265,-14,142,1,0,3534.421052110763
50,Two year,86.0382934047229,1,1,Credit card,1,1,66,Female,DSL,0,1,0,1,4301.914670236145,2,2,19.240776928660537,59.8709229772836,28,32,0,2,3181.805438029064
11,Month-to-month,59.036856989867594,0,1,Electronic check,0,0,55,Male,DSL,0,0,0,1,649.4054268885435,1,0,6.779345220712555,78.67734606001306,85,2,0,2,2326.185255016711
49,Two year,83.92450517476072,1,1,Credit card,1,0,32,Female,Fiber optic,0,0,0,0,4112.300753563275,0,1,99.96755094783627,47.6951938311808,25,8,0,2,3069.3536881770497
24,Two year,59.66854928365272,1,1,Bank transfer,1,0,41,Male,Fiber optic,1,1,0,1,1432.0451828076652,1,0,0.7123514986678581,50.171741073030354,58,9,0,2,2165.342792655747
19,Month-to-month,94.40779780436546,0,0,Electronic check,1,1,78,Female,DSL,0,0,1,0,1793.7481582829437,16,3,33.29552947975778,8.457184953737618,-36,20,1,1,2182.693580155876
22,Month-to-month,95.31258672486635,0,0,Electronic check,1,1,78,Female,Fiber optic,0,0,1,0,2096.87690794706,8,1,18.16762797239926,24.23529742450377,-41,6,1,1,2129.1144188412322
6,Month-to-month,79.70810387072548,0,0,Electronic check,1,0,43,Female,DSL,0,0,1,1,478.24862322435285,8,3,20.439727106049173,16.589334748304843,-27,44,1,1,1826.152825090028
62,Two year,76.37911412020816,1,1,Bank transfer,1,0,28,Male,Fiber optic,1,0,1,0,4735.505075452906,1,0,53.84846954175495,73.78781917152257,73,22,0,2,4361.210748806793
29,One year,74.6195367737063,0,1,Mailed check,1,0,53,Male,No,0,0,0,1,2163.966566437483,4,0,12.990485265244521,46.237918968094235,68,20,0,2,3670.9516057344154
59,Two year,75.69574886113898,1,1,Bank transfer,1,0,48,Male,No,0,1,1,1,4466.0491828072,2,2,138.80951273312598,74.3527185346248,97,3,0,2,4808.585965842547
34,One year,64.86164897798355,0,1,Mailed check,1,0,59,Female,Fiber optic,0,0,0,0,2205.2960652514407,0,0,63.98139454369675,65.26171431857267,68,13,0,2,3478.2032171977776
11,One year,58.533228949039454,1,0,Mailed check,0,0,60,Female,Fiber optic,0,1,1,1,643.865518439434,2,0,43.70929545862725,58.47354856673235,73,20,0,2,2005.4848655199053
4,One year,77.24923927779216,0,1,Electronic check,0,0,58,Female,Fiber optic,0,1,0,1,308.9969571111686,1,0,22.42953756724273,71.42950721052941,40,11,1,2,2263.207614650553
7,Month-to-month,42.67468766285952,0,0,Electronic check,0,0,48,Male,DSL,1,1,1,0,298.7228136400166,1,0,54.709760533053014,45.18595119590632,24,11,0,2,972.8210455375223
21,Month-to-month,114.18887291042932,0,0,Electronic check,1,0,22,Female,Fiber optic,0,0,0,1,2397.9663311190156,13,4,4.677123998692488,5.123763372903521,-28,91,1,0,3133.3912765624004
41,Two year,91.75958865472025,1,1,Bank transfer,1,0,39,Male,DSL,0,0,0,1,3762.1431348435303,0,0,48.68794617823326,55.96101241762484,62,15,0,2,3601.7835405874907
53,Two year,81.48029953405434,1,1,Credit card,1,0,49,Female,Fiber optic,1,1,0,0,4318.45587530488,0,0,40.07660535150193,61.03844318368455,91,14,0,2,4493.115213818865
14,One year,77.3947336010739,1,0,Credit card,0,0,61,Male,Fiber optic,1,0,0,1,1083.5262704150346,3,0,81.55930139187072,66.46573161063097,67,26,0,2,1939.2126194895045
31,Two year,86.9295753491275,1,1,Bank transfer,1,0,40,Female,Fiber optic,0,0,0,1,2694.8168358229527,3,0,83.38981834377557,54.971704020591474,46,3,0,2,2629.785511205635
10,Month-to-month,35.224015837697905,0,0,Electronic check,1,0,44,Male,Fiber optic,1,0,1,0,352.240158376979,2,1,10.88119774591714,70.02674732467699,52,2,1,2,1388.1179006104328
51,Two year,61.622349501787255,1,1,Bank transfer,1,0,21,Male,Fiber optic,0,0,0,0,3142.73982459115,2,1,149.93978543963667,43.31631609471093,82,4,0,2,3860.5283829267514
7,Month-to-month,81.89620811224917,0,0,Electronic check,1,0,38,Male,DSL,0,1,1,1,573.2734567857442,8,8,3.9706255542966726,29.329262756516744,49,37,0,0,3585.6310199013324
10,Month-to-month,33.62873990223554,0,1,Electronic check,0,0,44,Female,DSL,0,0,0,0,336.2873990223554,4,0,71.38789948803314,79.07542366996974,59,9,0,2,2148.513857002374
26,One year,60.82139376535956,0,1,Bank transfer,0,1,66,Female,DSL,0,0,1,0,1581.3562378993486,4,1,87.42771616144366,61.42801319693291,58,10,0,2,2953.2204343969743
51,Two year,81.58930475039772,1,1,Bank transfer,1,0,29,Female,Fiber optic,0,1,0,0,4161.0545422702835,3,0,24.968537145065486,75.23025425020822,-14,9,0,2,2921.552870573838
10,Month-to-month,67.64930965195926,0,1,Mailed check,1,0,29,Male,No,0,1,1,1,676.4930965195925,2,0,22.76310933597363,49.78304430767491,52,17,1,2,1731.646392552547
52,Two year,95.97820850184407,1,1,Credit card,1,0,47,Male,Fiber optic,0,1,1,0,4990.866842095891,1,0,55.69049063153395,53.714396660029294,-7,1,0,2,2864.992366922447
4,Month-to-month,48.36388506403546,0,0,Electronic check,1,0,40,Female,Fiber optic,0,1,0,0,193.45554025614183,2,0,58.39106459861972,78.13400448677294,100,34,0,2,2839.7368221670145
44,Two year,78.96025713932623,1,1,Credit card,1,1,66,Male,DSL,0,0,1,0,3474.2513141303543,7,0,42.04907096177104,79.70393184356425,49,25,0,2,3675.9266475574886
9,Month-to-month,34.279977641138416,0,0,Mailed check,0,1,74,Female,DSL,1,0,1,1,308.51979877024576,0,0,73.08851633718565,62.1625095975608,70,5,0,2,1920.8134403000838
67,Two year,83.006534019865,1,1,Bank transfer,1,0,56,Male,Fiber optic,0,0,1,1,5561.437779330955,1,1,144.59227485904427,72.22908307729408,92,1,0,2,4533.62309360733
21,Month-to-month,91.80246103109455,0,0,Electronic check,1,1,76,Male,Fiber optic,0,0,0,1,1927.8516816529857,3,0,1.4095290902280886,10.17033527219904,-10,189,1,1,2334.7627479149924
59,Two year,83.85941899941686,1,1,Bank transfer,1,0,29,Male,DSL,0,0,0,1,4947.705720965595,3,0,40.56724216043763,76.79455023657519,-3,100,0,1,4460.713406965745
61,Two year,67.64762805859156,1,1,Bank transfer,1,0,19,Female,No,0,1,0,1,4126.505311574086,2,0,196.36743899124295,59.77457810609943,16,59,0,2,3162.569956275798
13,Month-to-month,104.25149746345943,0,0,Electronic check,1,0,26,Male,Fiber optic,1,0,0,0,1355.2694670249725,8,0,60.1742334054077,20.45070518051692,-10,148,1,1,2365.2393487637587
43,Two year,87.09549286074868,1,1,Credit card,1,0,21,Male,DSL,0,1,0,1,3745.106193012193,0,1,48.95823090175134,40.34380757415603,16,17,0,2,2622.918948020834
45,Two year,86.03074190234989,1,1,Bank transfer,1,1,66,Female,No,1,1,0,0,3871.383385605745,1,1,34.5080824054405,46.291248198481,-13,5,0,2,2011.2130978446355
69,Two year,81.26397858417724,1,1,Credit card,1,0,25,Female,Fiber optic,0,1,1,1,5607.21452230823,1,1,17.175246538699707,41.481070213163406,70,9,0,2,4713.623736476185
16,One year,52.48099501411132,1,1,Bank transfer,0,0,63,Female,Fiber optic,1,0,0,0,839.6959202257812,5,0,23.20223772645006,44.67973468935273,43,6,1,2,1552.34940664392
45,Two year,99.60345504269928,1,1,Credit card,1,0,18,Male,Fiber optic,1,0,0,1,4482.155476921467,2,1,90.76943115458006,79.4371094132899,46,21,0,2,3753.820686171488
15,One year,69.78009819183688,0,0,Bank transfer,1,0,35,Female,Fiber optic,1,0,0,0,1046.7014728775532,0,0,37.444895875129426,57.36179462112928,8,1,0,2,1492.965787525293
5,One year,48.17572286846334,1,0,Electronic check,0,0,60,Female,Fiber optic,1,1,0,0,240.8786143423167,2,0,250.8925276293504,40.901578929110144,46,25,0,2,1162.1466913492636
10,Month-to-month,63.67583934086295,1,0,Electronic check,0,0,58,Female,DSL,1,0,0,1,636.7583934086294,2,0,291.0459963782668,73.37390026413625,69,0,0,2,2841.7205158410497
40,Two year,98.99338611124448,1,1,Credit card,1,0,38,Male,Fiber optic,0,1,0,0,3959.735444449779,0,0,27.231832892685027,71.30631565097976,46,11,0,2,3350.679616917181
54,Two year,76.50701304333586,1,1,Credit card,1,0,60,Female,Fiber optic,0,0,1,1,4131.378704340136,1,1,63.491448359646206,51.15274798198707,37,28,0,2,3403.341629873935
51,Two year,81.34047701198782,1,1,Credit card,1,0,19,Male,Fiber optic,0,1,0,0,4148.364327611379,1,0,52.556484811854425,41.738484667432175,100,3,0,2,4228.232005477461
37,Two year,66.8191175269567,1,1,Bank transfer,1,0,52,Male,DSL,0,0,0,0,2472.307348497398,1,1,37.733713099731446,62.86471848038958,45,5,0,2,3006.079223667021
8,Month-to-month,45.746661372946626,1,0,Mailed check,0,1,76,Male,DSL,0,1,1,1,365.973290983573,5,1,46.176576070030805,58.538670524338,63,43,0,2,2025.2834226020489
21,One year,76.91856692447263,1,0,Mailed check,1,0,27,Male,Fiber optic,0,1,0,0,1615.2899054139252,0,2,35.170877293867626,50.67451256857366,47,1,0,2,2294.8625984124137
9,Month-to-month,46.02680834032478,0,0,Electronic check,0,0,63,Female,Fiber optic,0,1,1,1,414.241275062923,4,0,48.200251826293226,60.458177354197844,37,1,0,2,1378.5853013745757
9,Month-to-month,72.67083359672553,0,0,Electronic check,1,0,49,Female,No,0,0,0,1,654.0375023705298,11,5,12.873866206370527,13.947709047158984,-82,27,1,0,1320.0375273779293
17,One year,65.37478702937385,0,0,Bank transfer,1,0,28,Female,No,0,1,1,1,1111.3713794993555,0,1,64.68233028372758,74.62290659285891,0,38,0,2,1600.5443007856156
43,Two year,88.92597945858518,1,1,Credit card,1,0,56,Male,DSL,1,0,0,0,3823.8171167191626,4,0,52.1753858896716,44.96936730069569,86,5,0,2,3543.782777118802
1,Month-to-month,51.22863035929778,1,1,Electronic check,1,0,42,Male,DSL,0,1,0,1,51.22863035929778,0,1,251.81221084856682,53.93790243172269,29,4,0,2,1087.0584285529933
51,Two year,76.21240732342974,1,1,Bank transfer,1,0,27,Female,Fiber optic,1,1,0,1,3886.832773494917,2,0,1.0696560192798683,52.522920405790245,35,16,0,2,3410.680775144928
29,Two year,83.86901635159444,1,0,Bank transfer,1,0,64,Female,Fiber optic,0,0,1,0,2432.201474196239,2,0,44.88360648353728,57.57850098507554,13,6,0,2,1999.191377066083
16,One year,77.2546230232224,0,0,Bank transfer,0,0,45,Male,DSL,0,0,0,0,1236.0739683715583,0,0,2.3770699093793364,42.10306238320401,15,8,0,2,1295.2308934180578
14,One year,59.2929515812771,0,0,Bank transfer,1,0,56,Male,Fiber optic,1,0,1,1,830.1013221378794,0,1,106.73082115914188,66.58911721354218,44,5,0,2,2072.707412226658
55,Two year,66.64137253664782,1,1,Credit card,1,0,46,Male,DSL,0,0,0,0,3665.2754895156304,1,0,72.94536690153386,57.86569671392562,60,9,0,2,3669.1313494240308
43,Two year,85.40356423638875,1,1,Credit card,1,0,18,Male,No,0,0,0,1,3672.353262164716,3,0,86.48748446748345,41.82969421905643,38,22,0,2,3628.1894294728336
27,Two year,76.75812309829215,1,0,Bank transfer,0,0,56,Female,DSL,1,1,1,0,2072.469323653888,1,0,4.544980286556689,54.09751806674796,12,12,0,2,2004.9949137298026
36,Two year,60.11684130485448,1,1,Bank transfer,1,0,58,Male,DSL,0,0,0,0,2164.2062869747615,1,0,152.16969325157913,77.78682061407747,34,22,0,2,2543.1072317262388
3,Month-to-month,36.517036178453594,0,1,Mailed check,1,0,49,Male,No,0,0,1,1,109.55110853536078,5,1,114.03663942779019,43.07658382877981,46,12,0,2,1544.3387767194179
21,Month-to-month,114.5934102190663,0,0,Electronic check,1,1,73,Female,Fiber optic,0,0,0,0,2406.4616146003923,4,2,9.991586840136522,15.938515795076697,-61,124,1,0,2123.9538688842104
2,Month-to-month,60.42857965869871,0,1,Electronic check,1,0,52,Male,No,0,0,1,0,120.85715931739742,3,1,50.15000963506475,77.91732746742748,43,50,0,2,1319.833158139183
15,One year,74.15203072048756,1,0,Mailed check,0,0,63,Female,DSL,1,1,0,1,1112.2804608073134,4,0,153.9668406248362,68.12389359444208,54,4,0,2,2628.935866859188
28,One year,71.57417664027585,1,0,Credit card,0,0,37,Male,DSL,0,1,1,0,2004.076945927724,1,0,32.08671276729774,41.56462817338643,58,10,0,2,2279.5316556645143
25,Two year,73.24434086794021,1,1,Bank transfer,0,0,43,Female,Fiber optic,1,0,0,1,1831.1085216985052,5,2,7.468738428422056,48.0332713162761,52,55,1,1,3160.0643845960226
13,One year,80.60973291443034,0,0,Mailed check,0,0,40,Female,Fiber optic,1,0,1,0,1047.9265278875944,5,1,63.46751929728561,48.3385960224876,76,42,0,2,2944.237154097347
62,Two year,69.15578419386455,1,1,Credit card,1,0,42,Female,Fiber optic,0,0,0,1,4287.658620019602,3,1,40.928239692718414,70.56974799784547,88,12,0,2,4421.63275737493
14,One year,77.34690086958027,0,0,Mailed check,1,0,57,Female,DSL,1,1,1,1,1082.8566121741237,2,1,14.947166769302276,45.93475245841052,30,22,0,2,1706.2634473662306
29,Two year,66.4082002113413,0,0,Credit card,0,1,74,Female,Fiber optic,1,0,0,1,1925.8378061288977,1,2,12.329646005526298,65.36788545915141,88,3,0,2,2929.0280075963346
28,Two year,89.29875383146775,1,1,Bank transfer,1,1,72,Male,No,0,0,1,1,2500.365107281097,0,0,98.8380268182502,76.51239739318765,23,31,0,2,2570.739598362202
43,Two year,64.23722850233972,1,1,Bank transfer,1,0,53,Male,DSL,0,0,0,0,2762.200825600608,1,0,74.11527650545199,52.8821027654908,64,9,0,2,3992.491600373198
6,One year,56.221817292887465,0,1,Mailed check,0,0,22,Female,Fiber optic,0,1,0,0,337.3309037573248,1,0,29.473652450343252,68.93306119172384,78,1,0,2,2517.4807956255427
27,Two year,83.98852178321576,1,1,Mailed check,1,0,60,Female,DSL,0,0,1,0,2267.6900881468255,5,0,9.286990029036211,48.5515058986574,12,85,0,1,3306.114499773135
31,One year,89.41540561071622,0,1,Credit card,0,0,42,Male,Fiber optic,1,0,0,0,2771.8775739322027,1,0,122.05466376966521,68.96936707090433,-1,10,0,2,2189.7822410990957
63,Two year,76.27887638537055,1,1,Bank transfer,1,0,64,Male,Fiber optic,0,1,0,0,4805.569212278345,2,1,1.398119329675783,46.7994246286071,47,24,0,2,4172.41214747688
18,Month-to-month,93.3551846157135,0,0,Electronic check,1,0,50,Male,Fiber optic,0,0,1,0,1680.393323082843,5,1,7.749541142840366,14.81945117795805,-65,54,1,1,1699.5203502081608
32,One year,84.32312288899774,0,1,Mailed check,1,0,43,Female,DSL,0,1,0,0,2698.339932447928,2,0,2.714798064369391,74.50881166193108,30,3,0,2,2479.308995472857
7,Month-to-month,39.55259343543414,1,0,Electronic check,0,0,30,Male,Fiber optic,1,1,1,0,276.868154048039,3,3,6.612651436711932,73.2014976272841,49,16,0,1,2315.7242548622057
12,Month-to-month,102.04856620610687,0,0,Electronic check,1,1,77,Female,Fiber optic,0,1,0,0,1224.5827944732823,4,1,39.43796627952744,13.479344664855706,-26,24,1,1,2430.0117099798726
51,Two year,96.71009956685509,1,1,Bank transfer,1,0,59,Male,Fiber optic,1,1,0,0,4932.21507790961,1,0,34.41449665777179,46.52661213963637,26,18,0,2,3393.5187978382196
16,Month-to-month,85.57078769405794,0,0,Electronic check,1,1,74,Female,Fiber optic,1,0,0,0,1369.132603104927,8,4,25.705691982758406,28.265397595083446,-35,23,1,1,1485.587158621055
64,Two year,63.413653459372995,1,1,Bank transfer,1,0,19,Male,No,0,0,1,0,4058.4738213998717,3,2,227.50555299123448,47.237115447254986,69,2,0,2,4551.289437906269
7,Month-to-month,116.18013339889589,0,0,Electronic check,1,1,76,Male,DSL,1,0,0,0,813.2609337922712,9,6,13.835541142380222,21.50308757131248,0,31,1,0,3199.032081068639
10,Month-to-month,105.6330612823373,0,0,Electronic check,1,1,74,Female,No,1,1,1,1,1056.330612823373,9,3,72.74212359419148,14.334829240454704,-18,12,1,1,1880.4218226694804
5,Month-to-month,64.4554540743412,0,0,Electronic check,0,0,21,Male,No,0,0,0,0,322.27727037170604,3,0,37.00192260241681,66.88098741797819,36,3,0,2,1618.2484112312482
24,One year,73.05235279556226,1,0,Bank transfer,1,0,51,Female,Fiber optic,1,1,1,1,1753.2564670934942,0,0,17.069756614318916,67.93202000565552,89,1,0,2,3045.409019423105
1,Month-to-month,71.99991116219715,1,0,Mailed check,1,0,52,Female,Fiber optic,0,1,0,1,71.99991116219715,1,0,16.53892408174795,44.5992461873383,49,7,0,2,1437.2630135665702
30,One year,67.06276018846144,1,1,Credit card,0,0,22,Male,DSL,1,0,1,1,2011.8828056538432,3,0,29.44689963056042,55.124754891581816,28,6,0,2,2431.2722433802114
11,Month-to-month,107.21176292186195,0,0,Electronic check,1,0,42,Female,DSL,0,0,0,0,1179.3293921404813,9,3,0.7260619872967045,17.403386702498306,-1,184,1,0,3168.3741427959003
23,Month-to-month,73.99575546733034,0,0,Electronic check,1,0,52,Male,No,0,0,1,0,1701.902375748598,10,6,2.2610480733455858,5.962825235757714,-12,43,1,0,3149.5233268630623
64,Two year,87.4962545654495,1,1,Credit card,1,1,67,Female,No,0,0,0,0,5599.760292188768,4,0,21.696972495085763,69.06508927788218,55,3,0,2,4334.913820085905
4,Month-to-month,79.35500429620583,0,0,Electronic check,1,1,67,Male,Fiber optic,1,0,1,1,317.42001718482334,0,1,32.919795878742484,49.104999296208405,61,25,0,2,1391.2035960679368
7,Month-to-month,89.76462489753358,0,0,Electronic check,1,0,55,Female,No,1,0,1,1,628.352374282735,10,1,3.6108503993809897,11.199111334173722,-10,225,1,0,2842.1023844911474
13,Month-to-month,114.11405475226915,0,0,Electronic check,1,1,70,Female,No,0,0,0,1,1483.482711779499,12,1,13.833263068171508,13.646441047229935,-43,122,1,1,1854.0541788209705
9,Month-to-month,93.29358644538377,0,0,Electronic check,1,0,64,Male,Fiber optic,0,1,0,1,839.6422780084539,12,1,33.52053160864734,27.424392522899524,-34,23,1,1,1960.6110274908135
9,Month-to-month,42.97245855340381,0,0,Mailed check,1,0,30,Male,DSL,1,1,1,0,386.75212698063433,2,2,15.667087333284158,64.11711427284507,69,1,0,2,1360.903387459965
15,Two year,64.39631709974694,0,1,Mailed check,0,0,28,Male,Fiber optic,1,0,0,1,965.944756496204,2,0,0.6344684554379156,53.61261169834629,75,36,0,2,2590.3516019309995
14,Month-to-month,104.29362276157201,0,0,Electronic check,1,1,66,Male,Fiber optic,1,0,0,0,1460.1107186620081,13,2,4.022720169039045,12.98876438773507,19,25,1,1,2497.592850957662
20,Month-to-month,109.19584644232742,0,0,Electronic check,1,0,40,Male,DSL,0,0,1,0,2183.916928846548,11,1,21.896469937435977,23.410052732616474,-19,154,1,1,2431.5503360943617
8,Month-to-month,81.32303018790275,0,0,Electronic check,1,0,63,Female,Fiber optic,0,1,1,0,650.584241503222,3,7,2.3499808387705188,22.19944069073668,-35,0,1,0,2238.406927223868
13,Month-to-month,81.59924924918442,0,0,Electronic check,1,0,26,Female,Fiber optic,0,1,0,1,1060.7902402393975,15,2,25.132611759801907,17.199047509505256,-10,61,1,1,2188.7227639754765
69,Two year,80.81186307674616,1,1,Bank transfer,1,0,30,Female,Fiber optic,0,0,0,0,5576.018552295485,3,1,23.042998080339252,41.218654483335676,58,38,0,2,4026.3527184849177
20,Month-to-month,109.28008962115112,0,0,Electronic check,1,0,39,Female,No,0,1,0,0,2185.6017924230223,7,1,16.933379358672756,24.14995715112045,-34,89,1,1,2491.0139884350547
23,Two year,50.39518426568226,0,0,Mailed check,0,1,72,Male,DSL,1,0,0,0,1159.089238110692,4,0,123.84923709383777,57.25140351744002,26,33,0,2,1898.9840107969753
63,Two year,90.0971105046229,1,1,Bank transfer,1,0,35,Male,No,0,0,0,1,5676.117961791243,0,0,11.098294670315287,52.06137283665947,22,29,0,2,3588.1599762342657
12,One year,60.854760601002255,1,0,Mailed check,0,1,70,Male,Fiber optic,0,0,0,0,730.2571272120271,2,0,158.6982204458122,47.39061009569926,47,0,0,2,1994.1349385001195
6,Month-to-month,117.57497196136762,0,0,Electronic check,1,1,65,Male,No,0,0,0,0,705.4498317682057,9,4,6.2831524565020125,10.280818876225924,-40,40,1,1,1924.4102162366912
14,Month-to-month,88.5559845609366,0,0,Electronic check,1,1,77,Male,Fiber optic,1,0,1,1,1239.7837838531123,7,7,2.2999504960209256,9.891796944805744,-31,6,1,0,2643.2520116206747
9,One year,56.00903682833798,0,0,Electronic check,1,0,33,Female,DSL,1,0,0,0,504.08133145504183,2,1,129.4024691092275,50.46103370967497,77,1,0,2,2053.904421441027
68,Two year,72.5967835445187,1,1,Credit card,1,1,79,Female,No,0,0,0,1,4936.581281027272,2,0,18.977451031254954,55.28258772482036,63,21,0,2,4195.422456942761
5,Month-to-month,56.36554478211967,0,0,Electronic check,1,0,35,Female,DSL,1,1,0,1,281.82772391059837,0,0,208.65728840702698,41.48993485884016,13,11,0,2,242.60320529974706
70,Two year,88.85573804425152,1,1,Credit card,1,1,68,Male,DSL,1,0,0,0,6219.901663097607,4,0,58.773134642025724,65.70606398121365,52,15,0,2,4034.533089068312
19,Month-to-month,70.32447606934986,0,0,Electronic check,1,0,56,Female,DSL,0,0,0,1,1336.1650453176474,6,2,23.138154715117597,25.706941773662802,-53,17,1,1,1177.2547115282614
27,Two year,66.82041432306129,0,1,Bank transfer,1,0,37,Male,Fiber optic,0,0,1,0,1804.1511867226548,2,0,16.031055986178462,51.06500355059094,22,30,0,2,2301.6912792256167
4,One year,43.033319128105084,0,1,Mailed check,1,0,30,Male,Fiber optic,0,0,0,0,172.13327651242034,1,1,6.634000211206285,69.8359268077021,50,2,0,2,1261.9433444789624
31,Two year,88.00673363052374,0,0,Credit card,1,0,47,Male,Fiber optic,0,0,0,0,2728.208742546236,1,0,8.827834473988624,46.17027353860236,23,5,0,2,3052.5335554789012
4,Month-to-month,30.33940870117949,1,0,Electronic check,1,0,25,Female,Fiber optic,1,0,1,0,121.35763480471796,2,0,3.5340914145428344,59.403222753112146,26,7,0,2,849.6032612682751
61,Two year,71.11010494997045,1,1,Bank transfer,1,0,27,Male,DSL,1,0,0,0,4337.716401948197,1,0,21.6134981993631,79.99591675711834,-1,6,0,2,2784.203653649506
7,Month-to-month,77.53031857899364,1,0,Mailed check,1,0,40,Female,Fiber optic,0,1,0,0,542.7122300529555,2,0,34.571321191556535,51.52419393886331,42,6,1,2,2132.5108844348847
40,Two year,65.56792098470119,1,1,Bank transfer,1,0,24,Male,Fiber optic,0,0,1,1,2622.7168393880474,2,0,1.8224267508157508,40.218196686827206,38,18,0,2,2659.674126534748
39,Two year,96.21439497111481,1,1,Bank transfer,1,0,58,Male,Fiber optic,1,0,1,0,3752.3614038734777,2,0,68.56431657697998,66.88291555427067,34,1,0,2,3383.30360747033
20,Month-to-month,92.87727036867061,0,0,Electronic check,1,0,20,Male,Fiber optic,1,0,0,0,1857.5454073734122,7,2,6.194568266343619,15.688372386602952,-9,20,1,1,2720.4644038523893
28,Two year,51.79433344741543,0,0,Credit card,0,0,25,Female,DSL,1,0,1,0,1450.241336527632,0,0,116.39431513447813,69.6196621195872,4,7,0,2,1380.6421679823554
12,One year,69.9726059232498,0,1,Bank transfer,0,0,47,Female,DSL,0,0,1,1,839.6712710789976,1,1,7.713765467011139,55.504410407833525,69,3,0,2,2455.650261063915
15,Month-to-month,83.36036383782846,0,0,Electronic check,1,1,70,Male,DSL,0,1,0,1,1250.4054575674268,4,5,6.639762466817811,20.74941780828552,-11,53,1,0,3531.5135902486218
22,One year,54.99405913733138,0,0,Credit card,0,0,34,Female,No,1,0,0,1,1209.8693010212903,2,0,22.574867587181142,72.57781459247084,94,3,0,2,3242.7868048368287
3,One year,44.78764173101647,1,1,Mailed check,1,0,63,Female,Fiber optic,1,0,1,0,134.36292519304942,4,0,171.4310336964737,52.399821556085854,79,9,0,2,1534.8470723982368
1,Month-to-month,57.114998781053956,1,1,Mailed check,0,1,78,Female,Fiber optic,1,1,0,1,57.114998781053956,0,0,42.213829231004794,64.09840776712957,100,1,0,2,2747.424620689511
40,Two year,68.39011790734725,1,1,Bank transfer,1,0,53,Male,DSL,0,0,1,1,2735.60471629389,2,0,47.97512196465048,61.825420872067056,70,12,0,2,4112.781232688603
31,One year,87.0904930317455,0,1,Bank transfer,1,0,57,Female,DSL,0,0,0,1,2699.8052839841102,1,0,25.2669372203203,59.86912791718423,27,5,0,2,2909.933142986142
3,Month-to-month,79.03241097820248,0,0,Electronic check,0,0,27,Female,Fiber optic,0,1,0,1,237.09723293460743,2,0,65.75797956215548,77.52398477245808,23,14,0,2,783.7713420735671
57,Two year,65.74169448157572,1,1,Bank transfer,1,1,66,Male,Fiber optic,1,0,1,0,3747.276585449816,3,0,7.05928631793036,76.02363214340944,38,1,0,2,3374.2660700391916
29,One year,68.70632496752164,1,0,Credit card,0,0,35,Male,Fiber optic,0,0,0,1,1992.4834240581274,0,2,48.28180059984964,48.52630987730534,63,19,0,2,2984.1419286394175
15,Month-to-month,83.33298291941006,0,0,Electronic check,1,1,67,Male,No,0,0,1,1,1249.9947437911508,8,5,5.823740320577368,8.132809531265831,-55,13,1,0,2634.727554662061
9,One year,67.11551227668622,1,1,Electronic check,0,0,62,Female,Fiber optic,0,0,1,0,604.039610490176,3,0,276.61482341139055,77.7672507146465,58,48,0,2,2116.466802392655
26,Two year,85.40215012119863,0,0,Mailed check,0,0,27,Female,Fiber optic,0,0,0,1,2220.4559031511644,0,0,50.1544668981851,59.93332936582881,59,21,0,2,2960.216249698012
34,One year,75.42947113021077,0,0,Credit card,1,0,22,Female,Fiber optic,1,1,0,0,2564.602018427166,0,1,28.53024971655995,55.578712692752816,14,2,0,2,2042.6165291673503
16,Month-to-month,101.49418518355998,0,0,Electronic check,1,0,58,Male,Fiber optic,0,1,0,1,1623.9069629369596,6,5,29.563117676318544,9.634721809221315,26,92,1,0,3945.422412173421
18,Month-to-month,92.85011546884704,0,0,Electronic check,1,0,64,Male,DSL,0,1,1,0,1671.3020784392465,15,1,20.234662879797696,23.41550595302279,15,39,1,1,2069.798549094719
8,Month-to-month,112.54029789837244,0,0,Electronic check,1,0,42,Male,Fiber optic,0,0,0,1,900.3223831869796,10,2,0.834348873200167,29.454593586843025,-20,6,1,1,2795.5426539144223
8,Month-to-month,59.011426609957084,0,1,Mailed check,1,0,40,Male,No,0,0,0,1,472.0914128796567,1,1,134.5485905863294,70.83884771361173,94,0,0,2,2449.5743033379163
2,Month-to-month,35.87786245604683,0,1,Mailed check,1,0,28,Male,DSL,1,0,1,0,71.75572491209365,2,1,68.53006703684126,75.94849068711335,2,16,0,2,364.56357273961225
2,Month-to-month,63.14531261722829,0,0,Electronic check,1,0,58,Male,Fiber optic,0,0,0,1,126.29062523445658,2,1,46.1933323311996,62.80860696566637,64,3,0,2,2338.0956814715846
6,Month-to-month,40.016991054822114,0,0,Mailed check,0,0,36,Female,Fiber optic,0,0,1,1,240.10194632893268,4,0,27.786387827929225,70.22602302625623,-17,4,0,2,450.94694178175655
4,One year,64.29381375432322,0,0,Electronic check,1,0,18,Female,DSL,1,0,1,1,257.1752550172929,4,2,2.6855786346750223,55.49441029043201,29,5,1,1,2211.976293273508
54,Two year,83.63469765084166,1,1,Bank transfer,1,0,18,Male,No,0,0,1,1,4516.27367314545,3,1,25.208427390232515,76.10132526529175,27,8,0,2,3325.5249101678805
12,Month-to-month,116.5612379589449,0,0,Electronic check,1,0,23,Male,No,1,0,0,0,1398.7348555073388,4,3,4.524742215870302,11.696509353765498,-32,10,1,1,1892.480868847998
61,Two year,73.03292470257799,1,1,Credit card,1,0,55,Female,Fiber optic,0,0,0,1,4455.008406857257,0,1,20.495967475607486,55.28739577723552,15,11,0,1,4479.909311733158
7,Month-to-month,69.2904242122175,1,0,Mailed check,0,0,48,Male,DSL,0,1,1,0,485.03296948552253,4,0,3.1612116204074874,57.96779128323112,25,0,1,2,827.6209966451519
11,Month-to-month,62.05030286603506,0,1,Electronic check,1,0,37,Male,DSL,0,0,1,1,682.5533315263857,1,2,80.39058022177281,52.0876498170911,3,4,0,2,1089.7773309337565
71,Two year,70.64077112021523,1,1,Credit card,1,0,38,Male,Fiber optic,0,0,0,0,5015.494749535282,1,0,82.79373072270528,53.08026231199386,74,14,0,2,4520.9075008656
42,Two year,97.92433280685769,1,1,Bank transfer,1,0,29,Male,DSL,0,0,0,1,4112.821977888023,3,0,4.204860366391853,68.5701521304114,34,10,0,2,3662.855157478182
40,Two year,76.05782523652775,1,1,Credit card,1,0,64,Male,Fiber optic,1,0,0,0,3042.3130094611097,3,0,90.36720376031344,40.62265877792198,30,51,0,2,2772.945330545743
62,Two year,86.69401592185713,1,1,Credit card,1,0,50,Male,No,0,1,0,1,5375.028987155142,1,1,48.95466512437248,48.07569254244683,40,12,0,2,3846.733524573329
11,One year,42.44717623984364,0,1,Electronic check,0,0,27,Male,DSL,1,0,0,0,466.91893863828005,2,1,16.88079494815903,42.60127183073007,24,9,0,2,1564.3860418878182
39,Two year,75.96400752294892,1,1,Bank transfer,1,0,53,Male,DSL,0,1,1,0,2962.5962933950077,3,1,53.868995649257826,57.23027099390531,65,13,0,2,3139.7573531098838
3,Month-to-month,52.66853028020786,0,0,Mailed check,1,0,42,Female,No,1,0,1,1,158.0055908406236,0,0,58.999660617149736,42.649598715431466,96,70,0,2,1923.4799303575066
28,Two year,52.99152658011461,0,0,Bank transfer,1,0,30,Male,Fiber optic,0,0,0,0,1483.762744243209,4,0,7.9645716756133105,63.80334018962614,96,37,0,2,2943.0240285119453
2,Month-to-month,68.10163605195255,1,0,Mailed check,0,0,26,Male,DSL,0,0,0,0,136.2032721039051,5,1,7.110745823195658,57.27387284786303,30,9,1,1,1731.1763048760822
18,Month-to-month,101.10988231400665,0,0,Electronic check,1,0,62,Male,Fiber optic,0,0,0,0,1819.9778816521198,7,5,21.642586899359067,20.321485738826137,-43,47,1,0,2499.893992380242
18,One year,88.84116524980399,1,1,Bank transfer,1,0,61,Male,No,0,0,1,1,1599.140974496472,3,0,129.89293570283516,60.48800206268624,26,15,0,2,2062.7229668144764
11,Month-to-month,45.83012174137065,0,1,Mailed check,0,0,46,Male,Fiber optic,1,1,1,0,504.1313391550771,3,0,22.449270353839953,74.3774946788576,31,7,0,2,1814.3706105916674
16,Month-to-month,77.72860757373837,0,0,Electronic check,1,0,30,Male,DSL,0,0,0,1,1243.657721179814,8,6,23.52987622229296,13.867533283146182,-10,0,1,1,1963.1218774594563
11,Month-to-month,34.37872814931191,0,1,Electronic check,0,0,37,Male,DSL,0,0,0,1,378.16600964243105,2,0,6.856816293226834,77.56308859890535,40,3,0,2,1500.1530267673663
31,One year,51.22167912598953,1,0,Mailed check,0,1,75,Female,DSL,0,0,1,0,1587.8720529056754,4,1,49.294924565570845,51.589816608876376,37,12,1,2,2110.718194759711
12,Month-to-month,104.56932226075094,0,0,Electronic check,1,1,68,Female,Fiber optic,0,0,0,1,1254.8318671290112,8,2,35.23423136302131,16.767235978980956,-13,3,1,1,2198.971066673996
40,Two year,72.12776237844184,1,1,Credit card,1,0,30,Male,Fiber optic,0,0,0,1,2885.1104951376738,1,0,165.77100682639824,48.47462653052933,34,15,0,2,3157.15097479949
6,Month-to-month,38.44168033262851,0,1,Electronic check,1,0,47,Female,DSL,0,0,0,1,230.65008199577105,3,1,111.7740855569406,42.03735474924763,52,3,1,2,1824.587400755653
11,One year,69.2833300972228,1,1,Electronic check,1,0,32,Male,DSL,0,1,0,0,762.1166310694508,2,0,110.57895348250258,77.45371790548623,37,35,0,2,1688.2533091815997
49,Two year,86.61168407912221,1,1,Bank transfer,1,0,61,Male,No,1,1,0,0,4243.972519876988,2,0,76.230141740978,48.64960180395166,37,5,0,2,3736.3657285138584
5,Month-to-month,73.17457252314091,1,1,Electronic check,0,0,45,Female,No,0,0,1,0,365.87286261570455,1,3,42.93084637653405,54.246083167324414,8,4,0,1,1835.0601521880742
35,Two year,84.11224444363609,1,0,Bank transfer,0,0,50,Female,Fiber optic,0,0,0,0,2943.928555527263,1,1,81.4773836164069,67.66309853557362,-2,18,0,2,2153.0102986948627
7,Month-to-month,115.07928131049314,0,0,Electronic check,1,0,44,Male,DSL,1,1,1,1,805.554969173452,8,3,7.6865040362276735,19.93923185755641,-20,30,1,1,1680.5689862072527
57,Two year,89.2198544383516,1,1,Bank transfer,1,0,28,Female,No,0,0,1,1,5085.531702986042,1,1,106.58131509012316,60.29831020151272,52,1,0,2,4106.094549422506
7,Month-to-month,63.40097262562799,1,1,Electronic check,1,0,57,Female,Fiber optic,1,0,0,0,443.80680837939593,1,0,28.655512746844536,51.330604021325435,56,9,0,2,1596.5910512671444
2,One year,45.68910716528644,1,0,Electronic check,0,0,18,Female,No,0,0,0,0,91.37821433057287,1,0,101.70864333991565,46.7282592021411,2,9,0,2,1135.1069788564623
6,Month-to-month,42.049812899795896,1,0,Mailed check,0,0,47,Male,Fiber optic,0,0,1,1,252.29887739877537,1,0,177.45782166050617,55.01065896655609,31,7,0,2,974.6590866936335
5,Month-to-month,74.60371755468103,1,0,Mailed check,0,0,47,Female,Fiber optic,1,0,1,0,373.0185877734051,7,1,152.660860597653,59.46415557232263,65,10,0,2,2011.6332039358338
37,Two year,83.20886075140118,1,1,Credit card,1,0,18,Female,No,1,0,1,1,3078.7278478018434,2,1,24.077141020774246,56.36211875017761,24,2,0,2,2326.0101299264734
15,Two year,63.43593080468028,1,0,Credit card,1,0,54,Female,No,1,1,1,0,951.5389620702042,2,0,24.761965481735533,53.35241607315959,9,1,0,2,1779.2048808542252
6,One year,32.58428399555659,0,1,Mailed check,0,0,62,Female,Fiber optic,0,0,0,1,195.50570397333954,3,1,74.57947797873628,50.73562636164918,15,17,0,2,761.3409698777257
46,Two year,63.542223368929655,1,1,Bank transfer,1,0,43,Female,No,1,1,1,0,2922.942274970764,4,0,60.2058539764535,69.2619019409574,-52,11,0,2,1734.344685426752
9,Month-to-month,83.68477579831745,0,0,Electronic check,1,0,48,Female,Fiber optic,0,0,0,1,753.162982184857,4,2,13.361753865737429,22.294823194584282,-44,29,1,1,2000.4388491858845
39,Two year,76.631900027498,1,1,Bank transfer,1,0,31,Female,Fiber optic,1,1,0,0,2988.644101072422,3,0,45.26794079494057,68.16697849620039,8,8,0,2,2629.8757864314653
30,Two year,65.2258458678983,1,1,Bank transfer,1,0,22,Female,Fiber optic,1,0,1,1,1956.775376036949,3,0,17.8994621059043,46.792192587316876,11,18,0,2,2090.2542491585414
46,Two year,82.36739227317307,1,1,Credit card,1,0,48,Male,Fiber optic,1,1,1,0,3788.9000445659613,2,0,127.11014605847271,59.91448510079027,38,5,1,2,2852.386087050861
20,Two year,65.3406037804122,1,1,Credit card,0,0,59,Male,Fiber optic,1,1,1,0,1306.812075608244,1,0,42.06060525621138,57.931728412843,45,0,0,2,2148.9614181724837
27,One year,75.05460431523623,0,1,Mailed check,0,1,78,Female,Fiber optic,0,1,0,0,2026.4743165113782,2,1,12.965263883197311,55.811625765780605,65,1,0,2,3040.3537576844355
22,Month-to-month,94.41096795996192,0,0,Electronic check,1,1,75,Female,DSL,1,0,1,0,2077.0412951191624,5,4,47.38769971736854,27.963444753844424,-10,65,1,1,3042.998131951008
11,Month-to-month,91.41751419065753,0,0,Electronic check,1,0,19,Female,DSL,0,0,1,0,1005.5926560972327,9,3,31.617495446084433,27.312286665040684,22,51,1,1,2519.8015518643174
3,Month-to-month,62.22115848149083,0,0,Mailed check,1,0,25,Male,Fiber optic,0,1,1,0,186.6634754444725,1,1,103.02809011168985,57.1294700932103,70,4,0,2,1995.2001353167088
16,One year,63.817744378420564,1,1,Credit card,1,0,31,Female,No,0,0,1,0,1021.083910054729,0,0,119.620906640262,48.261254263249484,20,5,0,2,1347.7640111349688
5,Month-to-month,49.844469654451984,0,0,Electronic check,1,0,27,Male,No,0,0,0,1,249.22234827225992,7,0,72.83468071157603,52.04237172132328,-21,2,0,2,417.10109553185436
6,Month-to-month,82.52507123479698,0,0,Electronic check,1,0,27,Male,DSL,1,0,0,0,495.15042740878187,9,3,4.742291929567536,28.56912975301587,20,132,1,0,2761.484330912348
67,Two year,71.89420192947355,1,1,Credit card,1,0,23,Male,DSL,0,0,1,0,4816.911529274728,1,1,7.437215631931394,42.20086241762694,30,4,0,1,4385.833230396816
11,Month-to-month,64.45716784901688,0,1,Mailed check,1,0,63,Female,DSL,0,0,1,0,709.0288463391857,1,0,0.6007692422393482,77.77582914053941,31,15,0,2,2159.596695522753
29,One year,55.84661415247349,1,0,Mailed check,1,0,59,Female,DSL,1,0,0,1,1619.5518104217313,1,0,56.466414766691145,72.75731801861916,71,19,0,2,2631.7984940232645
19,One year,75.85874081726197,1,0,Mailed check,0,0,33,Female,No,0,1,1,0,1441.3160755279775,2,0,143.75582320483346,63.98979822914325,23,11,0,2,1967.1030382082174
30,One year,57.641806426211815,0,1,Bank transfer,0,0,48,Male,Fiber optic,1,0,0,1,1729.2541927863545,3,0,29.496920097217984,46.43992272044352,71,7,0,2,3131.3606660988808
5,One year,49.813863124585026,0,1,Electronic check,0,0,55,Male,Fiber optic,1,0,0,0,249.06931562292513,1,0,19.030916797397865,73.1794722607022,51,32,0,2,1271.643243621914
47,Two year,89.38311692485652,1,1,Bank transfer,1,0,48,Female,Fiber optic,0,1,0,0,4201.006495468257,3,0,10.225819898132048,49.72087853895887,52,4,0,2,4059.4685987991616
17,Month-to-month,83.14115131061943,0,0,Electronic check,1,0,35,Male,DSL,0,0,1,0,1413.3995722805305,6,2,11.275258026729327,20.782249773300798,-69,27,1,1,1793.1956422553155
20,Month-to-month,80.86167372962174,0,0,Electronic check,1,0,18,Female,Fiber optic,0,0,1,1,1617.233474592435,11,1,21.666215310656618,24.98599541772462,-13,1,1,1,1503.9410567028592
32,Two year,76.77924019560112,1,0,Bank transfer,1,0,53,Female,DSL,1,1,0,0,2456.935686259236,0,0,9.75861456713112,68.8773861091147,0,12,0,2,2154.670775087605
6,Month-to-month,115.64293449821938,0,0,Electronic check,1,0,62,Male,DSL,1,0,0,0,693.8576069893163,2,1,4.883426175766112,14.932813023235829,-53,66,1,1,1625.234413466687
5,Month-to-month,37.056305914966096,1,0,Electronic check,1,0,31,Female,DSL,0,0,0,0,185.28152957483047,4,1,109.65953875552019,67.71770331526525,34,42,0,2,1138.222197931577
27,One year,73.73904799417218,0,1,Bank transfer,1,0,20,Male,Fiber optic,1,1,1,0,1990.954295842649,4,1,3.0006516112887396,65.02644482902349,27,9,0,2,1801.4350005072042
15,One year,76.5687188911553,0,0,Bank transfer,1,0,23,Female,Fiber optic,1,1,0,1,1148.5307833673296,0,0,22.161922214710444,65.01210066251389,-27,2,0,2,862.136601416958
1,Month-to-month,63.168130547824646,0,0,Electronic check,0,0,60,Male,DSL,1,0,0,1,63.168130547824646,1,1,47.25711010228036,71.88277653844048,62,9,0,2,1118.5290142755603
69,Two year,93.5306143818282,1,1,Bank transfer,1,0,46,Female,No,1,0,0,1,6453.6123923461455,1,1,51.689659999009194,74.72181034862966,50,0,0,2,4475.840956492612
40,Two year,91.45103827028379,1,1,Credit card,1,0,58,Male,Fiber optic,0,1,0,0,3658.0415308113515,0,1,163.26698126599996,56.56368390385589,39,20,0,2,2830.2060910578957
2,Month-to-month,79.24645542207458,1,0,Electronic check,0,0,61,Male,Fiber optic,0,1,0,0,158.49291084414915,4,2,85.64869533473444,70.56467440756687,61,0,0,2,1704.4639707574097
11,Month-to-month,86.73325049922724,0,0,Electronic check,1,0,60,Male,DSL,0,0,0,0,954.0657554914997,7,3,81.5936311620888,26.182782670609644,10,5,1,1,2776.919034290878
7,Month-to-month,38.22626861964062,0,0,Mailed check,0,0,30,Male,Fiber optic,1,0,1,0,267.58388033748435,2,0,9.448586346080239,56.169137316088,100,22,0,2,2792.3434877024483
11,One year,63.467417538139806,0,0,Mailed check,1,0,25,Female,DSL,0,0,1,0,698.1415929195379,3,0,61.47145322827611,58.19526581233245,76,49,0,2,2104.4270087532773
7,Month-to-month,51.20925278729881,0,0,Mailed check,1,0,47,Female,Fiber optic,1,0,1,0,358.4647695110917,5,0,74.29261903846417,78.0584643656337,45,44,0,2,880.4245963417505
52,Two year,73.74241899102816,1,1,Credit card,1,0,46,Male,Fiber optic,0,1,0,0,3834.6057875334645,3,0,54.442441070348394,77.34793957748161,45,12,0,2,3376.5041217947805
22,One year,65.71569183324716,1,0,Credit card,0,0,54,Female,DSL,0,0,0,0,1445.7452203314376,0,1,20.20841107940278,46.176331810597034,100,25,0,2,2962.9554781558973
10,Month-to-month,47.05239364153118,0,0,Electronic check,1,0,60,Male,Fiber optic,1,0,1,0,470.5239364153118,1,0,9.452570448585156,75.36742662596924,23,6,0,2,1497.1269834810964
58,Two year,91.56643386354926,1,1,Bank transfer,1,0,51,Female,DSL,1,1,1,1,5310.853164085857,2,1,2.262402422009115,67.51834608568491,15,29,0,2,3287.681709437799
17,Month-to-month,102.18702291886233,0,0,Electronic check,1,1,65,Female,Fiber optic,0,1,0,0,1737.1793896206595,10,1,25.652817159380163,10.266193717123318,-5,187,0,1,2378.011408600227
2,One year,65.66608647506362,0,1,Electronic check,0,0,64,Male,No,1,0,1,1,131.33217295012724,1,0,27.93508125319562,64.85669683603498,100,11,0,2,2483.881380306808
2,Month-to-month,67.62046166060045,1,1,Electronic check,0,0,18,Male,Fiber optic,1,0,0,0,135.2409233212009,5,1,42.96688271269815,53.11167754100665,19,23,1,2,1584.9766948755287
8,One year,74.70497680530796,1,0,Mailed check,0,0,38,Male,Fiber optic,1,0,0,0,597.6398144424637,7,0,80.06075632486021,49.90567146345989,86,15,0,2,2536.5111159465705
5,Month-to-month,78.34327751466968,0,0,Electronic check,1,0,31,Male,Fiber optic,0,1,0,1,391.7163875733484,0,2,21.278664780002224,43.60911989839759,91,55,0,2,3012.9383900250396
15,Two year,54.8568848932505,0,0,Mailed check,1,0,28,Male,No,0,0,0,0,822.8532733987576,0,0,144.41213930167308,50.1145031435216,84,1,0,2,1841.4136032482102
21,Two year,79.64950788548774,1,0,Credit card,0,0,58,Male,DSL,1,0,0,0,1672.6396655952424,1,0,68.12846669744513,55.0567732327638,52,12,0,2,3054.1188300376807
60,Two year,92.38119903073766,1,1,Bank transfer,1,1,72,Female,Fiber optic,0,0,0,0,5542.87194184426,0,1,16.780285242685384,65.02053519912045,26,26,0,2,3226.412880215128
61,Two year,79.89023721258752,1,1,Credit card,1,0,41,Female,No,0,0,1,0,4873.3044699678385,1,0,48.602057197561784,49.571185279234385,100,3,0,2,4630.3298777408445
31,One year,69.4483475407937,1,0,Mailed check,0,0,51,Male,Fiber optic,0,0,1,1,2152.898773764605,1,1,176.19516919619363,48.6955831687054,82,39,0,2,3260.183626471196
65,Two year,97.96448572357761,1,1,Bank transfer,1,0,43,Female,Fiber optic,1,1,1,1,6367.691572032545,5,1,78.314155787466,79.68226672758863,62,7,0,2,4309.610825051362
10,Month-to-month,107.33733862562971,0,0,Electronic check,1,0,19,Male,Fiber optic,1,0,0,0,1073.3733862562972,6,2,36.80053061902313,5.393761192207018,-29,25,1,1,2045.1022605847327
57,Two year,62.36375560313013,1,1,Bank transfer,1,0,57,Female,Fiber optic,1,0,0,1,3554.734069378417,3,0,103.10273897289345,42.76508010568875,48,39,0,2,3618.1378013794147
9,Month-to-month,33.725523090932,0,1,Electronic check,1,0,25,Male,No,0,0,0,0,303.52970781838803,3,1,37.96089278088823,41.65337073220263,37,61,1,2,942.5547480357174
16,Month-to-month,79.79893612458338,0,0,Electronic check,1,1,67,Female,No,0,0,1,1,1276.782977993334,9,3,25.711896093828422,16.085599964503686,14,32,1,1,2902.354090585681
64,Two year,93.0735553484751,1,1,Credit card,1,0,54,Male,DSL,0,0,0,1,5956.707542302406,2,0,80.98845112964408,67.33690552122187,49,13,0,2,3974.532159651907
51,Two year,96.37560768033585,1,1,Credit card,1,0,57,Male,DSL,0,1,0,0,4915.155991697128,7,0,34.17462208464925,55.571858670212485,14,28,0,2,2956.892019793695
56,Two year,85.1505927282378,1,1,Bank transfer,1,0,34,Male,Fiber optic,0,1,1,0,4768.433192781316,2,1,7.1879725050747325,72.2704738582579,100,1,0,2,4550.429896828909
12,One year,57.151051502019484,0,0,Mailed check,0,1,67,Male,Fiber optic,1,0,1,1,685.8126180242339,4,0,13.14604125130183,40.78897890530218,24,10,0,2,2015.0171697131773
64,Two year,81.98464174875699,1,1,Bank transfer,1,0,55,Female,DSL,1,1,0,0,5247.017071920447,3,0,16.468336606659733,56.1617650266076,9,28,0,2,3839.910094044232
58,Two year,90.7089555226712,1,1,Credit card,1,1,65,Female,DSL,0,0,1,1,5261.11942031493,2,0,24.68513910178009,79.87559192221954,64,5,0,2,4015.2957473088036
52,Two year,73.63262799159386,1,1,Bank transfer,1,0,46,Male,No,0,1,0,1,3828.896655562881,1,0,34.66921017777806,58.05834370611582,27,2,0,2,3536.9490200742425
5,Month-to-month,70.15378211688724,0,0,Electronic check,1,0,18,Female,DSL,0,0,0,1,350.7689105844362,2,1,69.21193133996564,44.18134250351748,4,0,0,2,884.2587570808179
56,Two year,81.24341379540971,1,1,Bank transfer,1,0,39,Male,Fiber optic,0,0,0,1,4549.631172542944,3,2,68.42845078982857,74.30501912002453,21,2,0,2,3697.077691733853
7,Month-to-month,75.15487535246548,1,1,Mailed check,1,1,73,Female,DSL,0,0,1,0,526.0841274672583,3,0,78.96006495459753,55.980283857027096,79,78,1,2,2590.2991094423132
68,Two year,70.98161016000502,1,1,Bank transfer,1,0,53,Female,DSL,1,0,0,1,4826.749490880341,3,0,9.993854428381002,77.03119751059238,64,12,0,2,4694.1979825750705
68,Two year,92.26357369305109,1,1,Credit card,1,0,60,Male,No,0,1,0,0,6273.923011127474,2,0,42.32164532158618,56.3009686757151,51,0,0,2,4223.408441830463
20,Month-to-month,77.35349522751717,0,0,Electronic check,1,0,24,Female,No,0,0,0,0,1547.0699045503434,6,3,5.258463126092955,25.553261352565528,-4,67,1,1,2763.1255884485763
17,Month-to-month,105.03659401816326,0,0,Electronic check,1,0,46,Female,Fiber optic,0,1,0,1,1785.6220983087753,9,7,9.859000718980207,10.59692740986768,-51,34,1,0,2509.0328645470413
5,One year,64.07303062585856,0,0,Mailed check,1,0,33,Female,Fiber optic,1,1,0,0,320.3651531292928,2,0,150.98286718632505,47.37814773347029,52,3,0,2,1459.2984602599615
19,Month-to-month,103.252405619128,0,0,Electronic check,1,0,57,Male,Fiber optic,0,1,1,1,1961.795706763432,10,7,41.62340802511366,20.730118671931493,15,7,1,1,2437.3978827938545
17,Month-to-month,85.05435902326069,0,0,Electronic check,1,1,78,Female,Fiber optic,1,0,1,0,1445.9241033954318,10,2,18.568948446043468,20.92388128529594,-43,1,1,1,1692.7583159298083
8,One year,69.41376040854149,0,0,Electronic check,1,0,59,Female,No,0,0,0,1,555.3100832683319,1,0,166.6749417916885,52.71427197532991,28,15,0,2,1521.3923183793363
10,Month-to-month,64.69316711641973,0,0,Mailed check,1,0,49,Female,Fiber optic,1,0,1,0,646.9316711641973,1,0,188.06713640453046,70.04359975228002,5,9,0,2,1348.193505833191
19,Two year,74.04517639721075,0,0,Mailed check,1,0,62,Female,Fiber optic,0,0,0,0,1406.8583515470043,0,0,28.81960014921561,63.80544821438739,23,24,0,2,2407.061302868773
4,Month-to-month,42.855925199934724,0,1,Electronic check,1,0,38,Male,No,0,0,1,0,171.4237007997389,2,0,53.390012287849146,56.33076233871887,85,0,0,2,2518.451499367623
9,Month-to-month,58.25361415183468,0,0,Mailed check,1,0,49,Female,Fiber optic,1,0,0,1,524.2825273665121,2,0,15.069736214416988,44.42880043732672,99,8,1,2,2772.881066684985
23,Two year,54.229410717058016,0,1,Credit card,0,0,51,Female,DSL,0,0,1,0,1247.2764464923343,1,0,54.849688058359675,51.194443912582635,38,8,0,2,2026.1013663651383
67,Two year,67.44092000022663,1,1,Bank transfer,1,0,26,Female,Fiber optic,0,0,1,1,4518.541640015184,2,1,15.344563684229975,42.52230098825507,56,21,0,2,3877.5116636399353
16,Month-to-month,75.89531559101421,0,0,Electronic check,1,0,18,Female,No,0,0,1,0,1214.3250494562274,7,2,15.602401117996491,29.527496868339096,-8,78,1,1,2258.1240971727207
29,One year,61.85208180477136,1,1,Credit card,1,0,29,Male,DSL,0,0,0,0,1793.7103723383693,0,1,129.75210732754564,56.10633097764574,21,25,0,2,2396.2700069180582
32,Two year,71.99955928456868,1,1,Credit card,1,0,64,Male,Fiber optic,1,0,0,0,2303.9858971061976,1,1,35.321836157083055,58.652866489906714,44,0,0,2,3200.0439492414466
4,Month-to-month,59.23784041686524,1,0,Mailed check,1,1,69,Male,No,0,1,0,0,236.95136166746096,3,0,42.1722426786018,55.30690717930897,19,41,0,2,1110.6023151361105
3,One year,41.8535195587089,0,0,Electronic check,1,0,63,Male,DSL,0,0,1,0,125.5605586761267,3,1,6.713480105951324,64.99782664698132,88,13,1,2,1906.7770047949539
19,Month-to-month,89.20800915462408,0,0,Electronic check,1,0,25,Male,Fiber optic,0,0,0,0,1694.9521739378574,9,3,3.0006968538245475,20.93445060966983,-26,16,1,1,1930.6865467379102
11,One year,40.64250430191787,0,0,Mailed check,1,0,23,Male,Fiber optic,0,0,1,0,447.0675473210965,1,0,49.050720885102194,58.689530747582005,48,24,0,2,1726.7975817446877
1,One year,34.2600238779831,1,1,Electronic check,1,0,32,Female,Fiber optic,0,0,0,0,34.2600238779831,1,2,19.902815764715793,40.53366035010561,83,0,1,2,1612.087578494304
15,One year,87.82953687957811,0,1,Credit card,0,0,36,Female,Fiber optic,0,0,0,1,1317.4430531936716,2,0,19.180246186307002,45.16407335042886,9,6,0,2,1347.246785989028
4,One year,37.883051339845395,0,0,Electronic check,0,0,37,Female,Fiber optic,1,0,1,1,151.53220535938158,1,1,38.865289991124186,43.728374419910445,7,2,1,2,590.331557618782
13,One year,58.97388745487058,1,0,Credit card,1,0,53,Male,No,0,0,0,1,766.6605369133175,2,1,68.61116784577757,66.56305647289116,32,29,1,2,1616.5404192230526
70,Two year,98.19387972153872,1,1,Bank transfer,1,0,31,Female,Fiber optic,0,1,0,1,6873.571580507711,1,0,121.91320637169619,55.89493868249122,50,15,0,2,4479.8955808503015
31,Two year,64.46221983481047,0,1,Credit card,0,0,35,Female,Fiber optic,1,0,1,1,1998.3288148791246,2,0,79.34914160632,42.378133121678836,71,4,0,2,2885.97838035102
5,Month-to-month,72.4383792640657,0,1,Electronic check,1,0,34,Male,Fiber optic,1,0,0,0,362.1918963203285,4,0,34.713304960788484,56.697882318972944,19,4,1,2,1306.4974961437506
67,Two year,70.24190260419817,1,1,Credit card,1,0,31,Female,DSL,0,1,0,1,4706.207474481278,1,0,97.76550709101768,69.61690001118664,79,6,0,2,4698.379092114727
12,Two year,88.85585067957993,1,1,Credit card,0,0,52,Male,DSL,1,1,0,1,1066.2702081549592,2,0,2.150857658617577,76.0353027048798,32,6,0,2,1489.6913926716197
68,Two year,81.41432407370644,1,1,Credit card,1,0,26,Male,No,0,0,0,1,5536.174037012038,3,0,118.42734651854134,62.10011309435508,77,17,0,2,4031.817050318591
60,Two year,94.56864710696675,1,1,Credit card,1,0,63,Male,No,0,0,0,0,5674.1188264180055,2,1,106.6244058381462,65.28188341808612,22,7,0,2,4093.594266713582
8,Month-to-month,77.20206391404636,1,1,Mailed check,1,0,23,Male,DSL,1,0,1,1,617.6165113123709,2,0,155.07340775682567,68.74833331598748,1,3,0,2,1146.5853153353166
21,Month-to-month,88.19694417020214,0,0,Electronic check,1,1,74,Male,Fiber optic,0,0,1,0,1852.135827574245,13,2,46.43491130948217,22.79452773902043,19,2,1,2,2062.504179151036
10,Month-to-month,98.27659384620287,0,0,Electronic check,1,0,60,Male,DSL,0,0,0,0,982.7659384620288,4,3,14.141418396090371,27.652938160767977,25,179,1,1,2822.272065374249
41,Two year,99.73347749434514,1,1,Bank transfer,1,0,22,Male,Fiber optic,1,0,1,0,4089.072577268151,2,0,23.97235038036704,62.60229142944179,25,4,0,2,2660.7692499021327
59,Two year,87.04432925657645,1,1,Bank transfer,1,0,26,Male,Fiber optic,0,0,0,0,5135.615426138011,3,0,37.62441038653902,60.439763121261606,8,6,0,2,2935.792762289822
3,Month-to-month,52.363648407856104,0,0,Mailed check,1,0,45,Female,No,0,1,0,1,157.09094522356833,2,1,100.0949063805966,48.97527147698841,65,7,1,2,2271.5355466184956
29,Two year,62.7481559611287,0,1,Credit card,0,0,61,Male,Fiber optic,1,1,1,0,1819.6965228727324,1,0,56.97264674165035,55.523845795383934,18,32,0,2,2026.6261818314
14,Two year,84.49170118216846,1,0,Credit card,0,1,76,Female,Fiber optic,0,1,0,0,1182.8838165503585,5,0,24.962620502367024,63.79260915425493,32,14,0,2,2031.6468953070544
9,Month-to-month,35.169746831502074,1,1,Electronic check,1,0,33,Female,Fiber optic,1,0,1,1,316.5277214835187,4,1,52.66301970117867,76.48524153850425,100,45,0,2,1976.1535104906952
16,Month-to-month,97.66962201148819,0,0,Electronic check,1,0,26,Male,Fiber optic,1,0,0,1,1562.713952183811,8,4,12.37966878428363,21.710512349337645,22,44,1,1,2839.188207495599
23,Two year,50.134495132917465,1,0,Bank transfer,1,0,35,Male,No,0,0,1,1,1153.0933880571017,1,0,152.94186513734442,71.42424109243102,-10,10,0,2,1071.6238886122399
14,Month-to-month,75.53715600955928,0,0,Electronic check,1,0,52,Male,Fiber optic,0,0,0,1,1057.5201841338298,14,4,15.479445920702917,23.376178450356747,-40,179,1,0,2680.4429849780067
18,One year,74.8449041164724,1,0,Mailed check,0,0,53,Male,DSL,0,0,0,1,1347.2082740965034,0,0,120.6724696322617,58.460030917268014,61,39,0,2,2197.47840885165
20,Month-to-month,89.19374767171388,0,0,Electronic check,1,0,55,Female,Fiber optic,0,0,0,1,1783.8749534342776,5,2,12.887861557624557,22.141909925062425,-57,50,1,1,1974.3883821430752
62,Two year,65.50095099268061,1,1,Bank transfer,1,0,38,Female,DSL,0,0,1,0,4061.058961546198,3,0,20.111493165107817,65.11261966664227,46,25,0,2,3835.7041339739103
2,Month-to-month,58.05751062175872,0,1,Electronic check,1,0,38,Female,Fiber optic,0,1,0,0,116.11502124351745,1,0,15.809093352754637,66.53985046718108,68,4,0,2,1779.05949364126
71,Two year,60.013300244819575,1,1,Credit card,1,0,59,Female,Fiber optic,0,1,1,0,4260.94431738219,1,0,3.2831317457377818,52.50242112199263,34,43,0,2,3930.8197944543954
13,Month-to-month,109.87827762672609,0,0,Electronic check,1,0,47,Male,DSL,1,0,0,0,1428.4176091474392,7,2,14.930888660769812,11.772816954731098,-13,20,1,1,1988.6329635433854
4,Month-to-month,30.460044881268974,0,1,Mailed check,1,0,49,Male,No,1,0,0,0,121.8401795250759,2,0,17.42608815727829,77.98867874069661,13,18,1,2,320.0590464262987
24,One year,70.55618850198691,0,0,Bank transfer,0,1,74,Female,Fiber optic,1,0,1,0,1693.3485240476857,3,1,38.175978893285134,49.842529829326665,52,35,0,2,2838.615634772352
51,Two year,64.31774858585857,1,1,Bank transfer,1,0,58,Male,Fiber optic,1,0,1,0,3280.205177878787,1,0,98.51650227849412,40.14405470581825,45,3,0,2,3115.043015733756
49,Two year,83.51537484441548,1,1,Bank transfer,1,0,34,Male,Fiber optic,0,0,0,0,4092.2533673763583,3,0,50.80877470186665,58.789675147042175,4,5,0,2,3187.7679247120727
40,Two year,79.23624003012279,1,1,Bank transfer,1,0,38,Male,No,0,1,1,1,3169.4496012049112,2,0,16.84732949424126,67.75468279781037,45,41,0,2,2929.9605331031444
51,Two year,91.5160795316906,1,1,Credit card,1,0,55,Female,DSL,0,0,1,0,4667.32005611622,2,0,74.47910526640331,65.26027283280585,56,26,0,2,3826.076330646981
9,Month-to-month,80.96640920154596,0,0,Electronic check,1,0,21,Female,DSL,0,0,1,1,728.6976828139136,8,4,9.561389396111814,26.100969406754935,-32,94,1,0,1924.765487075942
66,Two year,94.66191926996348,1,1,Credit card,1,0,36,Male,Fiber optic,0,0,1,0,6247.68667181759,0,1,67.78169244476825,70.22584901369281,42,0,0,2,4173.532921928807
3,One year,51.44437156751053,1,0,Mailed check,1,1,68,Male,Fiber optic,0,0,1,0,154.3331147025316,2,2,66.9477508029219,73.11177734835132,33,65,1,2,1340.8022695332932
14,Month-to-month,79.02415040340664,0,0,Electronic check,1,0,55,Male,DSL,0,1,1,0,1106.3381056476928,7,3,31.236703787041876,20.44668802201209,-67,12,1,1,870.407174772339
14,One year,63.45362554083067,1,0,Bank transfer,0,0,60,Male,DSL,1,0,0,0,888.3507575716294,2,1,5.786833134045558,75.95690792062351,99,36,0,2,2379.18102094446
8,Month-to-month,114.71949268492455,0,0,Electronic check,1,0,62,Female,Fiber optic,0,1,1,0,917.7559414793964,9,2,16.111392845020337,20.9501408202929,-40,86,1,1,1627.4977114484468
31,Two year,76.62136000680056,0,0,Credit card,1,0,47,Male,No,0,1,0,0,2375.2621602108175,0,0,12.465055247463777,58.517554740984636,99,6,0,2,3564.6387873770213
9,Month-to-month,50.525241067417824,0,0,Mailed check,1,0,34,Male,No,1,0,0,1,454.7271696067604,3,2,53.32585457666526,61.62513698698497,89,12,1,2,2937.351686895552
8,One year,75.42187739361324,0,0,Electronic check,0,0,33,Male,No,0,1,1,1,603.375019148906,3,0,25.46559432950004,49.565626483435246,33,14,1,2,1476.8756082043255
2,Month-to-month,35.463972268408,0,0,Mailed check,1,0,18,Female,Fiber optic,0,1,0,0,70.927944536816,4,0,65.67729268567209,52.815625545536726,73,6,0,2,1490.813435534533
10,One year,35.467795155473944,0,0,Mailed check,0,0,55,Male,Fiber optic,0,0,0,0,354.6779515547394,1,0,77.19458946084059,57.49418782514006,21,29,1,2,1138.2713602309248
10,Month-to-month,31.55284380175778,0,0,Mailed check,1,0,38,Female,No,0,0,0,0,315.5284380175778,2,0,2.689978683876539,71.04124819467394,73,18,0,2,2225.566413017854
20,Two year,56.81990087151577,1,0,Bank transfer,1,0,60,Male,No,1,0,0,0,1136.3980174303153,0,0,20.581015875867855,56.291485225033796,77,5,0,2,2339.1509870632617
19,Month-to-month,99.88435149717503,0,0,Electronic check,1,0,29,Male,Fiber optic,1,0,1,0,1897.8026784463257,7,3,1.9386004924758176,26.77635956950588,-39,185,1,0,3331.0119416483026
9,One year,68.91859522727455,0,0,Electronic check,1,0,49,Male,Fiber optic,0,0,0,1,620.2673570454709,0,2,45.64120408276272,78.79318911677328,37,72,0,2,1774.3975634113767
36,Two year,81.58224881982021,1,1,Bank transfer,1,0,54,Female,Fiber optic,1,0,0,1,2936.9609575135273,2,0,109.04328041158533,64.67886906546838,50,14,0,2,2790.6667002839936
27,One year,64.31592342182591,1,0,Mailed check,0,0,39,Male,Fiber optic,1,1,1,1,1736.5299323892996,4,0,7.098214812973349,74.15652068861526,29,84,0,2,2474.4722851715514
16,Month-to-month,72.46222007041446,0,0,Electronic check,1,0,58,Female,DSL,0,0,0,1,1159.3955211266314,8,4,9.578110607823612,10.77900682529745,3,36,1,1,2814.5858144393096
26,Two year,63.63542897876738,0,1,Bank transfer,0,0,63,Male,No,1,0,1,0,1654.5211534479517,0,1,20.791279374411488,40.22565750526488,32,37,1,2,2677.975308381094
3,Month-to-month,57.70906277243994,1,1,Mailed check,1,0,51,Female,Fiber optic,0,0,0,0,173.12718831731982,1,0,16.41115998405163,68.01201655391085,63,0,0,2,1932.4530332103877
69,Two year,73.83681790006777,1,1,Bank transfer,1,0,36,Female,DSL,0,0,1,1,5094.740435104676,1,0,32.198338735913346,78.39327791133826,50,17,0,2,3625.146915853259
33,One year,50.039959690677705,0,0,Bank transfer,0,0,22,Male,Fiber optic,1,0,1,1,1651.3186697923643,2,0,19.905684113075832,74.91835205031705,-17,6,0,2,973.6070461056371
41,Two year,66.25527217613792,1,1,Credit card,1,1,79,Female,Fiber optic,1,0,1,0,2716.466159221655,2,0,47.62489525836121,57.13139414481916,44,43,0,2,3143.7380985479235
21,One year,77.38686509663447,1,0,Bank transfer,1,0,33,Male,Fiber optic,0,0,1,1,1625.1241670293239,2,2,17.640008494338016,40.987915986254535,52,20,0,1,3293.03640071316
1,Month-to-month,55.67172485629101,1,0,Electronic check,0,0,23,Male,DSL,0,1,0,0,55.67172485629101,2,0,56.85107563569779,54.69415969426424,-5,9,0,2,378.42106652834826
17,Month-to-month,112.21667745996689,0,0,Electronic check,1,0,20,Male,Fiber optic,0,0,1,0,1907.683516819437,7,3,5.71246142600113,25.503887229645677,-15,10,0,1,2061.652114908677
59,Two year,63.55069576431074,1,1,Bank transfer,1,0,48,Female,DSL,1,0,1,1,3749.491050094334,0,0,28.31242984426538,46.269153297477374,18,6,0,2,3201.666018860998
7,Month-to-month,60.38813843717122,1,1,Mailed check,1,0,54,Male,Fiber optic,1,1,0,0,422.71696906019855,2,0,176.10153848232156,45.72793948014602,14,11,0,2,1087.515479723938
7,Month-to-month,91.18450893302486,0,0,Electronic check,1,0,61,Male,Fiber optic,1,1,0,0,638.291562531174,7,3,20.86191292984688,17.766335637526414,-55,34,1,1,840.0592692327727
61,Two year,77.16730373585428,1,1,Credit card,1,0,37,Male,Fiber optic,0,0,1,0,4707.205527887111,3,0,50.66729831844522,53.19975658516587,18,3,0,2,3471.3336701887924
27,Two year,82.28531314846694,1,1,Credit card,0,0,47,Female,DSL,0,0,0,0,2221.7034550086073,1,1,120.07045038595933,42.30926494047206,52,4,0,2,2991.7926675846684
39,Two year,77.90411761280868,1,1,Credit card,1,0,43,Male,Fiber optic,1,0,0,1,3038.2605868995383,2,0,16.214618990670846,66.30651996893543,71,7,0,2,3395.844092818732
11,Month-to-month,43.13466549400026,0,0,Mailed check,0,1,71,Male,Fiber optic,0,1,0,1,474.48132043400284,3,1,17.697936480878763,55.463616761874626,-17,3,0,1,1821.4840948118535
29,One year,53.52618577009196,1,0,Bank transfer,0,0,24,Female,Fiber optic,1,0,1,0,1552.2593873326668,0,1,19.625185052318653,47.168287397218634,15,7,0,2,2484.507670199979
24,One year,88.83192597090688,0,1,Bank transfer,0,0,25,Male,Fiber optic,0,0,1,0,2131.9662233017652,2,0,47.13094547644384,49.85745956379013,58,12,0,2,2604.6814635081087
18,One year,59.67339979817862,1,0,Bank transfer,0,0,26,Female,No,0,0,1,1,1074.1211963672151,2,1,63.49218813607585,51.058904778545255,89,5,0,2,2955.789379482101
21,One year,74.71673027351964,0,0,Mailed check,0,0,19,Male,DSL,1,1,0,0,1569.0513357439124,1,0,58.15567271297152,77.03964451366042,14,13,0,2,1804.5668773469479
16,One year,61.55311120124311,1,0,Bank transfer,0,0,56,Male,Fiber optic,0,0,1,0,984.8497792198898,2,2,84.90211793517098,54.43061996831213,34,17,0,2,2276.821244370986
2,Month-to-month,67.21841021519953,0,0,Electronic check,1,0,44,Female,Fiber optic,0,1,0,0,134.43682043039905,3,0,0.6181121216909059,52.75027306449214,0,32,0,2,1141.1523741515666
27,One year,54.94767328269517,1,0,Bank transfer,1,0,38,Female,DSL,0,0,0,0,1483.5871786327696,0,1,50.35137984974676,50.37260445694176,-9,4,0,2,1839.020924883367
17,Month-to-month,70.0277092292627,0,0,Electronic check,1,0,26,Female,DSL,0,0,1,0,1190.4710568974658,3,3,15.23315576328895,17.099186333782608,-74,106,1,1,690.018904195936
22,Month-to-month,73.24368189175536,0,0,Electronic check,1,0,59,Male,DSL,1,0,1,1,1611.3610016186178,10,5,3.906539161351267,17.676321871990375,-1,179,1,0,3033.008564747029
12,Month-to-month,81.27515512604813,0,0,Electronic check,1,0,23,Female,DSL,0,1,0,0,975.3018615125776,7,4,1.3257521930428573,26.39792781789588,-38,125,1,0,1906.5196754617289
12,Month-to-month,117.15815262302196,0,0,Electronic check,1,0,23,Female,DSL,1,0,0,0,1405.8978314762635,8,5,23.033656164332903,16.38304229307253,-62,95,1,0,2149.4112795337214
38,Two year,94.75602502162283,1,1,Bank transfer,1,0,33,Male,No,0,0,0,1,3600.7289508216677,2,0,31.319857717410816,79.28236580985387,33,8,0,2,2686.4346781504905
10,One year,36.06324466795684,0,0,Electronic check,1,0,54,Male,Fiber optic,0,1,1,0,360.6324466795684,2,0,11.232173085415155,57.26141542590623,93,1,1,2,2438.6063631400984
10,One year,78.65723557134544,0,0,Mailed check,0,0,41,Female,Fiber optic,1,0,1,0,786.5723557134544,4,0,0.9170081950370336,45.478785673994494,8,3,1,2,1338.070057415526
10,Month-to-month,77.57410565149792,0,0,Electronic check,1,1,73,Female,Fiber optic,0,1,0,0,775.7410565149792,7,6,0.5432335740122509,27.645195586214324,14,128,1,0,3058.7274877469113
17,Two year,53.84044048454606,0,1,Bank transfer,0,0,34,Female,DSL,0,1,1,0,915.287488237283,2,1,1.2263894284205763,64.62242934487591,16,11,0,2,1909.3333377847396
34,One year,63.923561290067326,1,1,Bank transfer,0,0,23,Female,Fiber optic,1,0,0,1,2173.401083862289,1,0,17.62114303439158,44.183795975769776,41,4,0,2,2768.2852875106714
31,Two year,53.02340369621789,1,0,Mailed check,0,0,40,Male,Fiber optic,0,0,1,0,1643.7255145827546,2,2,67.30313910508127,57.876871056907945,-3,0,0,2,1683.8592389902788
42,Two year,83.16701021498889,1,1,Bank transfer,1,0,53,Female,Fiber optic,0,0,1,0,3493.0144290295334,2,1,23.16988971058175,58.27426864669656,-22,5,0,1,3528.9895838402863
11,Month-to-month,42.36030368694384,1,1,Mailed check,1,0,32,Male,Fiber optic,0,1,0,0,465.9633405563822,4,1,44.314490059593275,77.9508196326924,0,9,0,2,649.9068914114821
9,Month-to-month,66.67009246674529,0,0,Mailed check,0,0,54,Male,No,1,0,0,0,600.0308322007076,1,1,95.79762663522385,43.13462377702256,74,17,0,2,2599.0066226751564
62,Two year,65.26073067665511,1,1,Credit card,1,0,34,Male,Fiber optic,0,0,0,1,4046.165301952617,0,0,5.085757989352324,47.806075318407785,27,2,0,2,3904.197620072954
70,Two year,87.28775522506442,1,1,Credit card,1,0,27,Male,Fiber optic,1,0,0,0,6110.142865754509,1,0,54.76798218938133,42.58598741738311,38,27,0,2,3681.9081826695115
4,Month-to-month,49.70418242550159,0,1,Mailed check,1,0,28,Female,Fiber optic,0,0,1,0,198.81672970200637,4,0,16.5783270884909,57.4158355466045,-27,37,1,1,1208.7831735959603
7,Month-to-month,39.83442791156065,1,0,Electronic check,1,0,57,Male,DSL,1,0,0,0,278.8409953809246,0,0,11.238040996347708,46.13268888552178,68,6,0,2,1826.3259802000002
17,One year,63.1710291688983,1,1,Credit card,1,0,19,Male,DSL,0,0,0,0,1073.907495871271,1,0,61.033644597934256,54.5172057500515,35,11,0,2,1924.758911612965
48,Two year,96.6716676280934,1,1,Credit card,1,1,77,Female,Fiber optic,0,0,0,0,4640.240046148483,3,0,40.48585160425275,56.01064111949238,50,1,0,2,3208.0414811754604
13,Month-to-month,88.71627823064269,0,0,Electronic check,1,1,74,Female,No,0,0,0,0,1153.311616998355,11,2,90.80657446002604,12.32296722937838,-51,46,1,1,1759.2902247579343
21,Month-to-month,87.63842329284779,0,0,Electronic check,1,0,46,Male,No,1,0,1,1,1840.4068891498036,8,3,7.3477792246940155,28.10253309669558,0,8,1,1,2692.2057266461843
15,Month-to-month,114.51545988872822,0,0,Electronic check,1,1,69,Female,Fiber optic,0,1,1,1,1717.7318983309233,13,2,3.510331554158154,9.386543817916824,-45,91,1,1,2043.8379241391624
9,One year,63.756494292220985,0,0,Electronic check,1,0,23,Female,Fiber optic,0,0,0,1,573.8084486299889,3,0,147.37221418400742,79.04339009698583,25,6,0,2,1301.4151098297996
9,Month-to-month,90.35424864076924,0,0,Electronic check,1,0,38,Male,DSL,0,1,0,1,813.1882377669232,8,2,47.87922177912737,24.292694539368973,16,31,1,1,2760.810024260803
47,Two year,66.95010382649178,1,1,Bank transfer,1,0,39,Female,No,0,0,0,0,3146.654879845114,1,1,16.01810246175039,70.13600422093144,27,6,0,2,3082.511967522968
49,Two year,69.2098467371148,1,1,Bank transfer,1,1,70,Female,DSL,0,1,0,1,3391.2824901186254,1,1,61.84054092681582,54.40170883973282,51,17,0,2,3360.0374158283307
57,Two year,76.56600897312907,1,1,Credit card,1,1,69,Male,No,0,0,1,1,4364.262511468357,3,1,20.50599904801555,60.44489143185126,53,0,0,2,3689.8005251963523
8,One year,76.54164320879038,0,1,Electronic check,0,0,34,Female,Fiber optic,0,0,0,0,612.333145670323,2,1,7.83887250988125,59.10153418787658,29,0,1,1,2311.3641373633077
30,Two year,83.79264210288574,1,1,Mailed check,1,0,28,Male,No,1,0,1,0,2513.779263086572,1,1,22.087275595992494,48.16921593388713,-7,0,0,1,2796.9526258693786
12,Two year,66.31451853702647,0,0,Mailed check,1,1,79,Male,DSL,1,0,0,0,795.7742224443177,3,1,10.28766078663116,67.68611339668844,64,1,0,2,2000.002705025116
71,Two year,74.54772499024561,1,1,Bank transfer,1,0,26,Female,DSL,1,1,0,1,5292.888474307439,2,0,17.344305631020937,70.13282297716488,17,10,0,2,3757.984928891656
2,Month-to-month,43.45598763190052,0,0,Mailed check,1,0,42,Female,No,0,0,1,0,86.91197526380104,3,2,3.6957994413408546,47.47968636742154,11,0,0,1,1266.7017102892246
61,Two year,90.87430904726486,1,1,Credit card,1,0,19,Male,Fiber optic,1,0,0,0,5543.332851883157,1,1,16.14022236605275,66.66018018417539,58,100,0,1,4831.102847454346
62,Two year,73.64360097896882,1,1,Bank transfer,1,1,79,Male,No,1,0,1,0,4565.903260696067,1,0,100.61904832916748,51.4759065222636,12,13,0,2,3257.809783092547
5,Month-to-month,56.32974712948946,1,1,Electronic check,0,0,42,Female,Fiber optic,0,0,1,0,281.6487356474473,1,0,0.8487094711169244,44.97076012072976,34,4,0,2,1948.374823511525
19,Month-to-month,82.24058656420678,0,0,Electronic check,1,0,25,Male,Fiber optic,1,0,0,0,1562.5711447199287,9,4,15.59263769232101,14.799716534628205,-29,11,0,1,1938.3059950331467
1,Month-to-month,75.29719839631323,0,1,Mailed check,1,0,22,Female,No,1,0,1,1,75.29719839631323,2,0,84.07355297900168,72.21630519335466,-6,6,0,2,1051.8040260936568
7,Month-to-month,66.77603528967906,0,0,Electronic check,0,0,61,Male,DSL,1,0,1,0,467.4322470277534,3,1,32.11437554013391,64.24844704622025,69,8,0,2,2381.5803810987936
53,Two year,89.97134850783105,1,1,Bank transfer,1,0,48,Male,DSL,0,0,0,1,4768.481470915046,5,0,26.58768765668774,43.392220358130736,43,5,0,2,3299.3024173550957
20,Two year,85.8224692130751,0,1,Credit card,1,0,43,Female,DSL,0,0,0,0,1716.449384261502,1,0,83.20105197952894,75.86982916751762,39,5,0,2,2283.9690072870085
8,Month-to-month,54.46081243440453,1,0,Electronic check,0,0,53,Female,No,0,1,0,1,435.68649947523625,2,0,52.811722033565395,64.6628939160319,100,0,0,2,2383.199457384743
24,Two year,59.69222734665685,1,0,Mailed check,0,1,77,Male,No,0,0,0,0,1432.6134563197643,3,1,73.56077724965586,54.5139439115312,28,24,0,2,2354.0557737356935
7,Month-to-month,75.07429255503746,1,0,Electronic check,1,0,54,Female,Fiber optic,0,1,0,0,525.5200478852622,1,1,63.47474125829449,63.61775161197852,18,44,0,2,1629.771006570724
24,Two year,56.38308931146854,0,1,Bank transfer,1,0,55,Male,Fiber optic,0,0,0,1,1353.1941434752448,3,0,0.3943527367347446,64.17128944364707,82,39,0,2,2836.1303145812453
63,Two year,87.93244628910291,1,1,Bank transfer,1,0,42,Female,Fiber optic,1,0,0,0,5539.744116213484,0,0,33.58684442321594,59.216077430697055,46,13,0,2,3926.697423137741
4,Month-to-month,40.84071379645542,0,0,Mailed check,0,0,53,Male,Fiber optic,1,0,1,1,163.36285518582167,2,1,183.26975465115345,42.916090741412155,42,18,0,2,1132.470971542043
11,Month-to-month,102.54417425619349,0,0,Electronic check,1,0,25,Male,Fiber optic,0,0,0,0,1127.9859168181283,6,3,24.32237823923245,22.079751284368566,-46,44,1,1,1727.9531707047806
8,Month-to-month,40.43259565792155,1,0,Electronic check,0,0,48,Female,Fiber optic,0,1,0,0,323.4607652633724,2,0,42.89827668532112,58.75591103336966,19,39,1,2,898.0934399537208
52,Two year,91.61350943440593,1,1,Credit card,1,0,59,Male,Fiber optic,1,1,0,0,4763.902490589108,2,1,14.144110542828777,56.02756511806887,-4,1,0,2,2514.6713387207965
67,Two year,85.32758504053857,1,1,Credit card,1,0,49,Male,Fiber optic,0,1,1,0,5716.948197716084,2,1,88.82101515518282,47.02289931545798,16,34,0,2,3569.3549207963597
13,One year,52.584185923452836,0,1,Bank transfer,1,0,61,Male,Fiber optic,0,0,1,1,683.5944170048869,0,1,69.17628295137439,62.46374491518419,32,1,0,2,1566.1813649698922
1,Month-to-month,50.00776364326995,1,1,Mailed check,1,0,32,Female,DSL,0,1,0,0,50.00776364326995,3,1,77.13933527807094,40.23761172235166,85,8,0,2,1821.3025329048917
5,Month-to-month,63.709347441480695,1,0,Mailed check,0,1,75,Male,Fiber optic,1,1,0,0,318.54673720740345,2,2,26.96061632221008,44.950772270744,6,6,1,1,2188.253146329306
22,Two year,52.48890781515371,1,0,Bank transfer,1,0,31,Female,Fiber optic,1,1,0,1,1154.7559719333817,3,1,190.47169164073128,54.659436969827055,13,14,0,2,1614.4537510274722
13,One year,71.48296863613304,0,0,Bank transfer,0,0,30,Female,Fiber optic,0,0,0,0,929.2785922697295,2,3,73.38137223075343,58.465845515319295,24,21,0,1,2500.9141343841325
18,One year,52.987177312668386,1,1,Credit card,1,0,37,Female,DSL,0,1,0,0,953.769191628031,2,0,21.085027190125448,56.39908525583897,62,20,0,2,2655.6979125436815
70,Two year,86.85698678122458,1,1,Bank transfer,1,0,30,Female,No,1,0,1,1,6079.98907468572,1,0,124.20100918684344,65.35207574635257,49,21,0,2,4417.146494332049
1,Month-to-month,71.09007296271002,0,0,Electronic check,0,0,56,Male,DSL,0,0,0,0,71.09007296271002,3,0,55.18053917716905,74.64360590130732,27,12,1,2,1239.6655054538871
20,Month-to-month,102.8064402183601,0,0,Electronic check,1,0,40,Female,DSL,0,1,0,0,2056.128804367202,7,6,2.882838473842283,25.00683904566557,13,72,1,0,3195.5561235313753
4,Month-to-month,63.1895811970722,0,0,Electronic check,1,0,61,Female,Fiber optic,0,1,0,1,252.7583247882888,2,1,295.04744396961985,54.41939231533193,18,31,0,2,1187.1596190501934
13,Two year,58.72995330046285,0,1,Mailed check,0,0,34,Male,Fiber optic,0,1,1,0,763.4893929060171,1,0,50.16598851446133,64.8228660851369,33,9,0,2,1940.4200363994728
69,Two year,71.8595912513326,1,1,Credit card,1,0,35,Male,Fiber optic,0,0,0,0,4958.31179634195,3,0,69.4327177755883,74.5265379307618,13,8,0,2,4068.761503440431
16,Month-to-month,108.27161083723858,0,0,Electronic check,1,0,24,Female,DSL,0,0,0,1,1732.3457733958173,9,5,3.49788630509243,19.589583037473915,-15,12,1,1,2375.1722462010453
71,Two year,83.52233512360317,1,1,Credit card,1,1,75,Female,Fiber optic,0,1,1,0,5930.085793775825,1,1,64.84986730315491,63.43937510314082,60,0,0,2,4189.698791531691
9,One year,56.49378127591031,0,0,Mailed check,1,0,63,Female,Fiber optic,0,0,1,1,508.44403148319276,1,0,71.23262585759822,60.30988459872356,20,2,0,2,1040.5228425352336
2,Month-to-month,38.42995242170184,0,0,Electronic check,1,0,31,Male,Fiber optic,0,0,1,0,76.85990484340368,0,1,11.577810255385444,54.979012811408,41,5,0,2,1327.5220895861073
68,Two year,70.59581788946934,1,1,Bank transfer,1,1,76,Female,DSL,0,0,0,0,4800.515616483915,0,0,83.41682866191896,62.732725637488755,55,2,0,2,4582.529033746779
29,Two year,76.89737607849372,0,1,Credit card,1,0,37,Male,Fiber optic,0,1,1,0,2230.023906276318,2,1,39.06920424247228,66.58447558150705,77,51,0,2,2787.5374783191746
10,Month-to-month,52.13679638532292,0,0,Electronic check,1,0,37,Male,Fiber optic,0,0,0,1,521.3679638532292,2,0,77.07859761917679,43.02343545955076,23,17,0,2,1431.2756936807662
20,Month-to-month,88.93531787826886,0,0,Electronic check,1,0,20,Female,Fiber optic,1,1,1,1,1778.7063575653772,10,3,5.259716518819135,10.262579105993323,-12,75,1,1,2269.942136296832
59,Two year,91.55209055621438,1,1,Bank transfer,1,0,56,Female,DSL,0,0,0,0,5401.573342816649,1,0,9.876915661824027,46.777561957505675,27,14,0,2,3711.7658743198676
29,Two year,85.94625535017782,1,1,Credit card,1,0,22,Female,Fiber optic,0,0,0,0,2492.4414051551566,1,0,5.19372536471964,59.61067151893207,0,28,0,1,2658.4234751871068
10,Month-to-month,63.47060321268217,0,0,Electronic check,1,0,46,Female,Fiber optic,1,0,1,1,634.7060321268217,2,0,191.65164012095025,65.7100370679013,70,1,0,2,2356.7295353280833
18,Two year,55.51804041873428,0,1,Mailed check,0,0,42,Male,DSL,0,1,0,0,999.3247275372171,0,1,40.35847764612153,76.68423690962999,3,25,0,2,1459.0611204371398
17,Two year,65.697793767077,1,1,Credit card,1,0,40,Female,DSL,0,0,1,1,1116.862494040309,2,0,5.989744064258557,48.36719148030501,21,5,0,2,1869.7737121038845
13,Month-to-month,79.63760052063562,0,0,Electronic check,1,1,77,Female,No,0,0,1,0,1035.288806768263,3,3,27.359770458334136,29.14633118414083,-36,57,1,1,1803.582093034297
61,Two year,83.086911331502,1,1,Credit card,1,1,68,Female,No,0,0,1,1,5068.3015912216215,4,1,88.68295637961135,54.671605873328694,30,17,0,2,3685.854175124102
9,Month-to-month,76.38957396876577,0,1,Electronic check,1,0,61,Male,Fiber optic,0,0,0,1,687.5061657188919,1,0,34.230447274085606,72.27086448787097,58,5,0,2,2265.9185410342347
14,Two year,62.66008559641163,1,0,Credit card,1,0,60,Male,Fiber optic,0,1,1,0,877.2411983497628,2,2,13.139621867402205,76.99277092634203,4,23,0,1,2009.6168023125008
28,Two year,73.03047534864925,0,1,Mailed check,0,0,64,Female,Fiber optic,0,1,0,1,2044.853309762179,2,0,67.3504985270867,65.53545618502227,6,8,0,2,2121.468487437853
49,Two year,79.67724400422917,1,1,Bank transfer,1,0,23,Female,Fiber optic,0,0,1,0,3904.1849562072293,1,0,34.12704900707807,55.36679710401091,43,29,0,2,3207.50993391126
36,Two year,94.12358493614602,1,1,Bank transfer,1,1,73,Female,Fiber optic,1,0,1,0,3388.4490577012566,2,0,63.29935681766908,66.40130898045865,66,6,0,2,3363.404976700733
9,Month-to-month,110.00791183323982,0,0,Electronic check,1,0,21,Female,Fiber optic,1,0,0,0,990.0712064991584,10,3,6.0546408798580655,14.94636543354637,5,38,1,1,2226.4986505203574
65,Two year,91.06894521886771,1,1,Credit card,1,0,30,Male,Fiber optic,0,0,0,1,5919.481439226402,2,0,178.13667274716283,68.0918805891319,22,6,0,2,3862.739287255744
15,Month-to-month,116.65470365549271,0,0,Electronic check,1,0,22,Male,Fiber optic,1,1,0,0,1749.8205548323906,13,4,30.841062304637017,6.475895776293656,-45,10,1,1,2326.391026477462
21,Month-to-month,74.18620665544549,0,0,Electronic check,1,0,34,Male,Fiber optic,0,0,0,0,1557.9103397643553,10,6,13.064474232794312,27.371455827854355,-11,15,1,0,2523.6091640399645
37,Two year,75.90590318368145,1,1,Credit card,1,0,52,Male,DSL,0,0,0,0,2808.5184177962133,0,2,121.29769318983251,51.723873958806195,-12,12,0,2,2783.2503625488744
47,Two year,76.97187543539553,1,1,Bank transfer,1,0,24,Male,No,0,0,1,0,3617.67814546359,3,1,95.62920358308163,61.489591113615525,100,0,0,2,4030.004428533885
10,Month-to-month,43.502923305077786,1,0,Electronic check,0,0,49,Female,DSL,0,0,0,0,435.02923305077786,0,0,22.313709681643566,65.41637888323575,85,7,0,2,1987.0442813213335
18,Month-to-month,92.65867059469412,0,0,Electronic check,1,0,34,Female,Fiber optic,0,0,1,0,1667.856070704494,6,4,15.62067501198251,23.580728286957484,-24,4,1,1,1767.0662191256913
9,Month-to-month,78.39394505414232,0,0,Electronic check,1,0,49,Female,Fiber optic,0,0,0,1,705.5455054872809,8,4,1.9816509674989153,19.05279168573309,-6,56,1,1,2153.6279212615136
65,Two year,82.4517417179361,1,1,Credit card,1,0,43,Male,Fiber optic,0,0,1,0,5359.363211665846,1,2,49.00672821608505,55.32624291550407,10,10,0,2,3924.822949748118
9,Month-to-month,98.73210353109195,0,0,Electronic check,1,0,51,Male,DSL,1,1,0,1,888.5889317798276,11,3,4.442316200581848,17.139062286653697,9,34,1,1,2268.988438463216
32,One year,73.88497508710196,0,1,Bank transfer,1,0,27,Female,Fiber optic,0,0,1,1,2364.319202787263,1,2,12.231874400776858,52.303019028975434,83,6,0,2,3528.6857300282436
17,Month-to-month,85.44326005060789,0,0,Electronic check,1,0,27,Male,No,0,0,0,1,1452.5354208603342,7,4,21.984248625752297,5.038644870273696,-53,13,1,1,1505.3473175667848
52,Two year,95.27968678886543,1,1,Credit card,1,0,40,Male,Fiber optic,0,1,1,1,4954.543713021003,4,1,77.6992197932754,51.77825507490723,0,42,0,2,2962.5400700197065
18,Month-to-month,111.29267171694823,0,0,Electronic check,1,0,37,Male,Fiber optic,1,0,1,1,2003.2680909050682,4,4,5.348351214970023,10.861215419674698,9,2,1,1,2881.0034629453467
53,Two year,82.53155723815259,1,1,Bank transfer,1,0,48,Female,Fiber optic,0,0,1,0,4374.172533622087,1,2,17.739957406426818,47.690611027660516,56,5,0,1,4402.570260336558
28,Two year,74.26489007238328,1,0,Mailed check,1,0,43,Male,DSL,0,0,0,0,2079.4169220267318,0,0,132.6535616702939,73.38594570942163,-19,10,0,2,1334.7307628916296
24,One year,56.91021575962891,0,1,Mailed check,1,0,45,Male,No,0,0,1,0,1365.845178231094,2,0,31.631009960761556,66.36649285834186,53,0,0,2,2119.3512970117586
9,Month-to-month,112.40473319005608,0,0,Electronic check,1,0,37,Female,Fiber optic,0,0,1,0,1011.6425987105047,2,4,17.63618926026162,23.279050958447804,-11,116,1,0,2717.7982223155736
17,Month-to-month,107.4645180274625,0,0,Electronic check,1,1,67,Female,Fiber optic,1,0,1,1,1826.8968064668625,6,1,20.730491769847752,6.83411999353685,0,59,1,1,2452.9129489531883
27,One year,82.58791384480062,1,0,Credit card,0,0,20,Male,No,0,0,0,1,2229.873673809617,4,1,14.390429845725095,73.44860235026228,42,22,1,1,2618.9356252773814
4,Month-to-month,33.70880977971561,0,0,Mailed check,1,0,28,Female,DSL,1,0,1,0,134.83523911886243,3,0,114.36333522002322,47.263060967318665,100,0,1,2,2669.870509229754
20,Two year,57.74915144786357,1,0,Mailed check,0,0,47,Male,Fiber optic,1,0,1,0,1154.9830289572715,1,0,17.837241842193333,75.28617854475186,54,15,0,2,2543.8224452797845
5,Month-to-month,33.36203170260183,0,0,Electronic check,1,0,43,Male,No,1,0,0,0,166.81015851300916,2,0,80.7225394425845,79.17153329300486,86,29,0,2,1692.9576264065379
68,Two year,77.5268938564795,1,1,Bank transfer,1,0,30,Male,Fiber optic,0,1,1,0,5271.828782240606,2,1,57.36891395438008,73.14956066455923,20,20,0,2,3479.032537783113
61,Two year,69.36737787261943,1,1,Credit card,1,0,56,Male,Fiber optic,0,0,1,0,4231.410050229785,0,1,68.07848919230665,78.54627044195921,65,16,0,2,3680.4749526440387
50,Two year,70.15899498288098,1,1,Bank transfer,1,0,59,Female,Fiber optic,0,1,1,0,3507.9497491440493,3,1,42.407926963658454,55.470728865676264,-5,8,0,2,2496.169933144427
32,Two year,79.34576261050266,1,1,Mailed check,0,0,19,Male,DSL,0,1,0,1,2539.064403536085,2,0,17.025795018607187,45.03423264470827,55,1,0,2,2799.8660529282643
4,Month-to-month,54.24293698580518,0,1,Electronic check,1,1,73,Male,Fiber optic,0,1,1,1,216.97174794322072,3,0,15.941069850118875,63.43000976783199,65,5,0,2,1187.6848600869455
44,Two year,94.75777009116581,1,1,Credit card,1,0,31,Male,Fiber optic,1,0,0,0,4169.341884011295,1,2,55.30632451237984,75.74230500669366,79,10,0,2,4439.570175538992
38,Two year,87.03929102345421,1,1,Credit card,1,0,61,Male,Fiber optic,0,0,1,1,3307.4930588912603,3,1,91.99044088082911,64.33265323317664,11,7,0,2,2770.9788248679874
14,Two year,71.8402700613435,0,0,Mailed check,0,0,45,Male,Fiber optic,1,0,1,0,1005.763780858809,1,0,8.827074652232882,47.09503077804535,44,1,0,2,1782.923580046388
9,Month-to-month,70.50700453727306,0,0,Electronic check,1,0,64,Female,No,1,0,1,1,634.5630408354575,2,0,36.59199981955893,72.4130823826577,22,16,0,2,1798.3288617146131
17,Month-to-month,104.93634618519395,0,0,Electronic check,1,1,71,Male,Fiber optic,0,1,1,1,1783.9178851482973,8,4,18.320895056203913,11.254249555922115,-5,41,1,1,2271.986865501619
9,Month-to-month,63.906125076832325,1,1,Electronic check,1,0,24,Female,DSL,0,0,0,0,575.1551256914909,5,0,7.695808273625857,58.51289941628511,-10,22,1,2,960.8250009589223
64,Two year,88.40541727192263,1,1,Credit card,1,0,44,Female,Fiber optic,0,0,0,0,5657.946705403048,2,0,173.12746782776316,55.80127622359795,18,76,0,2,2947.101104738963
57,Two year,99.56113433400697,1,1,Credit card,1,0,21,Female,Fiber optic,1,0,0,0,5674.984657038397,1,1,48.63556784214045,56.30446896786408,57,14,0,2,4038.5165491331454
70,Two year,92.0852223251035,1,1,Bank transfer,1,0,33,Male,Fiber optic,0,1,1,0,6445.965562757245,1,0,39.831864738954,58.02953445695202,52,10,0,2,4123.768543617558
17,One year,71.3449835090647,1,0,Bank transfer,1,0,48,Female,No,0,1,0,0,1212.8647196540999,1,0,77.4017090313759,50.213566952721145,100,19,0,2,2490.7638467888855
9,Month-to-month,94.57456511297613,0,0,Electronic check,1,0,18,Female,DSL,0,1,0,0,851.1710860167852,13,3,35.67379168437543,24.99821735449827,-39,16,1,1,1594.9544190148981
35,One year,59.88822814842598,0,1,Mailed check,0,0,63,Male,Fiber optic,0,0,0,0,2096.0879851949094,1,0,205.61819268549726,50.44038397327547,10,6,0,2,2385.37142105304
16,Two year,79.41470598930107,0,1,Mailed check,1,0,58,Female,Fiber optic,0,0,0,0,1270.635295828817,2,0,71.50538062145411,79.43307590905525,72,1,0,2,2620.3321554456597
19,Month-to-month,84.62982218119714,0,0,Electronic check,1,1,70,Female,Fiber optic,0,0,0,0,1607.9666214427457,5,2,0.3390647198533834,6.971959441635409,-25,25,1,1,2537.8656451663865
34,Two year,74.93035902771197,0,1,Credit card,1,0,37,Male,Fiber optic,1,0,0,0,2547.632206942207,3,0,58.34593763360169,71.05172016996075,62,58,0,2,2791.860970491634
8,Month-to-month,116.69467190749316,0,0,Electronic check,1,1,74,Male,Fiber optic,0,0,0,0,933.5573752599453,9,2,24.379564354265362,18.283811268077926,-35,9,1,1,2116.5743216395745
39,Two year,63.90250040957199,1,1,Bank transfer,1,0,32,Female,Fiber optic,1,0,0,0,2492.197515973308,2,1,96.31826962776925,72.70206958873746,45,12,0,2,3284.3788377244655
31,One year,65.41612474072079,1,1,Mailed check,1,0,29,Male,Fiber optic,0,0,1,0,2027.8998669623445,2,1,107.91496262077514,73.62575851145283,90,1,0,2,4020.679893723692
6,One year,33.16313359103374,0,1,Mailed check,1,0,33,Male,DSL,0,1,0,1,198.97880154620245,0,0,25.710250000108566,47.35606761439567,9,4,0,2,1306.1210563770323
21,Month-to-month,92.46829358125753,0,0,Electronic check,1,0,28,Male,DSL,0,0,0,0,1941.834165206408,4,5,48.317316806633855,22.356157294131474,-27,27,1,1,1652.8833618491094
9,Month-to-month,42.629300334236206,0,0,Electronic check,0,0,25,Male,No,1,1,1,1,383.6637030081258,4,0,321.34168549180697,42.28589437204909,98,3,0,2,2293.9069604635965
15,Month-to-month,72.54870178958306,0,0,Electronic check,1,1,71,Female,DSL,0,1,0,0,1088.230526843746,9,3,18.853020251143732,18.13623098638623,-44,6,1,1,1579.4144021330483
17,Month-to-month,114.44439698282413,0,0,Electronic check,1,0,27,Female,DSL,0,0,1,0,1945.5547487080103,5,0,5.259564930576497,8.777939489690645,26,3,1,2,2522.576695000524
5,Month-to-month,55.01525781772574,1,0,Mailed check,1,1,72,Female,No,1,0,0,0,275.0762890886287,1,0,15.44345697316087,43.36851749399064,43,16,0,2,1610.8017144409052
64,Two year,95.77810227296928,1,1,Credit card,1,0,52,Female,Fiber optic,1,0,0,0,6129.798545470034,1,3,98.94601516950841,60.387506996892654,78,22,0,2,4708.432455186293
53,Two year,97.23229189265959,1,1,Bank transfer,1,0,25,Female,Fiber optic,0,0,0,0,5153.311470310959,2,1,55.22547248372931,41.67115273830765,86,20,0,2,4575.1129232853755
14,Two year,76.10039971147012,0,0,Bank transfer,0,0,27,Female,No,0,1,1,0,1065.4055959605816,1,0,22.217994439253978,55.63907824931245,38,17,0,2,1806.9806272193784
67,Two year,95.17074639991353,1,1,Credit card,1,0,37,Female,No,0,0,1,1,6376.440008794206,2,0,18.330220780310615,40.38998638177124,52,4,0,2,4384.829545418502
10,One year,39.09042328334749,0,0,Electronic check,1,1,77,Male,DSL,0,1,0,0,390.9042328334749,4,1,5.657528579063557,44.64644103793818,27,0,1,2,992.3166135119484
63,Two year,82.00367761832624,1,1,Credit card,1,0,53,Female,No,1,1,0,0,5166.231689954553,0,0,14.292686971730058,44.44823885853614,4,1,0,2,3499.4056625387457
25,Two year,71.1945236334671,1,1,Mailed check,0,0,45,Male,Fiber optic,1,0,0,1,1779.8630908366774,0,1,34.71614098958911,42.600206582744555,100,16,0,2,3195.767249526741
7,One year,74.73809935062475,1,1,Mailed check,0,0,28,Female,No,0,1,0,1,523.1666954543732,1,0,108.37292760264461,43.347011116011366,60,10,0,2,1769.2455544880122
42,Two year,62.38865955883557,1,1,Credit card,1,0,32,Male,Fiber optic,0,1,1,0,2620.323701471094,2,0,35.18159481031075,63.87468951703106,71,48,0,2,3535.994576295063
13,Month-to-month,96.88853888973048,0,0,Electronic check,1,1,70,Female,Fiber optic,1,0,0,1,1259.5510055664963,9,2,5.862834453871969,24.535566097443226,35,34,0,2,2035.0429345646512
4,Month-to-month,62.74705522836608,1,1,Mailed check,1,0,55,Male,Fiber optic,1,1,1,0,250.98822091346432,2,0,14.76190215808699,53.75409020596512,-5,1,0,2,742.2958910222378
6,Month-to-month,74.1229038991977,0,0,Electronic check,1,0,29,Male,DSL,1,1,0,0,444.73742339518617,11,4,23.40084984510314,26.256568834840035,-37,61,1,1,1686.1423686939431
6,Month-to-month,34.72781723871941,1,1,Electronic check,0,0,19,Female,Fiber optic,1,0,1,0,208.36690343231646,3,1,81.9997293636111,66.6513701020365,36,10,0,2,1252.1511880096527
70,Two year,93.68297749594316,1,1,Credit card,1,0,35,Female,Fiber optic,1,1,1,1,6557.808424716021,1,1,80.05369269528319,44.29018532911873,47,42,0,2,4021.7677737423887
6,Month-to-month,68.03524030219475,1,0,Mailed check,1,0,52,Female,DSL,1,0,1,0,408.2114418131685,2,1,131.61210798251867,40.262679871735074,45,1,0,2,2149.24134804643
12,Month-to-month,115.86809925326384,0,0,Electronic check,1,1,72,Female,No,1,0,0,1,1390.417191039166,12,2,11.972169635741006,26.47672411749233,8,10,1,1,2716.6089508205087
50,Two year,61.76647744711325,1,1,Credit card,1,0,33,Female,Fiber optic,0,1,0,1,3088.323872355663,2,0,15.434239749523789,44.39908254272086,96,11,0,2,4506.640023865296
8,Month-to-month,60.300691596804064,1,0,Electronic check,1,0,43,Female,No,0,1,1,1,482.4055327744325,3,0,28.401785543554887,53.41202952634324,43,7,0,2,1986.1244426538083
11,Month-to-month,90.78944507886266,0,0,Electronic check,1,0,33,Male,Fiber optic,1,0,0,0,998.6838958674892,11,6,42.065583357102796,20.981243883504064,11,3,1,1,2511.4841372134224
13,Month-to-month,80.68564874262896,0,0,Electronic check,1,0,57,Female,Fiber optic,1,0,0,1,1048.9134336541765,11,2,0.4508928265467744,28.962469065745253,-57,141,1,0,2271.05832029845
5,Month-to-month,55.486775500196856,1,0,Mailed check,0,0,59,Male,Fiber optic,0,0,1,1,277.4338775009843,1,2,77.67142113221695,69.7376671148078,85,1,0,2,1732.6990848242076
49,Two year,61.97987413974666,1,1,Bank transfer,1,0,59,Male,Fiber optic,1,0,1,0,3037.0138328475864,2,0,67.99540176255466,45.371811406506815,80,90,0,2,3417.0672120594577
27,One year,83.34138268437029,0,1,Credit card,0,1,70,Male,Fiber optic,0,0,0,0,2250.217332477998,1,0,1.0059670212592255,67.23496548320455,19,20,0,2,2449.653171172792
65,Two year,66.46479245143486,1,1,Bank transfer,1,0,46,Female,No,0,0,0,1,4320.211509343266,1,0,55.64083859715849,74.24786418198673,68,50,0,2,4244.11006982759
57,Two year,78.23917103039747,1,1,Credit card,1,0,34,Male,No,0,0,0,0,4459.632748732656,3,0,114.43395009836277,41.0917885546439,61,21,0,2,3674.1522002785364
16,Month-to-month,74.66224596106792,0,0,Electronic check,1,0,45,Female,No,0,0,1,0,1194.5959353770868,10,9,40.30777394424348,20.881795343888292,30,85,1,0,3391.867906780828
14,Month-to-month,116.94416575352835,0,0,Electronic check,1,0,50,Male,Fiber optic,1,0,0,1,1637.218320549397,10,2,2.6744967351710134,24.26745972290855,14,50,1,1,3584.5062526756647
11,One year,52.07670051894485,0,0,Mailed check,1,0,46,Male,Fiber optic,1,0,1,0,572.8437057083934,1,1,18.19379357113247,58.93154867921101,77,9,0,2,2396.5472841496294
61,Two year,93.88557958775141,1,1,Bank transfer,1,0,35,Female,Fiber optic,0,0,0,1,5727.020354852836,1,1,32.669633160573966,57.08512299308176,39,12,0,2,3500.0206291628
7,Month-to-month,57.42004683709558,0,1,Mailed check,1,0,30,Male,Fiber optic,1,0,1,0,401.9403278596691,2,2,237.34522340997592,63.497028576004396,76,28,0,2,1794.1147571348743
48,Two year,69.61529554797936,1,1,Bank transfer,1,0,33,Male,DSL,0,1,0,1,3341.534186303009,5,0,16.956536899631928,58.57836076269374,73,9,0,2,3686.0073452401625
17,Month-to-month,110.87382196524604,0,0,Electronic check,1,1,76,Female,Fiber optic,0,0,0,1,1884.8549734091825,12,2,16.050381455401144,11.155761691053758,-56,52,1,1,1549.2788590052814
9,Month-to-month,115.38154766673534,0,0,Electronic check,1,0,60,Female,Fiber optic,1,0,0,0,1038.433929000618,7,8,23.86798050230553,20.969624415955643,-19,12,1,0,3020.093812372855
20,Month-to-month,84.47713738968525,0,0,Electronic check,1,0,40,Male,DSL,1,0,1,1,1689.542747793705,5,0,10.58614474353687,22.831552007043847,-51,0,1,2,1181.118912944817
26,Two year,74.33474362784943,1,1,Mailed check,1,0,23,Male,DSL,1,0,0,1,1932.7033343240853,3,1,2.512548715534901,73.85441314966295,48,6,0,2,2429.798754304916
20,Month-to-month,80.02547617754438,0,0,Electronic check,1,1,67,Male,Fiber optic,0,1,1,0,1600.5095235508875,8,5,31.872767966508697,9.911377590001944,-10,5,1,1,2041.8888749924477
59,Two year,84.39327221994779,1,1,Credit card,1,0,31,Male,DSL,0,1,1,0,4979.20306097692,3,0,20.555213328449636,70.08314246639507,46,1,0,2,3159.01980451639
14,Month-to-month,105.6479407779763,0,0,Electronic check,1,0,29,Female,Fiber optic,0,0,0,1,1479.0711708916683,11,4,53.28831194923513,5.025234330933771,-47,25,1,1,2050.916358252066
21,Month-to-month,111.60310483770755,0,0,Electronic check,1,0,46,Male,DSL,0,1,0,0,2343.6652015918585,8,1,41.76664065546164,17.527552438777697,20,60,1,2,1779.8133689723695
71,Two year,71.62350239225421,1,1,Bank transfer,1,0,40,Male,Fiber optic,1,0,0,1,5085.268669850049,2,2,16.902165593373137,67.35075839530228,-21,7,0,1,3748.6663649839666
8,Month-to-month,39.431612321203744,0,0,Electronic check,1,0,30,Female,DSL,0,0,0,0,315.45289856962995,4,0,118.27750213160142,75.57538744809415,-10,49,0,2,535.9199650172752
2,Month-to-month,37.63290822703919,0,0,Electronic check,1,0,39,Female,Fiber optic,0,0,1,0,75.26581645407838,0,1,9.072136459497312,43.36336725914473,65,12,0,2,1395.6316910916253
28,One year,71.49009088013355,0,0,Bank transfer,1,0,53,Male,DSL,0,0,1,0,2001.7225446437394,2,0,55.60908769927695,67.16141390373822,66,18,0,2,2744.7471737450146
21,One year,70.44856269836656,0,0,Bank transfer,0,0,51,Female,Fiber optic,1,1,1,0,1479.4198166656977,1,1,1.48946152521919,78.60963875246966,9,29,0,2,2011.6857147175456
68,Two year,74.16944961779097,1,1,Bank transfer,1,0,33,Male,DSL,0,0,0,1,5043.522574009787,3,2,0.9668976221543114,55.53951478423945,36,5,0,1,4536.78770735823
29,One year,75.32084878152074,1,1,Credit card,1,0,41,Male,Fiber optic,0,0,0,0,2184.3046146641013,5,1,68.95611315287802,44.500995814026936,51,0,0,2,2666.2492869414423
31,Two year,69.65912937673785,0,1,Mailed check,1,1,66,Female,Fiber optic,0,1,0,0,2159.4330106788734,3,1,60.27556488966659,78.64477270822186,36,13,0,2,2618.55637938393
55,Two year,77.42030501888763,1,1,Bank transfer,1,0,41,Female,Fiber optic,0,1,0,0,4258.11677603882,2,2,128.94304758194733,61.8881989306247,38,2,0,2,3437.2713154600788
18,Two year,56.905090810768954,1,1,Bank transfer,0,0,61,Male,DSL,0,0,1,1,1024.291634593841,1,0,15.29009272670342,66.33522000751701,6,4,0,2,1459.3742635988776
39,Two year,72.88432016916742,1,1,Credit card,1,0,26,Female,DSL,0,0,0,1,2842.4884865975296,2,1,7.231681526709654,74.64064728259319,42,8,0,2,2776.0274207882576
22,One year,80.70963239410835,0,0,Credit card,0,0,21,Female,Fiber optic,0,0,0,0,1775.6119126703838,3,0,51.60824021256096,64.21921089174273,31,38,0,2,2269.799658100279
20,Month-to-month,80.54846448558497,0,0,Electronic check,1,0,25,Female,DSL,1,1,1,0,1610.9692897116995,9,1,18.58092907537159,18.209327624105754,26,64,0,2,1569.6381645011597
11,One year,38.487924910356796,0,0,Electronic check,0,0,36,Female,DSL,1,1,1,1,423.36717401392474,1,1,18.47968494166409,54.342314753910976,-11,22,0,1,1812.7846103756594
31,One year,83.15450292670207,0,1,Bank transfer,0,0,36,Female,No,1,1,1,0,2577.789590727764,4,1,34.87571856848683,67.8568908822682,-4,6,1,2,2021.1936451893937
6,Month-to-month,86.0332363111425,0,0,Electronic check,1,0,61,Female,DSL,0,0,1,1,516.199417866855,6,4,2.7821392285444806,10.986628426560607,-59,25,1,1,1055.4277767745914
19,One year,52.75082407884591,1,0,Credit card,1,0,56,Female,Fiber optic,1,1,0,0,1002.2656574980723,2,0,65.90557149841354,45.86871749583402,28,6,0,2,1662.7405605439521
14,One year,60.64350943475799,1,1,Mailed check,0,0,43,Male,No,0,0,0,0,849.0091320866118,3,0,60.220660682144825,47.92093848223547,24,2,0,2,1550.4361030436112
16,One year,84.80966632988007,1,0,Credit card,1,0,59,Male,Fiber optic,0,0,0,0,1356.9546612780812,2,0,11.737114191475808,59.82426599758026,60,21,0,2,2658.0080078633628
6,Month-to-month,32.702381367486325,0,1,Mailed check,1,1,70,Female,No,1,1,0,1,196.21428820491795,1,1,51.76867051063386,53.716575587236306,81,0,0,2,1962.6027240270398
8,One year,69.46453273385524,1,1,Electronic check,0,0,46,Female,Fiber optic,1,1,1,0,555.7162618708419,2,0,0.3814808945325532,79.37450946489541,-53,21,0,1,843.843630233138
34,Two year,81.43486502372423,0,0,Mailed check,0,0,32,Male,Fiber optic,1,0,1,1,2768.785410806624,3,0,35.88759230938683,69.96703561253779,46,10,0,2,2580.697878132135
67,Two year,78.4578204754925,1,1,Bank transfer,1,0,50,Female,Fiber optic,1,0,0,1,5256.6739718579975,4,0,13.830140462169188,59.83078499247597,48,9,0,2,4320.987977403294
8,Month-to-month,114.05946184471546,0,0,Electronic check,1,0,21,Male,Fiber optic,0,1,0,1,912.4756947577237,7,4,37.825398710300774,15.355239559722234,-15,115,1,0,2424.498433521676
23,Month-to-month,109.77816812511348,0,0,Electronic check,1,1,76,Male,DSL,0,0,1,0,2524.89786687761,8,5,5.313214521646571,14.15393759388197,-50,110,1,0,2726.6212861299696
9,Month-to-month,63.86709230407582,0,1,Electronic check,0,0,64,Female,Fiber optic,1,0,0,0,574.8038307366824,4,2,65.51907158930776,67.57214227466115,46,6,0,2,1909.7310109948698
15,Month-to-month,80.55279446334254,0,0,Electronic check,1,1,79,Female,No,0,0,1,0,1208.291916950138,12,3,32.331746723142786,23.43325268284991,-12,56,1,1,2678.987567072298
44,Two year,69.47137237245542,1,1,Bank transfer,1,0,42,Female,No,0,0,0,0,3056.7403843880384,1,1,20.86273333502862,62.898885236163466,-5,27,0,2,2317.094126460055
22,Month-to-month,92.27027142889175,0,0,Electronic check,1,0,41,Male,Fiber optic,0,1,0,1,2029.9459714356185,7,6,21.612614240491332,8.738279881566179,-1,77,1,0,3657.2512168970748
18,Month-to-month,89.82818583985404,0,0,Electronic check,1,0,52,Male,Fiber optic,1,0,0,0,1616.9073451173729,8,2,44.18942709705036,10.100882921985516,-65,3,1,1,1655.8718905541639
56,Two year,90.16430721264656,1,1,Credit card,1,1,69,Male,Fiber optic,0,1,1,1,5049.201203908207,3,1,50.2331304625578,54.29019121046909,51,8,0,2,3848.745786988629
42,Two year,67.95425111101184,1,1,Bank transfer,1,0,55,Female,No,0,0,0,1,2854.0785466624975,4,0,21.093628717313454,48.589595824394145,19,1,0,2,3059.4971739600674
23,Month-to-month,102.77790987086743,0,0,Electronic check,1,0,19,Female,Fiber optic,1,0,1,1,2363.891927029951,8,5,41.50593362872124,19.57870191888398,-77,57,1,0,2452.8018810310796
8,Month-to-month,75.19765325949447,1,1,Mailed check,0,0,31,Female,No,0,0,1,0,601.5812260759558,4,0,53.55735381744007,42.68712610802211,33,29,0,2,1222.4560727876756
60,Two year,89.57178940659092,1,1,Credit card,1,0,41,Male,DSL,0,0,0,1,5374.307364395456,6,0,189.14719696850017,50.896840746110186,53,3,0,2,4044.9129031095554
21,Month-to-month,108.29261520185047,0,0,Electronic check,1,0,45,Male,Fiber optic,1,0,0,0,2274.14491923886,1,3,35.82278312834483,5.088368670755271,-26,60,1,1,2062.4319742929924
17,Two year,89.86226956938997,0,0,Bank transfer,0,0,40,Female,Fiber optic,1,0,0,0,1527.6585826796295,4,0,75.89267605427952,76.23680474602449,64,19,0,2,2159.9484245583158
46,Two year,79.84665536452877,1,1,Credit card,1,0,29,Female,DSL,0,1,1,1,3672.9461467683236,2,1,5.921981709092105,48.02023378540417,-31,8,0,1,3126.895337037976
65,Two year,96.74711187974017,1,1,Bank transfer,1,0,46,Male,DSL,0,1,0,0,6288.562272183111,1,0,57.12372352820801,76.24440088912807,71,9,0,2,4367.630524295931
60,Two year,85.84360493850032,1,1,Bank transfer,1,0,62,Male,DSL,0,1,0,0,5150.61629631002,2,1,77.87872832784619,44.723662614226285,40,1,0,2,3555.381586291766
12,Month-to-month,112.51813938289251,0,0,Electronic check,1,0,43,Female,Fiber optic,1,1,0,0,1350.2176725947102,8,5,0.48135680329304564,24.88421645950229,3,84,1,0,2943.9696778487096
6,One year,57.03054971623645,1,1,Electronic check,1,0,18,Female,DSL,0,0,0,0,342.1832982974187,1,0,32.932446022107925,54.42111555637038,47,14,0,2,1787.0027313833275
19,One year,64.16263447174335,0,0,Mailed check,0,0,21,Male,No,0,0,1,1,1219.0900549631235,2,0,31.016037790379375,67.45882799252098,49,18,0,2,2550.4080179932253
34,Two year,75.2599642669399,0,0,Mailed check,0,0,43,Male,DSL,0,1,0,0,2558.838785075957,2,1,6.375111329181121,53.706443649299224,35,29,0,2,2732.302391036577
12,Month-to-month,75.51673869126014,0,0,Electronic check,1,0,60,Female,No,0,1,0,0,906.2008642951217,7,2,13.353038322173461,10.895256704121671,-30,53,1,1,1114.0731244214842
20,Two year,59.465741915276055,0,1,Bank transfer,1,0,50,Male,Fiber optic,1,0,1,0,1189.314838305521,0,2,0.5260518781272874,76.23433901097414,16,8,0,1,2044.6507500298408
11,Month-to-month,58.3403052505233,0,0,Electronic check,0,0,64,Female,Fiber optic,0,0,1,1,641.7433577557563,3,0,26.609787399879444,45.990149831876614,78,16,0,2,2514.433644259981
50,Two year,90.29927539157669,1,1,Credit card,1,0,19,Male,Fiber optic,0,0,0,0,4514.963769578834,1,0,116.4116739430814,53.03050857369328,21,22,0,2,3078.8778908669788
2,Month-to-month,46.468903351710885,1,1,Electronic check,1,0,23,Female,DSL,1,0,0,0,92.93780670342177,1,0,15.737547057108891,54.35195836217182,42,3,0,2,1060.8789615245287
33,One year,75.40204280809957,0,1,Mailed check,1,0,54,Female,DSL,1,0,0,1,2488.2674126672855,2,1,24.58850049630921,76.98704140925447,62,13,0,2,2664.8784376682684
19,Month-to-month,83.50012405605976,0,0,Electronic check,1,0,23,Male,DSL,1,0,0,0,1586.5023570651354,8,1,9.210062100171266,25.465955333736485,15,23,1,2,2182.7424705856674
28,Two year,69.75155081025633,1,1,Bank transfer,1,0,57,Female,Fiber optic,0,0,0,1,1953.0434226871773,2,1,20.909803508197285,45.228002417039235,67,0,1,2,2772.852927037376
2,Month-to-month,37.647159323771305,0,1,Electronic check,1,0,39,Male,Fiber optic,0,0,0,0,75.29431864754261,1,0,41.190428847186645,67.69086640960296,14,3,0,2,1028.8235779130164
16,One year,77.48353888414817,0,0,Mailed check,1,0,61,Female,Fiber optic,1,0,1,0,1239.7366221463708,2,0,24.088354779570572,53.78724563377395,30,3,0,2,2165.1370164793234
36,Two year,82.3875377935176,1,1,Credit card,1,0,63,Female,Fiber optic,1,1,0,0,2965.9513605666334,0,1,22.988286975043593,75.38013291270181,28,4,0,2,2448.8315267188073
28,One year,64.47110137754936,1,1,Mailed check,0,1,78,Male,Fiber optic,1,1,0,0,1805.190838571382,1,1,38.38776471639983,72.10329539083239,-3,2,0,2,1716.4451212900594
20,Month-to-month,107.55164807688043,0,0,Electronic check,1,0,37,Female,Fiber optic,0,0,0,0,2151.0329615376086,11,2,24.982162136089954,11.977669612189779,-10,31,1,1,2503.7223108489343
8,One year,65.2455566365668,1,0,Electronic check,0,0,59,Female,Fiber optic,0,0,0,1,521.9644530925344,2,0,80.49480505631232,78.59115676039576,-10,2,1,2,1357.8748932123497
16,Two year,89.42664092098028,0,1,Credit card,0,0,43,Female,Fiber optic,0,1,0,1,1430.8262547356844,1,1,2.2869117784552757,73.99189520163257,8,2,0,2,1642.966658795625
10,Month-to-month,75.68637470032297,1,1,Electronic check,0,0,49,Male,Fiber optic,1,0,1,0,756.8637470032297,5,2,4.59757346379353,46.0784366661679,83,6,0,2,2377.6392344463384
7,Month-to-month,48.81559084774988,0,0,Mailed check,0,0,50,Female,Fiber optic,0,1,1,1,341.70913593424916,3,1,30.785276680881285,56.77581826629179,100,25,0,2,2779.2670914317914
16,Month-to-month,86.56965438482581,0,0,Electronic check,1,0,27,Male,Fiber optic,0,1,0,0,1385.114470157213,6,5,25.499737621048695,5.330132686962409,-40,16,1,1,1585.6432782208844
14,One year,80.91379776938675,1,0,Credit card,0,1,70,Female,No,1,0,0,0,1132.7931687714145,4,2,58.065790949361684,41.51689451564597,-6,19,1,1,2073.755415255915
6,Month-to-month,53.45887480463858,0,0,Electronic check,0,0,22,Female,DSL,0,0,1,0,320.7532488278315,1,0,0.33081489982197176,69.69146140191583,100,7,0,2,2051.4272213360255
68,Two year,66.7632428142397,1,1,Bank transfer,1,0,23,Female,Fiber optic,0,0,1,0,4539.9005113683,5,0,6.2618891084435075,73.94278868752922,28,22,0,2,4199.887406332543
16,Month-to-month,91.82436746538535,0,0,Electronic check,1,0,47,Male,DSL,0,0,1,0,1469.1898794461656,8,6,12.388764496398947,27.609913440047723,-19,36,1,0,3289.2235489716577
46,Two year,85.04704686372553,1,1,Credit card,1,0,55,Male,No,0,0,1,0,3912.164155731374,2,0,43.08718357364869,74.16631527707284,33,3,0,2,2823.653040477715
28,Two year,81.39092812569537,0,1,Mailed check,0,0,56,Female,Fiber optic,0,0,0,0,2278.9459875194702,3,0,25.736779508528578,48.483309822486746,-20,2,1,2,1230.052574634586
58,Two year,60.91575299904481,1,1,Bank transfer,1,0,53,Female,DSL,1,0,1,1,3533.113673944599,4,0,11.848190472595723,79.74538172615704,45,0,0,2,3890.0347254576
22,Month-to-month,73.84247309306171,0,0,Electronic check,1,1,68,Female,No,1,1,1,0,1624.5344080473576,9,6,18.770783536579316,16.124857758932777,-55,1,1,0,2987.8445105406804
23,Month-to-month,102.21440782638894,0,0,Electronic check,1,0,33,Male,DSL,0,0,0,0,2350.9313800069453,6,4,14.932838223497676,22.71482347583444,-100,78,1,0,1861.5790876735891
50,Two year,96.24263542745462,1,1,Credit card,1,0,63,Male,DSL,0,0,0,0,4812.131771372731,4,1,21.34225409801063,70.12464022840096,63,9,0,2,3620.845373779611
55,Two year,93.16070930181965,1,1,Bank transfer,1,0,46,Female,No,1,1,1,0,5123.839011600081,1,0,19.786196951223985,55.632431698928855,65,6,0,2,4386.348645323489
21,Month-to-month,107.19310724429992,0,0,Electronic check,1,1,73,Male,No,1,0,0,1,2251.0552521302984,7,5,29.906064766464134,20.475847261589735,-17,46,1,0,3417.757669636429
9,Month-to-month,39.453882688917446,0,1,Electronic check,1,0,47,Female,Fiber optic,0,1,1,1,355.08494420025704,1,1,39.45531039717248,55.59818498978824,37,20,0,2,1033.3941380099616
9,One year,47.97715722600017,1,0,Electronic check,1,0,40,Female,Fiber optic,1,0,0,0,431.79441503400153,4,0,1.8457401206385642,43.096553026983926,25,5,0,2,1505.9522881249225
20,Month-to-month,105.94389901970675,0,0,Electronic check,1,0,38,Male,No,1,0,0,1,2118.877980394135,10,2,4.875111210444004,26.598225790256613,-19,34,1,1,2805.9236973977527
10,Month-to-month,94.92931436956061,0,0,Electronic check,1,0,51,Male,DSL,0,0,0,0,949.2931436956062,7,4,17.595996737603976,21.885101285376507,-15,20,1,1,1965.688764076972
20,Two year,88.11218342255762,1,0,Bank transfer,1,0,42,Female,DSL,1,0,0,0,1762.2436684511524,1,1,50.95026674764069,68.59855470926382,31,30,0,2,1864.0408679912714
7,Month-to-month,72.72843320163204,0,0,Mailed check,1,0,28,Female,No,0,0,0,0,509.09903241142433,2,0,68.12973376265576,70.81263376921652,80,3,0,2,1759.4040867828076
32,One year,64.61357054442801,1,0,Mailed check,1,0,61,Female,Fiber optic,0,1,1,0,2067.6342574216965,0,2,20.70415513718405,48.90121567549144,39,1,0,2,2756.889332196137
17,One year,88.12271145081833,0,1,Bank transfer,0,0,54,Male,Fiber optic,1,1,1,0,1498.0860946639116,5,0,64.16215762553061,57.3667727082695,35,37,0,2,2151.529062908604
10,Month-to-month,34.97481130903191,0,0,Mailed check,0,0,56,Male,DSL,1,0,0,1,349.74811309031907,1,0,12.243960208376029,48.52144184121329,90,22,0,2,2367.7651495231903
5,One year,58.14151186073015,1,0,Electronic check,1,0,42,Male,Fiber optic,0,0,0,0,290.7075593036507,2,1,23.72869277649701,49.243310533205786,5,25,0,2,1036.1678207650498
11,Month-to-month,34.78770993316788,0,1,Mailed check,1,0,56,Male,No,0,0,0,0,382.6648092648467,1,0,44.00887323414618,43.40260969843361,5,1,0,2,906.6790791634178
19,Month-to-month,80.11075437294866,0,0,Electronic check,1,0,48,Female,Fiber optic,1,0,0,1,1522.1043330860246,8,6,1.9185945798894941,14.790408850841448,29,82,1,0,3764.0101292587005
29,Two year,70.64247289443908,0,1,Credit card,0,0,63,Female,Fiber optic,0,0,0,1,2048.6317139387334,1,0,25.75338424238797,59.08975358808349,29,25,0,2,2138.6503478606137
14,Month-to-month,101.2748418558352,0,0,Electronic check,1,0,47,Male,No,1,1,0,1,1417.8477859816928,7,2,21.247209092544367,13.450932381577308,-18,50,1,1,2147.732754958252
3,Month-to-month,62.36111416989277,1,1,Mailed check,1,0,44,Male,Fiber optic,0,0,1,1,187.08334250967832,0,0,10.088054993327376,56.09972038905491,82,88,0,2,2252.6203750610316
14,Month-to-month,116.35060564625402,0,0,Electronic check,1,0,55,Male,No,0,1,1,1,1628.9084790475563,12,1,6.783302729444048,12.045056580712899,27,37,1,2,2177.206088012107
17,Two year,78.37511721239557,0,0,Bank transfer,1,0,48,Female,No,1,0,0,0,1332.3769926107245,2,0,2.12080955182447,65.31026115202954,-26,21,0,1,1808.1129096632542
30,One year,79.21745177414765,1,1,Bank transfer,1,1,77,Female,No,0,1,0,1,2376.5235532244296,0,0,99.3688459693563,47.4783423759398,74,10,0,2,3780.1258594105784
22,Month-to-month,84.55394406878231,0,0,Electronic check,1,0,55,Female,Fiber optic,1,1,0,1,1860.186769513211,15,4,9.355333882554337,29.204569336092764,-54,37,1,0,2887.471223764928
7,Month-to-month,42.39662249029036,1,0,Electronic check,1,0,27,Female,Fiber optic,1,0,0,0,296.7763574320325,3,0,111.2523626295837,46.20143096794936,1,3,0,2,445.42578837257605
10,Month-to-month,108.96025573694416,0,0,Electronic check,1,0,25,Female,DSL,1,1,1,1,1089.6025573694417,9,3,10.24592921081754,24.503313778829497,29,6,1,1,2254.6434752749883
3,Month-to-month,45.238045639866286,1,0,Electronic check,0,0,23,Female,DSL,0,0,1,0,135.71413691959884,0,0,14.756204969638521,69.06070159589521,9,3,0,2,887.0300356800036
34,One year,64.73040952920321,0,1,Credit card,0,0,28,Female,No,0,0,0,0,2200.833923992909,3,1,17.04519764620116,73.02639563140202,26,59,0,1,3505.929542618952
13,Month-to-month,81.57183152317123,0,0,Electronic check,1,0,49,Female,No,1,0,0,0,1060.4338098012258,6,1,4.500264209066849,17.09415433227325,2,78,1,1,2184.7528519779166
10,Month-to-month,62.11048185013487,1,1,Electronic check,0,0,61,Male,Fiber optic,1,0,0,0,621.1048185013486,3,0,14.017706721974328,43.919436541791626,8,9,0,2,1655.3066428878979
52,Two year,66.67540471419484,1,1,Bank transfer,1,0,39,Male,No,0,0,0,1,3467.1210451381316,1,3,13.450360036975775,66.49089766031238,44,7,0,1,4657.799251139259
38,Two year,91.25395362457624,1,1,Bank transfer,1,0,27,Female,No,0,1,1,1,3467.650237733897,3,2,31.207764050733534,49.24452692666367,81,0,0,2,3373.2142119337987
12,Two year,70.30639985804925,0,1,Bank transfer,1,0,24,Male,DSL,0,0,0,1,843.676798296591,3,0,305.39195923606513,61.801427544649506,62,26,0,2,2501.365108343374
13,Month-to-month,80.31933711240904,0,0,Electronic check,1,0,18,Male,DSL,0,0,0,0,1044.1513824613176,11,7,3.399545871624772,26.373779822190176,-20,82,1,0,2960.4629082562733
24,One year,58.68576631359675,1,0,Bank transfer,1,1,65,Male,Fiber optic,0,1,0,0,1408.458391526322,1,1,4.999991812175171,68.73596091423855,75,1,0,2,2870.7652602104267
7,Month-to-month,107.78570668005423,0,0,Electronic check,1,0,36,Female,Fiber optic,1,0,0,0,754.4999467603797,9,2,0.12978974021163053,26.67286187663088,3,23,1,1,2326.3960165545627
45,Two year,93.92191164523088,1,1,Credit card,1,0,29,Female,DSL,1,0,1,1,4226.486024035389,1,0,90.55658187532897,48.687705988990686,100,11,0,2,4147.615438798769
9,Month-to-month,99.76866832744467,0,0,Electronic check,1,0,19,Female,No,0,1,0,1,897.918014947002,4,5,12.454422718701572,20.659999011110216,-9,19,1,1,2397.430040606963
51,Two year,81.76066316731007,1,1,Bank transfer,1,0,39,Female,Fiber optic,0,0,0,0,4169.793821532814,3,0,32.13036909653042,42.33324686552844,0,0,1,2,2515.423809828538
55,Two year,79.51404788769625,1,1,Bank transfer,1,0,63,Female,No,1,0,1,0,4373.272633823294,1,0,4.714877547569376,46.80178032251264,30,11,0,2,3214.083681864932
4,Month-to-month,64.53076561933182,0,0,Electronic check,0,0,61,Male,No,0,1,0,1,258.12306247732727,4,0,95.41437822819886,47.47134801709491,56,9,0,2,1868.676633194343
38,Two year,85.51508370654535,1,1,Bank transfer,1,0,54,Female,Fiber optic,0,1,0,0,3249.5731808487235,1,1,65.50838196790339,70.67172844774865,46,35,0,2,2642.191613000308
9,One year,73.54837999312713,0,0,Electronic check,1,0,50,Female,No,0,0,0,1,661.9354199381442,0,0,97.72605457282246,79.17578179147047,24,48,0,2,1916.121410151701
38,Two year,77.64894854621306,1,1,Bank transfer,1,1,73,Female,DSL,1,0,0,1,2950.6600447560963,1,0,71.9434120592034,43.207700778977866,0,7,0,2,2102.445372995324
18,Month-to-month,87.12499965040686,0,0,Electronic check,1,0,21,Male,DSL,0,1,0,1,1568.2499937073235,9,6,46.31496110583306,7.3891336243251455,2,27,1,1,2273.048115892767
50,Two year,97.6350142535226,1,1,Bank transfer,1,0,50,Female,No,1,0,0,0,4881.75071267613,0,1,17.936774894926906,42.06864297050722,16,6,0,2,3350.1460872600624
71,Two year,73.74652770436413,1,1,Credit card,1,0,24,Male,No,0,1,0,1,5236.003467009853,0,1,40.80178061228027,68.30647453458174,24,22,0,2,3969.249357945492
18,One year,72.22891476499566,0,0,Mailed check,0,1,73,Male,Fiber optic,0,0,0,0,1300.120465769922,0,1,80.57181282596403,63.72741035921272,46,3,0,2,2161.5936845000415
22,Month-to-month,111.81549375078359,0,0,Electronic check,1,0,51,Male,DSL,0,1,0,0,2459.940862517239,9,1,0.2808293660295885,29.532314386698893,-57,95,1,1,1420.2438109454893
41,Two year,66.68528045884885,1,1,Bank transfer,1,0,57,Male,Fiber optic,0,0,1,0,2734.096498812803,3,0,69.31498953788847,56.658595734282166,-15,6,0,2,2580.5108523400295
48,Two year,83.08740946846993,1,1,Bank transfer,1,0,53,Male,Fiber optic,0,0,1,1,3988.1956544865566,1,1,28.27250183072756,60.38241189674547,9,2,0,2,3066.0339584208973
18,One year,89.55087922780508,1,1,Mailed check,0,1,77,Female,DSL,0,0,1,1,1611.9158261004916,2,0,22.218272417441394,69.60879090128873,10,35,0,2,1467.6657578270942
29,Two year,88.6329769776653,1,1,Credit card,1,0,38,Female,No,0,0,0,0,2570.3563323522935,3,0,27.600355466222464,59.03724775881604,52,17,0,2,3072.365702879801
52,Two year,69.02165319702931,1,1,Bank transfer,1,1,76,Female,DSL,1,1,0,0,3589.125966245524,1,0,100.05836678043951,60.24504747686532,32,8,0,2,2718.9024060004404
22,One year,61.01379400553776,0,1,Credit card,0,0,27,Female,Fiber optic,0,1,1,0,1342.3034681218307,2,1,73.31062480353985,49.97541026432141,100,1,0,2,3013.9575927229475
19,Two year,60.421800564389514,1,0,Mailed check,0,0,51,Female,Fiber optic,0,0,1,0,1148.0142107234008,2,0,21.37468921400399,64.42358222116181,60,20,0,2,2296.7915171780874
32,Two year,53.66368136577875,1,1,Credit card,0,0,28,Female,DSL,0,0,1,1,1717.23780370492,3,1,9.390655501667403,46.40461517823211,4,11,1,1,2689.360363189005
56,Two year,70.26776913240184,1,1,Bank transfer,1,0,58,Male,Fiber optic,1,1,0,0,3934.995071414503,1,1,110.7285928323929,49.5353441087678,60,15,0,2,3388.595156173739
58,Two year,77.99368831890237,1,1,Bank transfer,1,0,46,Female,Fiber optic,0,1,1,0,4523.633922496338,3,0,21.589704623171702,45.73060179085286,14,7,0,2,3270.115449859951
54,Two year,89.4140119466301,1,1,Credit card,1,1,73,Female,DSL,0,0,0,1,4828.356645118025,2,2,147.9418276940739,74.77322578045754,34,8,0,2,2918.2235903706123
11,Month-to-month,87.42528999157955,0,0,Electronic check,1,0,19,Female,Fiber optic,0,0,1,1,961.678189907375,5,3,9.246879789598669,5.0775359484074585,-28,41,0,1,1839.5825341725454
16,Month-to-month,74.12022172920223,0,0,Electronic check,1,0,59,Female,DSL,1,1,1,0,1185.9235476672357,9,3,1.0899152293150625,18.98915101839887,2,9,1,1,2486.760587911313
4,Month-to-month,52.49563905427527,0,0,Mailed check,0,0,52,Female,DSL,0,0,1,0,209.9825562171011,0,0,31.325550140125415,43.012533015688376,86,8,0,2,1455.494391217782
10,One year,59.4665822473864,0,0,Electronic check,0,0,28,Male,No,0,1,0,1,594.665822473864,1,0,55.94072387341852,40.29065452666454,6,23,0,2,1444.2529110395096
31,Two year,86.07952377172624,1,1,Mailed check,1,1,79,Male,Fiber optic,0,0,0,0,2668.4652369235137,4,1,1.166433562643385,45.50542421915697,21,5,1,2,2497.350676486655
6,One year,43.39367914087204,0,0,Electronic check,1,0,28,Male,Fiber optic,0,0,1,0,260.3620748452322,5,0,76.81876676429108,73.85491985761001,16,0,0,2,829.4557131303452
70,Two year,80.89776581621858,1,1,Credit card,1,0,41,Female,Fiber optic,1,1,0,0,5662.843607135301,1,0,186.4543423456797,73.47763254764808,12,30,0,2,4181.620856397365
14,Month-to-month,118.03004050062606,0,0,Electronic check,1,0,59,Female,DSL,1,0,0,1,1652.420567008765,7,8,90.39617168352962,15.692604881403438,25,33,1,0,3588.2385116799956
69,Two year,68.68836390764842,1,1,Credit card,1,0,39,Female,DSL,0,0,1,0,4739.497109627741,4,0,119.68192138117871,43.46590945222503,66,17,0,2,4396.243399456412
34,One year,54.23516085895209,1,1,Credit card,0,0,54,Male,Fiber optic,0,0,0,1,1843.9954692043711,1,0,75.3556521636873,42.38182846019245,89,54,0,2,3329.8169944259844
10,Month-to-month,112.78122830879386,0,0,Electronic check,1,0,60,Male,Fiber optic,0,0,0,0,1127.8122830879386,6,4,15.885562512596154,19.41973132208496,-57,122,1,0,1874.7827674944585
22,One year,74.43710491152115,1,1,Credit card,0,0,19,Female,Fiber optic,0,0,0,0,1637.6163080534652,0,1,17.135441717474407,74.90485443724842,40,2,0,2,2383.9753830973386
66,Two year,75.18011613498874,1,1,Credit card,1,0,45,Male,DSL,1,0,0,1,4961.887664909256,2,1,35.999335459113055,43.24199665312475,72,35,0,2,4217.93129429898
1,One year,79.2762066627609,0,0,Electronic check,1,0,36,Female,Fiber optic,1,0,0,1,79.2762066627609,2,0,32.287613412444344,50.022446404591946,80,8,0,2,2053.5105604745163
22,Month-to-month,93.4273474895736,0,0,Electronic check,1,1,72,Female,No,0,0,0,1,2055.4016447706194,6,3,28.07925350619403,22.756105769236367,34,67,1,1,2934.557488218359
48,Two year,71.93739649447507,1,1,Credit card,1,0,20,Female,No,1,0,0,0,3452.995031734803,1,0,24.621209012704185,43.23683150174304,56,2,0,2,3663.979012868978
42,Two year,61.794142720942745,1,1,Bank transfer,1,0,32,Female,DSL,0,0,0,1,2595.353994279595,1,0,14.134809772334767,42.425153408783366,63,27,0,2,3864.1398653677747
3,Month-to-month,62.035511236361074,0,0,Electronic check,0,0,47,Female,DSL,0,1,0,1,186.10653370908324,2,0,63.72924532943424,68.55080286817481,95,1,0,2,2036.243225625215
29,One year,85.8864877931046,0,0,Credit card,1,1,70,Female,Fiber optic,0,0,0,1,2490.7081460000336,3,0,23.87622255137816,79.48535547791778,48,20,0,2,2768.678809861248
35,One year,82.084657886516,1,0,Mailed check,1,1,77,Female,DSL,1,0,0,0,2872.96302602806,3,1,76.91665499907161,44.85719688069611,41,72,0,1,4171.732140425054
3,Month-to-month,60.21903595414041,1,0,Mailed check,1,0,31,Female,Fiber optic,1,1,0,0,180.65710786242124,2,1,41.428549082898826,72.76553244944247,48,1,0,2,1558.4138007616475
33,One year,63.09905546858492,0,0,Credit card,0,0,33,Male,DSL,0,1,0,1,2082.2688304633025,2,0,116.7222376861306,52.37879857469489,22,31,0,2,2367.858954602597
16,Two year,57.68390580805411,1,1,Mailed check,0,0,62,Male,No,0,1,0,0,922.9424929288657,3,1,279.68425408672795,69.59437456239364,55,28,0,2,2280.945059812771
22,Month-to-month,97.58911141970518,0,0,Electronic check,1,0,50,Male,Fiber optic,0,0,1,1,2146.960451233514,11,6,0.07197619168560675,19.113405767551782,-42,2,1,0,2822.420355615335
38,Two year,89.11788706922972,1,1,Credit card,1,1,69,Male,Fiber optic,0,0,0,1,3386.4797086307294,4,0,41.75497139879914,70.62513575591937,100,10,0,2,3891.5161352201676
9,Month-to-month,46.75042849788479,0,1,Electronic check,0,0,57,Male,DSL,1,0,1,1,420.7538564809631,4,0,10.238782676197225,54.621240133966296,75,3,0,2,2058.5295742112894
8,Month-to-month,75.83215513469581,0,0,Mailed check,1,0,50,Female,Fiber optic,0,0,0,1,606.6572410775665,2,0,25.426199073807087,45.68688833347251,55,45,0,2,2283.4602480245608
63,Two year,66.06277486350695,1,1,Credit card,1,0,29,Female,No,0,0,1,0,4161.9548164009375,3,0,103.59133346388721,67.6932452440187,17,1,0,2,3433.978086947122
22,Month-to-month,99.13004683922497,0,0,Electronic check,1,0,51,Female,DSL,0,0,0,0,2180.861030462949,7,3,22.700590405146734,9.97261394502382,-100,12,1,1,1255.8567660267288
32,One year,84.77836411361618,0,0,Mailed check,0,1,78,Male,Fiber optic,1,0,0,0,2712.9076516357177,2,1,25.529198201641464,71.99896867189157,60,7,0,2,3409.281341307276
16,Month-to-month,104.59962610283722,0,0,Electronic check,1,0,31,Male,Fiber optic,0,0,0,0,1673.5940176453955,7,3,8.046073418732599,16.30755861335423,8,48,1,1,2769.376893081408
44,Two year,72.92044793544855,1,1,Bank transfer,1,0,33,Female,Fiber optic,0,0,1,1,3208.499709159736,1,1,37.68124564272716,53.876929073253905,-10,0,1,2,2430.9376930403387
29,One year,78.3061753247248,0,0,Mailed check,1,0,42,Male,No,1,0,0,0,2270.8790844170194,1,1,47.891460223829505,55.97453335671216,48,13,0,2,2339.581932313516
52,Two year,85.71275659200697,1,1,Credit card,1,0,47,Female,Fiber optic,0,0,0,1,4457.063342784362,1,2,128.0770838481981,71.42992505587966,56,26,0,2,4616.944984467143
10,Month-to-month,56.032767686705576,0,0,Mailed check,1,0,24,Female,Fiber optic,0,0,1,0,560.3276768670557,3,0,114.01796011883765,56.71479705636034,55,14,0,2,1874.000700561468
63,Two year,90.37377311691463,1,1,Credit card,1,0,35,Male,Fiber optic,0,1,0,0,5693.547706365622,7,1,76.98833165322523,72.13898963796231,20,0,0,2,3271.826810581341
19,Month-to-month,109.96135531457634,0,0,Electronic check,1,0,51,Female,DSL,0,1,0,0,2089.2657509769506,12,7,13.269598234853175,17.023911518379155,46,20,1,1,3433.664221510616
7,One year,50.78874004948257,0,0,Mailed check,0,1,76,Female,Fiber optic,0,0,0,0,355.521180346378,2,0,147.0612269993592,53.29909886565221,17,43,1,2,1032.4911981029704
21,Month-to-month,105.53336229714176,0,0,Electronic check,1,0,42,Female,DSL,0,1,0,0,2216.200608239977,6,1,29.751202342699955,12.39315414313111,33,55,1,2,2607.9935296524864
19,One year,73.87152920057761,0,0,Bank transfer,1,0,45,Female,Fiber optic,1,1,0,1,1403.5590548109747,3,1,3.139409163412719,72.09201975674691,29,5,0,2,2252.4773894629375
28,Two year,83.15836068842694,1,1,Credit card,0,0,19,Female,Fiber optic,1,0,1,0,2328.4340992759544,1,0,16.15809800214086,43.26714282803162,47,10,0,2,3045.067288428922
5,One year,41.00646220987633,1,0,Electronic check,0,0,40,Male,DSL,1,0,1,1,205.03231104938166,1,1,32.708660217105724,65.46854721032804,-1,6,0,2,432.7925704205128
4,Month-to-month,46.279056625950574,0,0,Mailed check,1,0,50,Male,Fiber optic,0,0,1,0,185.1162265038023,2,0,15.190599883661584,57.161413080297294,68,7,0,2,1607.3670621989756
60,Two year,80.08200853953788,1,1,Credit card,1,0,63,Male,Fiber optic,0,0,0,1,4804.920512372273,2,0,2.5720107975580273,72.34028367337392,-14,16,0,1,3838.4294396666123
5,One year,53.24273904066354,1,0,Mailed check,1,0,53,Female,DSL,1,0,0,0,266.2136952033177,0,0,121.49973488196964,62.64799581352397,63,3,0,2,2029.6987488936443
4,Month-to-month,79.3174961472081,0,0,Electronic check,1,0,62,Female,No,0,0,0,0,317.2699845888324,0,0,9.390198262976082,55.15615166125887,47,0,1,2,2093.9631301325753
63,Two year,63.61926781148203,1,1,Credit card,1,0,23,Female,No,0,0,0,0,4008.013872123368,0,1,96.2371160209714,41.02160960233659,-30,21,0,2,2707.6809990102024
15,Month-to-month,103.89990076212922,0,0,Electronic check,1,0,61,Male,No,0,0,0,0,1558.4985114319384,4,1,7.747860698779756,13.527190763868411,7,38,1,2,1851.6562249494707
16,Month-to-month,95.74912018479029,0,0,Electronic check,1,0,46,Female,Fiber optic,0,0,0,1,1531.9859229566446,8,2,8.820561517790708,5.840005042549144,19,22,1,1,2888.602711897391
12,Two year,51.605151563130235,0,1,Bank transfer,1,0,53,Female,Fiber optic,1,1,1,0,619.2618187575629,1,0,25.2833561293724,43.1215161693125,100,10,0,2,2853.9812208839962
16,Month-to-month,96.32578082608151,0,0,Electronic check,1,0,28,Female,Fiber optic,0,0,0,1,1541.2124932173042,10,3,7.107034345726719,9.658406783093866,-26,35,1,1,1975.5595984622596
68,Two year,86.98431411664865,1,1,Credit card,1,1,76,Male,Fiber optic,0,0,0,1,5914.933359932108,0,0,22.18921353876595,71.8828631224951,26,3,0,2,3966.4197091968913
5,One year,72.75547109987201,1,0,Mailed check,0,0,37,Female,DSL,1,1,1,0,363.77735549936006,3,1,39.42307838277519,40.76642328199435,28,6,0,2,957.6428207517974
68,Two year,75.99620827216624,1,1,Bank transfer,1,0,53,Female,Fiber optic,0,1,0,1,5167.742162507305,1,0,41.23336175082881,50.883475402790225,48,4,0,2,4656.528007672866
53,Two year,61.378450377,1,1,Credit card,1,1,68,Male,DSL,1,0,1,0,3253.057869981,1,0,43.76735290948632,65.8366605819595,35,16,0,2,3299.396314362864
53,Two year,81.80422113042799,1,1,Credit card,1,0,61,Male,DSL,1,1,1,1,4335.623719912684,5,0,67.89382785476438,40.339861283411366,12,7,0,2,2751.147036565542
31,Two year,73.88850776743973,1,1,Credit card,0,0,56,Male,DSL,0,1,0,0,2290.5437407906315,1,1,50.96437591023497,78.17578709044558,54,0,0,2,2519.940329885826
36,Two year,89.42022425950151,1,1,Bank transfer,1,0,49,Male,DSL,1,0,0,0,3219.1280733420544,2,0,8.936881320863975,56.427951607630476,43,8,0,2,2709.345476257259
16,Two year,52.835420232365045,1,0,Mailed check,0,0,33,Male,Fiber optic,0,1,1,1,845.3667237178407,1,0,76.12776045055577,72.81538044294084,59,8,0,2,2609.487519765273
43,Two year,70.2818906572832,1,1,Credit card,1,0,48,Male,No,1,0,0,0,3022.121298263178,2,0,16.310410290446512,60.014224156051604,-9,0,0,2,2337.2512275713675
12,Month-to-month,88.81853136491338,0,0,Electronic check,1,0,35,Female,DSL,0,0,1,0,1065.8223763789606,12,2,15.450415269454727,27.756309484138168,-37,157,1,0,2361.3032429553778
35,Two year,57.12063788886105,0,0,Mailed check,1,0,27,Female,Fiber optic,0,1,0,0,1999.2223261101367,1,0,11.286020660722427,41.95318132995753,87,22,0,2,3457.192727584127
45,Two year,83.83955368733928,1,1,Credit card,1,0,18,Male,DSL,0,0,0,1,3772.7799159302676,4,0,123.14133125848213,77.47142675712799,0,9,0,2,3025.1398027850864
11,One year,65.43383599827536,1,0,Mailed check,1,0,54,Female,Fiber optic,0,0,0,0,719.772195981029,2,0,39.73724974746565,78.23734667590256,-6,34,1,2,1004.7064638277105
30,Two year,60.09877190085118,0,0,Bank transfer,1,0,48,Female,Fiber optic,1,0,0,1,1802.9631570255356,1,0,67.57141157564915,72.7990127152799,12,7,0,2,2014.9969294380126
64,Two year,98.88101025986364,1,1,Credit card,1,0,55,Male,Fiber optic,0,0,0,0,6328.384656631273,2,0,68.6154478317668,73.38706199293897,-1,2,0,2,3594.2037165310967
8,One year,39.172894237943254,0,0,Mailed check,1,0,27,Male,Fiber optic,1,0,0,0,313.38315390354603,1,0,23.234641125614466,71.93530548471549,78,4,0,2,1912.1510513605865
1,Month-to-month,75.06296038982816,1,1,Mailed check,0,0,51,Female,No,1,0,1,0,75.06296038982816,5,2,157.74487342541713,44.87992314854298,71,9,0,2,1588.9097044564005
46,Two year,82.18629392140383,1,1,Bank transfer,1,0,43,Female,Fiber optic,0,0,1,0,3780.569520384576,0,1,9.076015849996072,75.32273621786396,-1,14,0,2,2696.6917134783453
37,Two year,99.68533265362689,1,1,Bank transfer,1,0,27,Male,DSL,1,0,1,1,3688.3573081841946,2,0,30.681081239898887,78.98891721607222,73,2,0,2,2948.353721570954
16,Month-to-month,85.9547669936494,0,0,Electronic check,1,1,65,Female,Fiber optic,0,0,1,0,1375.2762718983904,7,4,40.02796359415939,22.338532843639886,-24,31,0,1,1975.6637074750556
29,One year,70.085123831425,0,1,Credit card,0,1,66,Male,DSL,0,0,0,0,2032.4685911113247,2,0,65.07546310060727,56.64589892470509,86,4,0,2,3201.6331609446697
60,Two year,89.58685202907054,1,1,Credit card,1,1,79,Female,No,0,0,0,0,5375.2111217442325,1,1,59.860329079856285,41.17471073984789,96,17,0,2,4634.13612154716
21,Month-to-month,100.18009601106188,0,0,Electronic check,1,0,56,Female,DSL,1,1,1,1,2103.7820162322996,5,4,7.088290740623343,27.57847107726635,-7,7,1,1,2864.4215122250166
32,One year,52.138220559327934,1,1,Bank transfer,1,0,45,Male,No,0,0,1,0,1668.4230578984939,7,1,100.57805691616078,50.32815561168249,60,11,0,2,3404.4282026547994
43,Two year,68.74039337416521,1,1,Credit card,1,0,61,Female,Fiber optic,1,0,1,1,2955.836915089104,2,0,166.31215411473926,66.94358056995391,14,37,0,2,2381.232252573215
64,Two year,90.66624540801624,1,1,Bank transfer,1,0,63,Male,No,1,0,0,1,5802.639706113039,3,3,44.16101359611012,77.32888188346038,51,0,0,2,3327.418437688155
16,Month-to-month,103.0193220135672,0,0,Electronic check,1,0,42,Female,No,0,1,0,0,1648.3091522170753,9,4,30.508778321301744,5.15432024897028,3,26,1,1,2277.01648240806
3,Month-to-month,34.88093802675745,1,0,Electronic check,1,0,41,Male,DSL,1,0,0,0,104.64281408027234,2,1,29.41998998666899,75.89697852010073,100,2,0,2,1988.7649562750587
68,Two year,60.44126457049863,1,1,Credit card,1,0,45,Male,Fiber optic,1,1,0,0,4110.005990793907,3,1,8.773412480062365,64.7151294403207,56,88,0,1,5365.13444284955
14,Month-to-month,110.65434820569098,0,0,Electronic check,1,0,45,Female,Fiber optic,0,1,0,0,1549.1608748796737,2,3,9.608217931716784,23.068053772263198,0,31,1,1,3151.086143631969
7,Month-to-month,44.311215361999714,0,1,Electronic check,0,0,29,Male,Fiber optic,1,1,1,1,310.178507533998,2,0,75.9409995981356,67.31939104972113,55,7,0,2,1555.5452228183049
71,Two year,61.09681239890631,1,1,Credit card,1,0,48,Female,Fiber optic,0,1,0,0,4337.873680322348,2,0,85.07931243787314,67.68152614162922,15,60,0,2,4000.6643478285687
16,Month-to-month,109.44885939261468,0,0,Electronic check,1,0,54,Female,No,1,0,0,0,1751.1817502818349,11,4,3.9488898883633445,5.119546826211198,27,15,1,1,3373.1893458393115
32,Two year,79.23407092741866,0,0,Bank transfer,0,0,43,Female,Fiber optic,0,0,0,1,2535.490269677397,4,0,9.569154726098025,70.16932200981256,21,27,0,2,2579.4662131050795
37,Two year,93.33268285892049,1,1,Credit card,1,0,26,Female,Fiber optic,0,0,0,0,3453.309265780058,4,0,76.74349892228162,48.24253959506217,31,43,0,2,2937.5628507548463
24,Two year,76.19422668672732,1,1,Bank transfer,1,0,43,Female,Fiber optic,0,0,0,1,1828.6614404814557,1,1,29.90581984366742,49.40473757667821,52,7,0,2,2516.4926957516577
11,Month-to-month,52.17998506590936,1,0,Mailed check,1,1,67,Female,Fiber optic,1,0,1,1,573.9798357250029,3,0,36.38691971566567,58.68139530301607,79,16,1,2,2022.6771317455891
20,One year,59.5936623223032,0,1,Mailed check,0,0,41,Male,Fiber optic,1,1,1,0,1191.873246446064,1,0,11.958129442881495,56.33449666966153,70,25,0,2,1966.656637117231
21,One year,72.89892911754836,1,1,Bank transfer,1,0,21,Female,Fiber optic,0,1,1,0,1530.8775114685156,2,0,32.587786016265646,54.03139906628049,47,22,0,2,2254.4841683041677
15,One year,82.1878314015933,1,0,Credit card,0,0,61,Female,Fiber optic,0,0,0,1,1232.8174710238995,3,1,131.55414378397884,52.15893630690367,-20,9,0,2,1267.0337849151965
53,Two year,69.68924871298267,1,1,Bank transfer,1,0,46,Male,Fiber optic,0,0,1,0,3693.530181788082,1,2,103.28349563778039,45.81250137209335,38,40,0,2,3925.508668448798
4,Month-to-month,70.2945584598427,0,1,Electronic check,1,0,32,Male,Fiber optic,0,0,0,1,281.1782338393708,4,1,31.54152584020207,68.12238329446615,56,4,0,2,1689.1343205056482
30,One year,79.41829006701686,0,0,Mailed check,1,1,70,Male,Fiber optic,0,1,0,1,2382.5487020105056,3,0,560.276632146316,59.68247086232529,46,21,0,2,3012.31368530403
65,Two year,85.37358958844817,1,1,Bank transfer,1,0,21,Male,No,1,0,1,0,5549.283323249131,0,2,134.66601952725858,57.17101333688409,72,1,0,2,4496.242554306048
19,One year,73.92183289868093,1,0,Bank transfer,1,0,49,Female,No,1,0,1,0,1404.5148250749378,1,0,7.738576254864781,59.55083261152876,22,14,0,2,1712.831585757283
37,Two year,92.55065153278346,1,1,Bank transfer,1,0,58,Male,DSL,0,1,0,0,3424.374106712988,2,0,17.8319755459108,62.8829233364752,19,68,0,2,2646.7598765495877
12,One year,84.74509061918127,0,0,Credit card,0,0,60,Male,Fiber optic,0,0,1,1,1016.9410874301752,1,1,1.3181518474587959,49.581310442467114,77,17,0,2,2851.952408692794
65,Two year,71.39632086123844,1,1,Credit card,1,0,59,Female,DSL,0,0,0,0,4640.7608559804985,0,0,17.823289576109346,50.86062252060975,25,25,0,2,3607.7174920221228
18,One year,89.26206951668883,0,0,Credit card,0,0,47,Female,DSL,0,0,0,1,1606.7172513003989,2,1,74.19724946750101,76.93823994404836,12,11,0,2,1782.0330594350792
16,Month-to-month,73.47538982575966,0,0,Electronic check,1,0,60,Female,Fiber optic,1,1,0,1,1175.6062372121546,5,6,4.720991546054167,17.674073582630488,18,6,1,1,3254.9088297609596
19,Month-to-month,99.15032415022756,0,0,Electronic check,1,0,56,Female,No,0,0,0,0,1883.8561588543237,6,3,17.481209500028573,14.36433683057306,-19,8,0,1,2743.8887877561865
31,Two year,73.0853933947703,1,1,Credit card,1,0,61,Female,Fiber optic,1,1,0,1,2265.6471952378797,1,0,11.580969341618678,72.16755818324029,20,62,0,1,2951.8423092090384
35,Two year,88.54200552652219,1,1,Credit card,1,0,25,Female,DSL,1,1,0,0,3098.9701934282766,2,1,41.76071387322939,45.58740220109252,35,2,1,2,2874.0116200998923
15,Month-to-month,101.84494860827402,0,0,Electronic check,1,1,73,Male,Fiber optic,0,0,1,1,1527.6742291241103,15,4,11.145062304068452,15.863677256630364,0,38,1,1,2826.031371451323
6,Month-to-month,59.26304377549232,0,0,Electronic check,0,0,63,Female,DSL,0,0,0,0,355.5782626529539,1,0,36.62276269060168,46.423279764237805,58,4,0,2,2095.0562243494232
70,Two year,67.53396335062406,1,1,Bank transfer,1,0,31,Male,No,0,1,0,1,4727.377434543684,4,1,5.506338322899162,64.42696154918775,-30,1,0,2,2844.44138254312
5,One year,68.5661571608425,0,0,Electronic check,0,0,33,Male,DSL,0,1,0,0,342.8307858042125,2,0,35.34628329988175,77.00838688187683,14,24,0,2,1285.0782414412633
21,Month-to-month,80.79331988297443,0,0,Electronic check,1,0,22,Male,DSL,0,1,1,0,1696.659717542463,6,3,4.218070904221756,26.693729171114448,-56,32,1,1,1487.8065437665819
68,Two year,96.22099169318696,1,1,Bank transfer,1,0,24,Male,Fiber optic,0,0,1,1,6543.027435136713,0,0,212.50742686571098,50.3981095340089,73,1,0,2,4905.25191103568
31,One year,77.33706361672014,1,0,Bank transfer,0,0,51,Female,DSL,1,0,0,0,2397.4489721183245,1,0,80.43134917247369,61.03045948231811,40,6,0,2,2861.669090971151
29,Two year,83.81007183028726,1,1,Bank transfer,0,1,76,Female,Fiber optic,1,0,0,0,2430.4920830783303,2,0,107.45758773232448,71.45457633259274,29,21,0,2,2683.248614088665
37,Two year,85.46154587013417,1,1,Bank transfer,1,0,57,Male,Fiber optic,1,0,1,1,3162.0771971949644,2,2,41.79953731339225,71.34346097802784,39,17,0,2,3277.297914127643
4,Month-to-month,46.27091403413039,1,0,Electronic check,1,0,19,Male,DSL,0,1,1,1,185.08365613652157,5,1,12.330049362163352,61.18162601847357,19,0,1,1,2137.647891344484
34,Two year,56.890592574231526,0,0,Credit card,0,0,26,Male,Fiber optic,0,0,1,1,1934.2801475238718,1,0,338.27676468351297,69.10780805362208,37,21,0,2,2936.9417768868707
16,One year,58.07278432791051,1,1,Bank transfer,0,0,62,Female,Fiber optic,1,1,0,0,929.1645492465682,3,0,79.28915719931588,55.41521157607477,42,5,0,2,2230.661207355814
19,One year,85.83535348270189,0,0,Bank transfer,1,1,79,Female,Fiber optic,0,1,1,0,1630.871716171336,4,1,11.63712899993278,42.01209374545642,79,7,0,2,2864.9937457905776
1,One year,40.51860407649179,1,0,Mailed check,0,0,25,Female,Fiber optic,0,0,1,0,40.51860407649179,2,0,12.926850464597491,78.32988179127136,35,3,0,2,1233.5435801769784
21,Month-to-month,100.75255827642825,0,0,Electronic check,1,0,18,Female,DSL,1,0,0,0,2115.8037238049933,6,4,28.90752685967946,27.495247503247843,-20,132,0,0,3250.419201257703
13,Two year,81.01983006544313,1,1,Credit card,0,0,40,Female,No,0,0,1,0,1053.2577908507608,5,0,59.282071214143734,77.44613087898291,81,0,0,2,2940.5610002119024
39,Two year,89.02865852879796,1,1,Bank transfer,1,0,29,Male,Fiber optic,0,0,0,0,3472.1176826231203,3,0,113.49411792153148,54.76792261659985,15,17,0,2,3114.4065492362633
5,Month-to-month,43.70058901927737,1,0,Electronic check,0,0,23,Female,DSL,0,0,0,1,218.50294509638687,1,0,40.02121590790774,74.17074508855464,12,16,0,2,1182.146128063088
7,Month-to-month,65.7059570462458,1,0,Mailed check,1,0,38,Male,DSL,1,0,0,1,459.9416993237206,1,0,48.20545450351317,72.1919161458153,45,24,1,2,1448.4023696456534
7,Month-to-month,85.50009263911527,0,0,Electronic check,1,1,67,Male,Fiber optic,1,0,1,0,598.5006484738069,9,2,51.79946277760629,13.665045831121205,-15,59,1,1,1947.4153512330736
8,Month-to-month,62.61320029718851,0,0,Electronic check,1,0,45,Male,DSL,0,1,1,1,500.9056023775081,4,1,89.22189938517893,41.104297940556755,40,1,0,2,1249.0146195368634
17,One year,61.67178586894901,0,0,Mailed check,1,0,27,Male,DSL,1,1,1,0,1048.4203597721332,1,0,5.794570076860382,71.57502903252505,90,20,0,2,3300.1242703997395
11,Month-to-month,98.21089885166828,0,0,Electronic check,1,0,18,Female,DSL,0,0,0,1,1080.319887368351,10,2,4.839492854475504,10.887983756476373,-33,19,1,1,1825.8375197291311
24,Two year,79.06282833311175,0,0,Credit card,1,0,47,Female,Fiber optic,0,0,0,0,1897.507879994682,1,2,67.1383622600358,65.41001654695168,100,23,0,2,3449.9350763842235
11,Month-to-month,98.69137867919287,0,0,Electronic check,1,1,71,Male,Fiber optic,1,0,1,1,1085.6051654711216,4,3,1.1787539418683406,26.591310608247305,-4,246,1,0,3088.070190884302
10,Month-to-month,47.09672467873633,0,0,Electronic check,1,0,45,Male,Fiber optic,0,1,0,0,470.9672467873633,3,0,188.44536238384305,73.86005638414342,47,4,0,2,1888.1859650229665
8,Month-to-month,85.7045227616789,0,0,Electronic check,1,1,67,Female,Fiber optic,0,0,1,1,685.6361820934312,8,3,5.6263773874070875,12.951956489832451,-8,90,1,1,1547.5035282200142
20,Two year,74.22314708123047,1,0,Credit card,1,0,50,Male,No,1,0,0,0,1484.4629416246094,2,0,53.836695681121235,69.8011655272304,0,24,1,2,1967.2064371621914
69,Two year,68.11745470299608,1,1,Credit card,1,1,77,Male,DSL,0,0,0,0,4700.10437450673,3,0,136.33208920281433,53.739185651638685,50,3,0,2,4295.166412777134
65,Two year,77.69639745922677,1,1,Credit card,1,0,37,Male,Fiber optic,0,0,1,1,5050.265834849741,2,0,7.685320660314522,44.71612430123906,-4,45,0,1,3613.8862744269786
17,Month-to-month,104.04889646058818,0,0,Electronic check,1,0,25,Female,Fiber optic,0,0,0,0,1768.831239829999,13,2,54.84462580918234,13.253701623686041,12,18,1,2,2067.785847373951
28,One year,61.465474113930426,1,1,Credit card,1,0,37,Female,No,1,0,0,1,1721.0332751900519,0,0,41.886744823330524,45.94503693696684,73,0,0,2,3644.0257478571116
6,Month-to-month,49.68409429953064,1,0,Mailed check,1,0,19,Female,No,0,0,1,1,298.10456579718385,2,1,1.018698366957007,70.71908868483624,65,23,0,2,1978.914871536998
23,One year,67.01796466207267,1,1,Bank transfer,1,0,57,Female,No,1,1,1,0,1541.4131872276714,0,0,9.841957456529423,53.13505121971144,59,2,0,2,2601.7734639421797
25,Two year,83.32763217742587,0,1,Bank transfer,0,1,66,Female,DSL,0,0,0,1,2083.190804435647,4,0,11.578844780746916,54.26161282381547,68,18,0,2,3297.8949283887982
4,Month-to-month,35.89693374371167,0,0,Mailed check,1,0,56,Male,Fiber optic,1,0,0,1,143.58773497484668,0,0,42.1539828410117,68.15532045817525,33,55,0,2,1209.6474623987344
3,One year,50.721490623351826,1,1,Mailed check,1,0,56,Female,Fiber optic,1,0,0,1,152.16447187005548,4,0,14.251895846888498,75.71476883737341,50,12,1,2,1777.386933994962
13,Month-to-month,96.97132572881182,0,0,Electronic check,1,0,33,Female,Fiber optic,1,0,1,1,1260.6272344745537,10,3,4.4054409167687405,22.846831603656074,0,24,1,1,2182.7894065057067
39,Two year,64.55826538857269,1,1,Bank transfer,1,1,76,Female,Fiber optic,0,0,0,1,2517.772350154335,3,1,11.216506157298877,50.663697931532525,83,7,0,2,4390.799633213178
6,Month-to-month,63.5889635127433,0,0,Mailed check,1,1,71,Male,Fiber optic,1,1,0,0,381.5337810764598,3,2,217.10967438676906,63.53711503080599,100,56,0,2,2735.8834178963625
2,One year,31.918193067785058,1,1,Mailed check,1,0,57,Female,Fiber optic,0,1,1,1,63.836386135570116,2,1,13.52650255903587,71.46981835324338,45,18,1,2,1094.0346175118186
17,Month-to-month,105.23921467238634,0,0,Electronic check,1,1,78,Male,DSL,0,0,1,0,1789.0666494305678,5,2,18.771666474862084,6.430866826548572,21,47,1,1,2815.590029266493
10,Month-to-month,103.97770595536444,0,0,Electronic check,1,0,38,Male,DSL,0,0,1,0,1039.7770595536444,5,5,18.85531730184082,13.733463564113194,-31,54,1,0,3084.7627973382596
67,Two year,81.93998886605907,1,1,Credit card,1,0,38,Female,Fiber optic,1,1,0,0,5489.979254025958,0,0,132.67079251278034,55.885471808012596,5,0,0,2,3231.7733611453773
4,One year,67.41194030904501,0,0,Mailed check,1,0,36,Female,Fiber optic,0,0,1,1,269.64776123618003,2,2,41.26092325960261,65.40472821643431,65,3,1,2,2135.297036762346
38,Two year,68.93053542020786,1,1,Credit card,1,0,37,Female,Fiber optic,0,0,0,0,2619.360345967899,2,0,27.94389480210801,60.64302766725297,40,11,0,2,2950.2569530115666
7,Month-to-month,113.51645172770472,0,0,Electronic check,1,1,72,Male,Fiber optic,1,0,1,0,794.615162093933,7,7,8.65974755055183,29.25738975361497,-40,36,1,0,2851.8528274930395
54,Two year,71.02449354715782,1,1,Credit card,1,0,64,Male,Fiber optic,1,0,0,0,3835.322651546522,5,0,4.059244089985283,46.82345703733267,51,2,0,2,2948.9627581496006
7,Month-to-month,35.96358360198717,1,1,Mailed check,1,0,20,Female,Fiber optic,1,0,1,1,251.74508521391016,1,0,237.06783262111816,46.517207785877005,0,41,0,2,722.7055869312425
8,Month-to-month,75.66029809070861,1,0,Electronic check,0,0,47,Female,No,0,1,0,0,605.2823847256689,8,0,147.46690751721107,64.07655235607015,53,23,1,2,1959.7944895997741
20,Month-to-month,98.2692580049598,0,0,Electronic check,1,1,69,Male,DSL,0,1,0,0,1965.385160099196,6,3,41.383323642112856,14.980878442672193,-88,17,0,1,903.2629390519226
23,One year,77.73588105090138,0,0,Bank transfer,0,0,51,Female,DSL,0,0,0,0,1787.925264170732,1,0,146.9798239267362,77.5123714535371,-4,9,0,2,2029.0914785210975
59,Two year,79.65672710114227,1,1,Bank transfer,1,0,44,Male,Fiber optic,0,1,0,0,4699.7468989673935,2,3,99.99426811326582,41.9350300103542,18,8,0,2,4105.8041787075645
7,Month-to-month,108.90628306432609,0,0,Electronic check,1,0,57,Female,Fiber optic,0,0,0,1,762.3439814502826,9,3,13.305160713554613,9.421820477386504,0,67,1,1,2369.068295177068
65,Two year,74.85688007492183,1,1,Bank transfer,1,0,28,Female,Fiber optic,0,1,1,0,4865.697204869919,4,0,64.04087225564783,68.9445346780956,51,26,0,2,4113.664975589445
7,Month-to-month,113.39969666680553,0,0,Electronic check,1,0,24,Female,DSL,0,0,0,0,793.7978766676387,7,3,2.5438421390948145,26.97006806713108,13,13,1,1,2576.993012312027
4,One year,64.64005993149544,1,0,Mailed check,1,0,41,Female,DSL,1,0,0,0,258.5602397259818,2,0,7.059710484560288,70.222778508548,65,29,1,2,2180.8254541661186
66,Two year,67.38340518148132,1,1,Credit card,1,0,38,Female,DSL,0,0,0,0,4447.304741977768,4,1,3.7599888488141624,43.530985903580195,96,27,0,2,4290.366355309586
22,Month-to-month,78.46237987214472,0,0,Electronic check,1,0,35,Female,Fiber optic,1,0,1,0,1726.172357187184,4,2,1.5050516627641786,5.601323422645525,-35,17,0,1,2390.7596292762705
1,Month-to-month,78.2826587383206,0,0,Electronic check,0,0,31,Female,Fiber optic,0,0,0,1,78.2826587383206,3,0,1.1345652754830295,62.49958480489825,33,0,1,2,1226.7818092677471
27,One year,65.66940385140484,1,0,Bank transfer,1,0,34,Female,Fiber optic,0,1,1,0,1773.0739039879306,3,1,11.97684010519116,40.09048410796866,76,7,0,2,2951.875060858085
36,Two year,66.75416826710745,1,1,Bank transfer,1,0,44,Female,No,0,0,0,0,2403.150057615868,0,0,20.184668250758964,40.518315650261215,-8,2,0,1,2618.106584602823
12,One year,61.70030780116254,0,1,Mailed check,1,0,51,Female,Fiber optic,0,0,1,1,740.4036936139505,2,1,23.594442616862544,47.450431017187235,32,7,0,2,1724.5927795978578
24,One year,70.49261245026648,0,1,Bank transfer,0,0,43,Male,Fiber optic,0,0,1,1,1691.8226988063955,1,1,34.09512807447095,67.6411238020547,78,0,0,2,2692.897258011556
13,Month-to-month,89.50191388271526,0,0,Electronic check,1,0,39,Male,DSL,0,0,1,1,1163.5248804752982,15,3,19.16232450286246,18.252213707714574,-30,9,1,1,2120.389560448909
61,Two year,76.98109700785447,1,1,Bank transfer,1,0,56,Male,Fiber optic,1,0,0,0,4695.846917479123,2,0,3.5303076610385027,73.60203500528107,-15,3,0,2,3059.6325546379258
19,Month-to-month,71.89584720368167,0,0,Electronic check,1,0,45,Male,DSL,0,0,1,1,1366.0210968699516,9,4,2.9520603014381965,5.0947616673124045,0,214,1,0,3345.216808062307
1,One year,70.89520884162198,0,0,Electronic check,0,1,75,Female,Fiber optic,0,0,1,1,70.89520884162198,2,0,68.2679585000548,42.667775148167074,77,23,1,2,1721.0137037171482
19,Month-to-month,95.57597787314369,0,0,Electronic check,1,1,67,Male,Fiber optic,1,0,0,1,1815.94357958973,7,5,35.63007195365198,8.190245103379436,-55,6,1,1,1742.1665106570226
10,Month-to-month,46.98303102407213,0,0,Electronic check,0,0,25,Male,DSL,1,0,0,0,469.83031024072136,1,1,8.514161407370707,73.18042773613305,50,7,1,2,1963.77671194053
19,Month-to-month,112.7417075618668,0,0,Electronic check,1,1,69,Male,Fiber optic,1,0,0,1,2142.0924436754694,11,6,6.799536544383905,10.502708654527837,-67,58,1,0,2363.1621278935586
71,Two year,69.06921531694043,1,1,Credit card,1,0,34,Male,No,0,1,1,0,4903.91428750277,3,0,43.96317828358078,68.37625743752999,17,2,0,2,3631.758685080607
25,One year,79.76321776420241,0,1,Bank transfer,1,0,53,Female,Fiber optic,0,1,0,0,1994.0804441050602,2,0,12.641029031488378,50.897527454141624,37,18,0,2,2486.346065247567
21,Two year,71.3866701957153,1,1,Mailed check,1,0,28,Male,Fiber optic,0,0,0,0,1499.1200741100213,5,0,21.2976299060742,42.87649982329205,87,10,0,2,2992.7756573069764
6,One year,54.522720425989235,0,0,Electronic check,1,0,39,Male,Fiber optic,0,0,1,1,327.1363225559354,3,1,67.93149407684034,55.38429249143091,-11,2,0,2,1258.3073397066194
58,Two year,87.3501642230817,1,1,Bank transfer,1,0,41,Male,No,0,1,1,1,5066.309524938739,0,1,154.23833917002824,65.47934510587751,37,1,0,2,3718.1713355609018
33,One year,52.58951064305923,1,1,Bank transfer,1,0,56,Female,No,1,0,1,0,1735.4538512209544,3,2,45.324221448821554,53.56627907580316,100,1,1,2,3264.676984390408
6,Month-to-month,91.93293422035518,0,0,Electronic check,1,0,62,Male,Fiber optic,0,0,1,0,551.5976053221311,5,3,6.146695332061443,15.813701951268062,-12,13,1,1,1522.9806476087606
9,Month-to-month,71.56998149063706,0,0,Electronic check,1,0,34,Male,DSL,1,0,0,1,644.1298334157335,8,1,0.6994714205929264,25.599331927390395,-22,34,1,1,2228.951041250713
11,One year,60.20869690862959,1,0,Mailed check,0,0,24,Male,No,1,0,0,1,662.2956659949255,1,1,29.728786150558108,44.048209402440335,32,8,1,2,1677.3063635105432
10,Month-to-month,112.6175058341917,0,0,Electronic check,1,0,52,Female,DSL,0,0,0,0,1126.175058341917,9,2,29.240872562493326,17.995119150350884,22,68,1,1,3193.1258657471026
7,Month-to-month,73.42629937984941,0,0,Electronic check,1,0,56,Female,Fiber optic,0,0,1,0,513.9840956589459,8,1,3.788727805962417,17.772614750597448,-44,34,1,1,1351.9066972125247
48,Two year,70.16925534994782,1,1,Credit card,1,0,43,Male,No,1,0,1,1,3368.124256797495,1,0,37.040561360985045,69.2642827560525,95,45,0,2,3820.9859111218398
33,One year,50.80645528471577,0,0,Credit card,1,0,38,Male,Fiber optic,0,0,1,0,1676.6130243956204,3,2,20.611351054698012,42.28191921649139,70,18,0,2,3244.0588624546454
3,Month-to-month,39.60081254839744,0,0,Mailed check,1,0,62,Male,No,1,0,0,1,118.80243764519233,2,2,46.63221663019931,71.37626051449152,75,6,0,2,1417.6324424485206
21,One year,70.25586818609837,0,1,Bank transfer,1,0,54,Female,No,0,0,0,0,1475.3732319080657,1,0,70.25334122329888,79.07493403365206,26,12,0,2,2181.946657859195
16,Month-to-month,107.21404696470822,0,0,Electronic check,1,0,46,Female,No,1,0,1,0,1715.4247514353315,9,6,4.920878933049816,11.74420742072191,-3,35,1,0,2930.088670013689
30,One year,89.61304378107462,0,0,Credit card,1,1,73,Female,Fiber optic,0,0,0,1,2688.391313432239,0,0,76.06572694205244,60.19572145144371,66,2,0,2,3473.0526657378755
20,Month-to-month,114.62130887680198,0,0,Electronic check,1,1,71,Female,Fiber optic,0,0,0,0,2292.4261775360396,4,2,9.807480407215364,22.84805051621087,15,91,1,1,2442.496574279958
11,Month-to-month,108.07237910635607,0,0,Electronic check,1,0,29,Female,Fiber optic,0,1,0,1,1188.7961701699166,8,3,12.930957369453731,29.5571898302166,-56,147,1,0,1806.837177932593
3,Month-to-month,61.6924909367662,1,0,Electronic check,0,0,49,Female,No,0,0,1,0,185.0774728102986,2,0,27.423259697719406,59.5381020374396,47,7,0,2,1586.5111969773168
63,Two year,77.15547515444155,1,1,Bank transfer,1,0,56,Male,Fiber optic,0,1,1,1,4860.794934729817,2,0,2.286006544565937,74.57282835168263,30,44,0,2,3493.7983019372055
24,Two year,66.86247024467679,1,1,Credit card,0,0,34,Female,Fiber optic,1,0,0,0,1604.6992858722429,1,0,149.06974449137402,42.767516269441074,64,29,0,2,2555.6784266178956
12,Month-to-month,85.98478433331252,0,0,Electronic check,1,0,62,Female,No,0,1,1,1,1031.8174119997502,9,1,4.475537551195663,24.85154894337125,-77,48,1,1,1641.1987855516566
18,One year,69.94104496585592,1,0,Credit card,0,0,29,Male,DSL,1,0,0,0,1258.9388093854066,1,0,23.76650314134076,78.31110175146203,48,6,0,2,2441.6771766722495
24,Two year,72.93038281057133,1,1,Credit card,0,0,38,Male,DSL,1,0,0,1,1750.329187453712,2,1,13.816171694813098,57.35439079892034,-6,4,0,1,2334.555077619396
52,Two year,77.14522187881903,1,1,Bank transfer,1,0,57,Male,DSL,1,1,1,1,4011.5515376985895,3,0,6.674382899174976,51.53981521229319,2,4,0,2,2935.5560354957975
53,Two year,97.45284615876628,1,1,Credit card,1,0,24,Male,Fiber optic,0,1,0,1,5165.000846414613,3,1,103.20855964695212,66.02698324761526,23,32,0,2,3183.8684715280747
6,Month-to-month,47.51361853346638,0,0,Mailed check,1,0,26,Female,DSL,1,1,1,0,285.0817112007983,1,0,61.637184898968414,67.92830758567368,0,3,0,2,844.2714228468363
17,One year,57.98592076725336,0,0,Mailed check,0,0,51,Female,Fiber optic,0,0,0,0,985.7606530433071,3,1,111.6505938253566,48.24133199818726,7,0,0,2,899.6409667571897
50,Two year,79.03870924046623,1,1,Credit card,1,0,38,Female,Fiber optic,1,0,1,1,3951.9354620233116,2,0,163.3803345370808,60.750714582781086,59,12,0,2,3809.266087999671
10,Month-to-month,55.812391160003024,1,1,Electronic check,0,1,78,Female,Fiber optic,0,0,0,0,558.1239116000303,0,0,53.65558166696687,73.29058797561201,41,11,1,2,1904.0893342254608
23,Month-to-month,84.99957352768556,0,0,Electronic check,1,0,40,Female,No,0,0,1,0,1954.9901911367679,7,4,6.183311275546225,23.436327125760005,-16,150,1,0,3473.093528593229
3,One year,31.28712048736081,0,0,Electronic check,1,1,70,Female,DSL,0,0,0,0,93.86136146208243,2,0,72.69797788823341,52.76438749543698,62,16,0,2,863.0494767340177
8,Month-to-month,39.57448074540597,1,0,Electronic check,1,0,25,Male,DSL,0,1,1,0,316.59584596324777,1,1,38.5106359833394,58.37272463955687,23,9,1,2,716.311999614044
9,Month-to-month,33.280038247251476,0,0,Mailed check,0,0,19,Female,No,0,0,1,1,299.5203442252633,2,2,82.1777283695929,47.24001120611881,24,0,0,2,1267.8984864923016
34,One year,65.264368719309,0,1,Mailed check,0,1,72,Female,No,1,0,0,0,2218.988536456506,2,0,2.810068220303655,74.78145582174515,77,4,0,2,3215.920128115881
31,One year,66.18901245779742,0,0,Bank transfer,1,0,53,Female,Fiber optic,0,0,0,0,2051.8593861917198,1,0,107.14167369884434,46.95114954935987,40,22,0,2,2734.5747145076757
12,Month-to-month,109.99456521344085,0,0,Electronic check,1,1,72,Female,DSL,0,0,0,0,1319.9347825612901,6,7,8.740498759633152,8.43124118408433,-13,139,1,0,3307.3255083654667
3,Month-to-month,39.95411564139789,0,1,Electronic check,1,0,30,Male,Fiber optic,1,1,0,0,119.86234692419367,1,1,25.828528919118785,78.42228545954573,14,2,0,2,969.6053841137374
12,Month-to-month,89.60674145513876,0,0,Electronic check,1,0,63,Female,DSL,0,0,1,1,1075.280897461665,4,6,1.9238264870870536,15.399574855501367,-68,120,1,0,2077.568736598633
11,Month-to-month,47.61544421045892,0,0,Mailed check,1,1,69,Female,Fiber optic,0,1,0,0,523.7698863150481,2,0,29.70990983777693,76.58741766502209,46,12,0,2,1521.4133589363935
5,Month-to-month,51.83885846616599,0,0,Electronic check,1,0,51,Male,Fiber optic,0,0,1,1,259.19429233082997,7,0,18.5427769811483,44.71527439134446,69,5,0,2,2264.6105448732396
6,Month-to-month,41.66981347290635,1,0,Electronic check,1,0,35,Female,DSL,0,1,0,1,250.01888083743808,0,0,15.58096359254787,42.35003210872874,52,26,0,2,1499.359097618786
19,Month-to-month,88.25253270527654,0,0,Electronic check,1,0,34,Female,DSL,0,0,0,0,1676.798121400254,12,1,25.18894911652014,14.791248371569752,17,29,1,2,1887.6993554826188
13,Month-to-month,73.13607954506942,0,0,Electronic check,1,1,73,Male,Fiber optic,0,1,0,1,950.7690340859025,10,2,29.040183239963344,22.901964824681674,-97,109,1,0,1988.7993644361748
5,Month-to-month,42.854804469755585,1,0,Mailed check,1,0,50,Male,No,1,0,1,1,214.27402234877792,0,0,3.663593717950614,53.650926266784,70,1,0,2,2080.8669251659
42,Two year,91.66881037045385,1,1,Credit card,1,1,75,Female,DSL,0,0,0,0,3850.090035559062,4,1,16.510971018338992,59.145112276575176,56,3,0,2,3613.2140332726563
12,Two year,74.23087346489496,1,1,Bank transfer,1,0,45,Female,Fiber optic,1,0,0,1,890.7704815787395,1,1,127.4415896313204,46.48089202418119,29,12,0,2,1873.268618833087
18,Month-to-month,80.57910672852456,0,0,Electronic check,1,1,78,Female,DSL,0,0,0,0,1450.4239211134422,6,2,5.148335841713524,28.887511644596536,-75,11,1,1,1684.3151630603536
8,Month-to-month,57.170292609913204,0,1,Mailed check,1,0,27,Female,Fiber optic,1,1,0,1,457.36234087930563,0,1,135.1437681107464,74.40224270914737,-13,9,0,2,1472.0900391578352
10,One year,73.05567600307128,0,0,Mailed check,1,0,33,Female,No,0,0,1,0,730.5567600307129,0,0,17.321910409818756,68.77122148657524,59,17,1,2,1967.468654920739
18,Two year,88.77854118183328,1,1,Bank transfer,0,1,71,Male,No,1,0,1,0,1598.013741272999,1,0,23.636845358488717,70.24985201616647,14,3,0,2,2078.9705090308457
36,Two year,89.98181937875553,1,1,Bank transfer,1,0,21,Male,DSL,0,0,0,0,3239.345497635199,1,0,262.667941792607,45.011720737244175,74,14,0,2,3550.376727867729
11,Month-to-month,88.31515726311694,0,0,Electronic check,1,1,67,Male,Fiber optic,0,0,0,0,971.4667298942863,12,2,30.02002074367801,16.60684769267708,10,96,0,1,2290.9672291173797
37,Two year,98.64973642827192,1,1,Bank transfer,1,1,78,Female,Fiber optic,0,0,0,1,3650.040247846061,1,0,35.5410533259011,64.65227880555712,88,15,0,2,3682.829855155414
53,Two year,92.33101758223751,1,1,Credit card,1,0,38,Female,DSL,1,1,0,0,4893.543931858588,3,0,5.4391569369486374,42.21154054509022,-21,5,0,2,2758.760155244334
40,Two year,81.05996776615123,1,1,Bank transfer,1,0,18,Male,Fiber optic,0,0,1,0,3242.398710646049,1,1,4.020774694520013,42.49023326294789,15,17,0,2,2655.0891966958275
26,Two year,80.8552075488091,1,0,Bank transfer,1,0,42,Female,Fiber optic,1,0,1,0,2102.2353962690368,3,1,27.849919911482488,71.64058135988874,32,11,0,2,2364.5675032367335
40,Two year,99.2719477304251,1,1,Credit card,1,0,31,Female,Fiber optic,0,0,0,0,3970.877909217004,2,2,98.25595887750913,74.13151467682553,100,10,0,2,4372.084489784571
33,Two year,57.841168068140306,0,0,Bank transfer,1,0,38,Male,Fiber optic,0,1,1,1,1908.7585462486302,1,1,155.95989640090514,52.762071735799715,5,11,0,2,1805.4436920028445
43,Two year,70.95165230056426,1,1,Credit card,1,0,61,Female,No,0,1,0,1,3050.9210489242632,2,0,13.77908452763916,75.40626727060399,36,24,0,2,2876.562640396117
52,Two year,62.695382191420904,1,1,Credit card,1,0,40,Male,Fiber optic,1,0,0,0,3260.159873953887,2,0,10.319804261555943,65.2443790183778,60,3,0,2,3840.1248368937854
30,One year,57.90389539364318,1,0,Credit card,0,0,41,Male,No,0,0,0,0,1737.1168618092954,5,1,254.4560790753622,50.47546297886862,43,2,0,2,2618.074101991404
7,One year,79.29292202054688,0,0,Electronic check,1,0,28,Female,Fiber optic,0,0,0,0,555.0504541438281,3,0,219.66191885865933,63.04604428841649,43,14,0,2,2064.662360486443
7,Month-to-month,44.878535822040774,0,0,Mailed check,1,0,53,Male,Fiber optic,1,0,1,0,314.14975075428544,1,0,101.40629183182713,40.08544300338696,56,21,0,2,1497.0956934249398
9,Month-to-month,119.21906563093017,0,0,Electronic check,1,0,54,Male,No,0,0,1,0,1072.9715906783715,6,2,8.1383224755502,27.357281095855843,-17,28,0,1,1560.274284472812
5,One year,44.74655679019322,0,0,Electronic check,0,1,65,Female,Fiber optic,1,1,0,0,223.73278395096608,1,0,24.871632205092958,49.08146574940718,43,25,0,2,1784.3380493160798
43,Two year,72.56243179970929,1,1,Credit card,1,0,57,Female,No,1,0,0,1,3120.1845673874996,3,0,94.70441752903665,78.72698457242426,24,56,0,2,2243.531528144151
19,Month-to-month,107.50420374743311,0,0,Electronic check,1,0,34,Male,No,0,0,1,1,2042.579871201229,13,2,44.147912867287644,23.294161623625733,-7,35,1,1,3148.2400219379288
2,One year,49.749513527451626,0,0,Mailed check,1,0,55,Male,Fiber optic,1,0,0,0,99.49902705490325,2,0,64.09456435340859,40.1303707636675,47,6,1,2,1181.0571258504608
29,One year,83.69865628850502,0,0,Credit card,0,0,56,Female,Fiber optic,0,0,0,1,2427.2610323666454,0,1,40.7856609183341,66.35217863808525,100,30,0,2,3432.845198595019
18,Month-to-month,70.16894234042061,0,0,Electronic check,1,1,69,Female,DSL,1,0,1,1,1263.040962127571,11,0,0.6743698000941329,29.796369433588676,-14,76,1,1,1995.2950027904376
33,One year,75.68228586949627,1,1,Mailed check,0,1,74,Female,Fiber optic,0,0,0,0,2497.515433693377,1,1,31.586291892053552,54.735546687819784,40,6,0,2,2463.1842640355308
42,Two year,67.40913786189638,1,1,Bank transfer,1,0,28,Male,Fiber optic,0,1,0,1,2831.1837901996482,3,0,12.174153901978816,65.00898525672532,34,6,0,2,3375.3936580878603
15,Month-to-month,93.48241782013461,0,0,Electronic check,1,0,31,Male,Fiber optic,0,0,1,1,1402.2362673020193,7,5,10.37229566983487,6.8254556619649165,16,146,1,0,3136.222952781481
9,One year,68.61201379466382,0,0,Mailed check,1,0,18,Female,No,1,0,0,0,617.5081241519745,1,0,42.19982227149265,53.70992301754383,41,28,0,2,1444.9507433517072
21,Month-to-month,94.69874941526331,0,0,Electronic check,1,0,42,Female,Fiber optic,1,0,0,1,1988.6737377205295,4,6,12.305376874945908,23.154571135861286,-57,78,1,0,3003.873123615007
21,Two year,70.43722306376591,1,1,Mailed check,1,0,40,Female,Fiber optic,0,1,0,0,1479.181684339084,2,0,60.259541240283276,54.491619331975144,32,14,0,2,2180.2615558798093
26,Two year,60.84447047741719,1,0,Bank transfer,0,1,72,Male,DSL,0,0,0,0,1581.956232412847,1,0,65.78253509162174,52.796979001997386,46,4,0,2,2406.123006809156
68,Two year,88.97269878706645,1,1,Credit card,1,0,53,Male,DSL,0,0,1,0,6050.143517520519,3,0,35.99424439377691,41.286949196184985,98,6,0,2,4744.717221446924
50,Two year,80.50880991250513,1,1,Bank transfer,1,1,76,Male,DSL,0,0,0,1,4025.4404956252565,4,1,223.83802244493904,56.77825253021693,5,4,0,2,3423.3593403006025
10,One year,33.202176193239424,0,0,Mailed check,0,0,40,Male,DSL,0,0,1,1,332.02176193239427,3,0,91.6284655513128,43.5048941419397,98,3,0,2,2593.0142074058444
9,Month-to-month,62.971162342495816,0,1,Electronic check,1,0,50,Male,No,0,0,0,1,566.7404610824624,2,0,181.34120455702256,44.745060641955156,7,28,0,2,939.2023561849558
10,Month-to-month,40.056827129518865,1,0,Electronic check,1,0,31,Female,No,0,0,0,0,400.56827129518865,2,0,102.69191274443008,52.73338342452504,91,26,0,2,2564.389821560166
59,Two year,88.21542376448815,1,1,Bank transfer,1,0,19,Female,Fiber optic,0,1,0,0,5204.710002104801,1,1,10.043595523116027,53.538864663680314,79,5,0,2,4043.7999686762078
16,One year,63.479324897650024,1,1,Mailed check,0,0,64,Male,Fiber optic,1,0,0,0,1015.6691983624004,2,0,75.52113204105392,64.74045431530811,33,0,0,2,1538.486798733216
8,Month-to-month,43.173672284692415,0,1,Mailed check,1,0,38,Male,DSL,1,0,0,1,345.3893782775393,2,1,19.91992264260868,52.92519242380783,38,0,0,2,1769.4701177340273
54,Two year,84.65998907580334,1,1,Bank transfer,1,0,18,Male,DSL,0,1,1,0,4571.63941009338,3,0,10.714871104517576,57.42592093567552,34,0,0,2,3426.227978689692
51,Two year,91.30784162976596,1,1,Credit card,1,0,40,Female,Fiber optic,1,0,1,1,4656.699923118064,1,0,20.78170126921144,44.18250311392648,-28,2,0,2,2444.335763998771
12,Two year,84.82657910475024,0,0,Bank transfer,1,1,75,Female,DSL,0,1,1,1,1017.9189492570029,7,0,34.91736859841015,47.53590281873079,68,4,0,2,3066.3779527483166
33,One year,82.99735350563179,0,0,Bank transfer,0,0,34,Female,Fiber optic,1,1,0,1,2738.9126656858493,2,1,105.29265052323267,44.69204035970004,34,11,0,2,2963.7556466124893
33,One year,84.70835791131509,1,1,Mailed check,0,0,50,Male,DSL,1,0,1,1,2795.375811073398,1,0,55.60934527599789,54.546287168591206,31,9,0,2,2736.6477897150908
59,Two year,97.02549320101343,1,1,Bank transfer,1,0,24,Male,Fiber optic,0,0,0,0,5724.504098859792,3,2,10.21176065741971,58.95619157581497,41,0,0,1,4552.730906671289
47,Two year,64.80988906046703,1,1,Bank transfer,1,0,23,Female,DSL,0,1,1,1,3046.06478584195,2,2,19.491131040367414,45.70963998155467,1,42,0,1,3319.220610550165
47,Two year,68.94457737985245,1,1,Credit card,1,0,38,Female,DSL,1,1,1,0,3240.395136853065,1,0,22.546601514382335,76.56097434519896,49,10,0,2,3310.366844479352
40,Two year,99.65052906934532,1,1,Credit card,1,0,51,Male,No,0,0,0,1,3986.021162773813,1,0,39.730428009004676,53.261925253619566,100,2,1,2,4016.9093447106898
40,Two year,82.59937430701015,1,1,Bank transfer,1,0,45,Female,Fiber optic,0,0,0,1,3303.9749722804063,3,0,56.61233305533759,44.197484747273855,18,0,0,2,3081.810930256732
15,One year,68.55786166888052,1,0,Mailed check,0,0,58,Female,No,0,0,1,0,1028.3679250332077,1,0,18.581318133368296,61.53211354595373,7,10,1,2,1361.69147472621
29,One year,76.15671153093388,0,1,Mailed check,0,0,37,Male,No,0,0,0,0,2208.5446343970825,2,0,14.969794885969275,73.17249642078649,57,36,0,2,2986.3537174224357
14,Month-to-month,89.91282045785059,0,0,Electronic check,1,0,59,Female,Fiber optic,1,0,1,1,1258.7794864099083,9,1,43.68515172935909,24.376927635956537,-54,29,1,1,1528.309604926445
24,One year,71.42073457842868,0,0,Bank transfer,0,0,45,Female,DSL,0,1,0,1,1714.0976298822884,0,1,93.02963034819032,56.542480695270726,8,1,0,2,1387.3638862453965
42,Two year,63.69139168293029,1,1,Credit card,1,0,40,Female,Fiber optic,0,0,1,1,2675.038450683072,1,0,18.293692234042823,65.27058505180418,64,0,0,2,2937.0372078858363
3,One year,51.294657751834094,0,0,Mailed check,1,0,35,Male,Fiber optic,0,0,1,1,153.88397325550227,5,0,1.200039669713035,56.83573786171864,-23,18,0,2,398.68019484182076
28,One year,79.83204195064043,0,1,Mailed check,0,0,36,Male,DSL,0,1,1,1,2235.297174617932,2,0,35.37259122683193,51.79003221920582,43,57,1,2,2599.0774803865215
61,Two year,64.35673367386926,1,1,Credit card,1,0,35,Female,Fiber optic,1,1,0,0,3925.7607541060247,1,1,30.078937790892034,76.56253997095831,51,18,0,2,3825.427398157309
16,One year,73.51768953553058,0,0,Mailed check,0,0,46,Male,Fiber optic,0,0,0,0,1176.2830325684893,1,0,123.30818764918367,49.91615850436308,67,30,0,2,2068.631818320618
7,One year,73.44005479089101,0,0,Electronic check,0,0,36,Female,DSL,0,0,1,1,514.080383536237,0,0,82.50840737070087,54.26769003536771,79,7,0,2,2641.79983485319
12,One year,75.69307567803193,0,0,Mailed check,0,0,27,Female,DSL,0,0,0,0,908.3169081363832,2,0,42.559338183816386,79.715091158441,69,15,0,2,2312.4806670162407
8,Month-to-month,71.50163418140374,0,0,Mailed check,1,0,50,Female,DSL,0,1,0,1,572.01307345123,3,0,207.43129188880857,45.71799938630395,35,4,0,2,1518.899259330287
21,Month-to-month,84.93419919070672,0,0,Electronic check,1,1,66,Female,DSL,0,0,1,1,1783.618183004841,15,3,67.57711546274975,29.240079419510423,-54,80,1,1,1500.0101812546498
57,Two year,63.3756952217817,1,1,Credit card,1,0,35,Female,DSL,1,0,0,1,3612.4146276415568,1,0,23.456807876095688,46.24250653308073,62,17,0,2,3949.189304430148
13,Month-to-month,78.11404121570118,0,0,Electronic check,1,0,61,Male,Fiber optic,1,0,1,0,1015.4825358041153,11,3,57.37414373020907,8.265315367815738,-17,28,0,1,1893.031640123629
31,Two year,66.12302170800912,0,1,Credit card,0,0,55,Female,Fiber optic,0,1,0,0,2049.8136729482826,1,1,48.362828072234194,67.31365863739904,57,13,0,2,2683.7682704983004
3,Month-to-month,54.11781042913765,0,0,Mailed check,1,0,47,Female,No,0,0,1,0,162.35343128741295,2,0,64.09502571721931,46.44167186022993,38,18,0,2,1872.2948716687113
1,One year,42.83308449479572,1,0,Electronic check,1,0,52,Female,DSL,0,0,1,1,42.83308449479572,0,0,199.18444045637594,71.12197969179478,59,4,0,2,946.7002960041369
21,Month-to-month,111.29868347917434,0,0,Electronic check,1,0,34,Male,Fiber optic,1,1,1,0,2337.2723530626613,6,2,25.333206334842945,27.193093407183877,-51,81,1,1,1876.2355592844244
44,Two year,83.71673599327127,1,1,Credit card,1,0,55,Female,No,0,0,1,0,3683.536383703936,0,1,0.8244592923706393,59.391080689141404,84,2,0,2,4034.2435930216675
21,One year,84.38114484452225,0,0,Bank transfer,0,0,47,Female,Fiber optic,0,0,1,1,1772.0040417349674,1,1,32.82328977683998,56.05415237160913,54,4,0,2,2672.216924600758
45,Two year,98.71023508413555,1,1,Bank transfer,1,0,64,Male,Fiber optic,0,0,0,0,4441.9605787861,2,1,74.31033145176337,63.49820571406503,34,0,0,2,3641.010316708988
3,Month-to-month,39.46804378959314,0,0,Mailed check,0,1,73,Male,Fiber optic,0,0,0,0,118.40413136877942,3,1,45.49620024385401,48.50456773477812,52,45,1,2,1065.8460638438564
60,Two year,82.07961208482885,1,1,Credit card,1,0,27,Female,No,1,1,1,0,4924.776725089731,1,0,6.201924282972816,56.60796886185769,53,10,0,2,4141.92916654566
56,Two year,74.7093460322044,1,1,Credit card,1,0,57,Male,Fiber optic,1,0,0,1,4183.723377803446,0,0,26.558044369873855,55.72446160188373,11,1,0,2,3311.721260902247
9,One year,62.331056682877765,0,0,Electronic check,1,0,55,Male,DSL,0,0,1,1,560.9795101458999,1,0,93.98898619478449,52.100343533276416,34,25,0,2,1519.7739550057565
21,Month-to-month,81.98720864691292,0,0,Electronic check,1,0,23,Male,No,0,1,1,0,1721.7313815851712,9,1,16.01303250071998,24.43563484546179,-19,139,1,1,2430.460845855453
5,Month-to-month,74.86492478748693,1,0,Electronic check,1,0,23,Male,Fiber optic,0,0,0,1,374.32462393743464,1,0,98.37411238711667,69.6461503216224,47,24,1,2,1850.4781874676155
52,Two year,65.67097574108408,1,1,Credit card,1,0,56,Male,Fiber optic,0,0,0,0,3414.890738536372,4,2,198.1157759873158,43.39516100324853,13,63,0,2,3391.481816499153
5,Month-to-month,41.67902171111796,1,0,Electronic check,1,0,24,Female,DSL,0,0,0,0,208.39510855558981,0,1,118.32814897499536,78.30762940155623,74,15,0,2,2114.3636668742042
2,Month-to-month,70.81139259314001,0,0,Mailed check,0,1,71,Male,Fiber optic,0,0,0,0,141.62278518628003,1,0,160.46904983325936,60.045212638437384,53,3,0,2,1573.3127556814825
66,Two year,99.2787676178458,1,1,Bank transfer,1,1,74,Female,DSL,0,0,0,0,6552.398662777823,5,1,3.571988262035251,52.04193730128309,27,4,0,2,3812.04136052963
11,Month-to-month,54.31958140444469,0,0,Mailed check,1,0,48,Female,Fiber optic,1,0,0,1,597.5153954488916,4,0,74.59683167917757,47.97451418189966,69,37,0,2,2470.0914891839425
7,Month-to-month,93.41504737999792,0,0,Electronic check,1,0,31,Female,DSL,1,0,0,0,653.9053316599854,8,1,14.778425375204423,29.137398811448726,38,61,0,1,2396.7384437317364
66,Two year,91.20852253720409,1,1,Credit card,1,0,63,Female,DSL,0,1,0,0,6019.762487455469,1,0,39.750433654402215,60.11852253482086,38,2,0,2,3522.46128769546
24,Two year,89.41901596017729,1,0,Bank transfer,1,0,48,Female,Fiber optic,0,0,1,0,2146.056383044255,3,0,44.80111017132797,49.186707775557366,39,6,0,2,2625.7536899385996
6,Month-to-month,80.52311085710016,0,0,Electronic check,1,0,60,Male,Fiber optic,1,0,1,0,483.138665142601,5,3,7.380998303629464,24.346471876718635,-40,55,1,1,1430.1419009402557
13,Month-to-month,77.88180179164902,0,0,Electronic check,1,0,48,Male,No,0,1,1,0,1012.4634232914373,9,5,4.728374546082632,14.828751852913989,-25,3,1,1,2155.9788607933874
1,One year,33.96248030649644,0,0,Mailed check,1,0,37,Male,Fiber optic,0,0,1,0,33.96248030649644,2,1,150.26677954732875,58.47692868991733,78,8,0,2,1767.5185695945656
51,Two year,83.33066071252182,1,1,Credit card,1,0,18,Male,Fiber optic,0,1,0,0,4249.8636963386125,3,0,8.564645249541194,49.806677980363105,100,9,0,2,4886.668837745498
1,Month-to-month,46.33109528740044,1,0,Mailed check,0,0,57,Male,Fiber optic,1,0,0,0,46.33109528740044,1,0,135.86434242118503,77.93575809170153,54,1,0,2,1373.3068922197533
24,One year,84.74302528149815,1,0,Mailed check,1,0,58,Male,Fiber optic,0,1,0,1,2033.8326067559556,3,0,140.96880873073988,59.41360430233749,53,33,0,2,2514.491344232443
6,Month-to-month,77.79301837935385,0,0,Electronic check,1,0,21,Female,Fiber optic,0,0,0,0,466.75811027612315,6,4,8.286205391793814,5.188384868482949,-34,75,1,0,2687.63996958878
3,Month-to-month,44.09684421708792,0,1,Electronic check,1,0,53,Female,Fiber optic,1,0,0,1,132.29053265126376,2,0,16.28200769622892,60.55948741733024,0,31,0,2,452.32601176334754
42,Two year,88.70543143634518,1,1,Bank transfer,1,1,76,Female,DSL,1,0,0,0,3725.6281203264975,1,3,75.6357426636077,64.03866020215779,78,0,0,2,4485.185368896287
8,Month-to-month,79.4608341710293,1,0,Mailed check,0,0,63,Female,No,0,0,1,1,635.6866733682344,2,1,32.81597334284092,59.876730869609275,99,3,0,2,2615.579922959087
38,Two year,75.59489411766177,1,1,Credit card,1,1,78,Male,Fiber optic,0,1,1,0,2872.605976471147,2,1,59.90997247497087,41.112179492659806,-2,35,0,2,1766.2359900615725
8,Month-to-month,66.02932096853186,1,0,Mailed check,0,0,37,Male,DSL,1,1,1,0,528.2345677482549,2,0,0.9077101302248797,43.120723363961545,49,1,0,2,1900.6040085520763
5,Month-to-month,77.23750401051059,0,0,Mailed check,0,0,47,Female,Fiber optic,0,1,1,0,386.18752005255294,4,0,73.62860521624278,46.862936180512875,67,30,1,2,2283.2959663029887
11,Month-to-month,72.07198799781224,0,0,Electronic check,0,0,52,Female,Fiber optic,0,0,0,0,792.7918679759347,0,0,106.3235975300407,57.596359644133486,62,26,0,2,2454.2967868098635
54,Two year,65.20191130044554,1,1,Credit card,1,0,22,Female,DSL,0,0,0,0,3520.9032102240594,3,0,32.19522065536942,64.85663587536436,40,2,0,2,3602.713285865587
42,Two year,91.29939698255751,1,1,Bank transfer,1,0,63,Female,DSL,0,0,0,0,3834.5746732674156,1,2,30.51848011456925,63.51550211159041,44,36,0,2,2771.417328305127
8,Month-to-month,90.9127776628024,0,0,Electronic check,1,1,69,Male,DSL,0,0,0,0,727.3022213024192,5,3,21.388025294991067,22.928031326897,-16,319,1,0,2490.066421468364
15,One year,74.54237219246056,1,1,Mailed check,1,0,34,Female,Fiber optic,1,0,1,1,1118.1355828869084,5,2,62.91592513540264,64.137008464203,1,24,0,2,907.2225064491224
15,One year,68.20741512137533,0,1,Mailed check,1,1,78,Female,DSL,1,0,1,0,1023.11122682063,2,0,20.925393951006605,40.35702308067706,49,41,0,2,2291.540882277335
15,Month-to-month,93.16148187045144,0,0,Electronic check,1,0,30,Male,No,1,0,1,0,1397.4222280567715,8,1,0.6740297186567192,14.31574571570877,-49,9,1,1,1645.31128744151
29,One year,64.22593731326788,1,0,Mailed check,0,0,50,Female,Fiber optic,1,0,0,0,1862.5521820847684,2,1,70.04519435789904,58.7115681786902,13,0,0,1,2784.966412249359
65,Two year,81.14312438888788,1,1,Bank transfer,1,1,72,Female,Fiber optic,1,0,0,1,5274.303085277713,1,1,93.20098634671258,52.8904935361558,-12,1,0,2,3463.1031318662363
10,One year,70.80167511510342,1,1,Mailed check,0,0,51,Male,No,0,0,0,0,708.0167511510342,2,0,165.02932923626238,76.34994107152458,28,2,0,2,1392.9976151691073
2,One year,73.3677319557679,1,0,Electronic check,1,0,58,Male,No,0,1,1,0,146.7354639115358,3,0,322.28767408833164,52.860227598596396,0,43,0,2,580.4152317051389
46,Two year,61.335344071455246,1,1,Credit card,1,0,34,Male,DSL,1,1,0,1,2821.4258272869415,0,0,27.643215045341982,59.422903625068194,18,20,0,2,3233.9126828911494
6,Month-to-month,49.518822302347694,0,0,Electronic check,1,0,59,Female,DSL,1,0,0,0,297.11293381408615,1,0,89.00777457215733,68.49001343446747,39,2,0,2,2073.9161574655136
46,Two year,86.02046591166862,1,1,Bank transfer,1,1,67,Male,No,0,0,0,1,3956.9414319367565,0,1,115.20147749273923,69.11436378057047,100,3,0,2,3743.250518416444
7,Month-to-month,82.87893912489997,0,0,Electronic check,1,0,44,Male,Fiber optic,0,1,0,0,580.1525738742998,8,3,8.999890977696824,17.855113410422106,46,18,1,1,2620.51437033471
23,Month-to-month,107.39461270130417,0,0,Electronic check,1,0,44,Male,DSL,1,1,0,0,2470.0760921299957,9,3,43.92337944403152,29.61224365981228,-50,20,1,1,2244.550901847583
8,Month-to-month,107.98558301694837,0,0,Electronic check,1,1,66,Female,Fiber optic,1,0,0,0,863.884664135587,6,5,47.837431462678296,17.546474224779004,-11,3,1,1,2264.1202149671517
28,Two year,68.13414151656781,0,1,Bank transfer,1,0,19,Female,DSL,1,0,1,1,1907.7559624638986,3,1,68.22394880257085,57.01451897983084,5,40,0,1,3212.939565024072
58,Two year,76.48523721051086,1,1,Credit card,1,0,62,Male,No,0,1,1,0,4436.14375820963,2,0,9.65232358312011,54.40634094545318,45,26,0,2,3985.8783682656203
17,Month-to-month,116.86310223889203,0,0,Electronic check,1,0,36,Male,Fiber optic,0,0,0,0,1986.6727380611644,7,4,68.00044875283488,23.580975532017398,-3,10,0,1,2675.335873058605
17,Two year,80.0351110605796,1,0,Bank transfer,0,0,34,Male,Fiber optic,1,0,0,1,1360.596888029853,3,1,74.4270873103417,64.93131330008305,100,32,0,2,2806.4836725606856
64,Two year,60.720003557808596,1,1,Bank transfer,1,0,47,Male,DSL,0,0,0,1,3886.08022769975,4,0,18.384266550117047,69.10696873490842,39,0,0,2,4453.434049556193
